channel_name,subscriber_count
BLACKPINK,99000000
HYBE LABELS,78700000
BILLIE EILISH,82300
Shemaroo,60400000
JuegaGerman,54200000
LooLoo Kids - Nursery Rhymes and Children's Songs,61000000
Tips Official,79100000
MrBeast,443000000
El Reino Infantil,70200000
Justin Bieber,76300000
SET India,187000000
Wave Music,67700000
Colors TV,81300000
Sony Music India,68300000
Ed Sheeran,58500000
Zee TV,95100000
ChuChu TV Nursery Rhymes & Kids Songs,subscriber_count
Ariana Grande,110751327.5
5-Minute Crafts,112164113.8
Aaj Tak,113576900.1
Billion Surprise Toys,114989686.5
EminemMusic,116402472.8
Movieclips,117815259.1
Vlad and Niki,119228045.4
Sony SAB,120640831.8
Infobells - Hindi,122053618.1
Like Nastya,123466404.4
Taylor Swift,124879190.7
YRF,126291977.1
WWE,127704763.4
PewDiePie,129117549.7
BANGTANTV,130530336
Cocomelon - Nursery Rhymes,131943122.4
Jkk Entertainment,subscriber_count
Sony PAL,133355908.7
Mikecrack,134768695
WorkpointOfficial,136181481.3
ARY Digital HD,137594267.6
JioHotstar Kids,139007054
Maroon 5,140419840.3
Badabun,141832626.6
YouTube,143245412.9
whinderssonnunes,144658199.3
GR6 EXPLODE,146070985.6
ABP NEWS,147483771.9
Rihanna,148896558.2
Kimberly Loaiza,150309344.6
Shakira,151722130.9
Bad Bunny,153134917.2
Daddy Yankee,154547703.5
Fernanfloo,subscriber_count
ABS-CBN Entertainment,155960489.9
Ishtar Music,157373276.2
Like Nastya ESP,158786062.5
TEDx Talks,160198848.8
Felipe Neto,161611635.1
SonyMusicIndiaVEVO,163024421.5
TheEllenShow,164437207.8
Katy Perry,165849994.1
Super Simple Songs - Kids Songs,167262780.4
Ultra Bollywood,168675566.8
elrubiusOMG,170088353.1
Toys and Colors,171501139.4
One Direction,172913925.7
HAR PAL GEO,174326712.1
PowerKids TV,175739498.4
Alan Walker,177152284.7
shfa,subscriber_count
Luisito Comunica,178565071
Masha and The Bear,179977857.4
XXXTENTACION,181390643.7
BRIGHT SIDE,182803430
Bruno Mars,184216216.3
CarryMinati,185629002.6
SSSniperWolf,187041789
Mr Bean,188454575.3
ImagineDragons,189867361.6
KHANDESHI MOVIES,191280147.9
YOLO AVENTURAS,192692934.3
Rajshri,194105720.6
The Weeknd,195518506.9
rezendeevil,196931293.2
Ozuna,198344079.6
Markiplier,199756865.9
NoCopyrightSounds,subscriber_count
VEGETTA777,201169652.2
T-Series Bollywood Classics,202582438.5
SMTOWN,203995224.9
Ryan's World,205408011.2
Eros Now Music,206820797.5
J Balvin,208233583.8
MR. INDIAN HACKER,209646370.1
Worldwide Records Bhojpuri,211059156.5
Round2hell,212471942.8
KAROL G,213884729.1
Selena Gomez,215297515.4
Jess No Limit,216710301.8
DREAM,218123088.1
Total Gaming,219535874.4
MrBeast Gaming,220948660.7
Zee News,222361447.1
GENIAL,subscriber_count
BabyBus - Kids Songs and Cartoons,223774233.4
CVS 3D Rhymes & Kids Songs,225187019.7
Ricis Official,226599806
Desi Music Factory,228012592.4
The Tonight Show Starring Jimmy Fallon,229425378.7
WowKidz,230838165
Techno Gamerz,232250951.3
IndiaTV,233663737.6
StarPlus,235076524
Peppa Pig - Official Channel,236489310.3
Lucas and Marcus,237902096.6
JustinBieberVEVO,239314882.9
T-Series Apna Punjab,240727669.3
Dream,242140455.6
DisneyMusicVEVO,243553241.9
Saregama Music,244966028.2
TheDonato,subscriber_count
Spinnin' Records,246378814.6
1MILLION Dance Studio,247791600.9
Trap Nation,249204387.2
Little Angel: Nursery Rhymes & Kids Songs,250617173.5
Enaldinho,252029959.9
David Guetta,253442746.2
BB Ki Vines,254855532.5
Nick Jr.,256268318.8
Talking Tom,257681105.1
jacksepticeye,259093891.5
HUM TV,260506677.8
enchufetv,261919464.1
Bounce Patrol - Kids Songs,263332250.4
infobells - Tamil,264745036.8
NichLmao,266157823.1
LosPolinesios,267570609.4
WORLDSTARHIPHOP,subscriber_count
VanossGaming,268983395.7
toycantando,270396182.1
Gulshan Kalra,271808968.4
Beast Reacts,273221754.7
ashish chanchlani vines,274634541
Drake,276047327.4
DanTDM,277460113.7
Frost Diamond,278872900
Aditya Movies,280285686.3
AuronPlay,281698472.6
Renato Garcia,283111259
The Late Late Show with James Corden,284524045.3
Netflix,285936831.6
D Billions,287349617.9
Shorts Break,288762404.3
Wiz Khalifa,290175190.6
Dushyant kukreja,subscriber_count
JYP Entertainment,291587976.9
Smosh,293000763.2
Michael Jackson,294413549.6
Indosiar,295826335.9
ToyPuddingTV,297239122.2
PANDA BOI,298651908.5
Shemaroo Movies,300064694.9
KatyPerryVEVO,301477481.2
Collins Key,302890267.5
EminemVEVO,304303053.8
Ninja,305715840.1
Lady Gaga,307128626.5
Chris Brown,308541412.8
Juan De Dios Pantoja,309954199.1
TaylorSwiftVEVO,311366985.4
Goldmines Movies,312779771.8
Post Malone,subscriber_count
Anuel AA,314192558.1
America's Got Talent,315605344.4
Dan Rhodes,317018130.7
Jelly,318430917.1
ABPLIVE,319843703.4
Fede Vigevani,321256489.7
That Little Puff,322669276
Preston,324082062.4
Miss Katy,325494848.7
Daniel LaBelle,326907635
Pen Movies,328320421.3
Mark Rober,329733207.6
LankyBox,331145994
Coldplay,332558780.3
Las Ratitas,333971566.6
Enrique Iglesias,335384352.9
NickyJamTV,subscriber_count
Logan Paul,336797139.3
Sesame Street,338209925.6
Rans Entertainment,339622711.9
James Charles,341035498.2
DJ Snake,342448284.6
TRANS7 OFFICIAL,343861070.9
RihannaVEVO,345273857.2
Chloe Ting,346686643.5
Diana and Roma EN,348099429.9
Venus Movies,349512216.2
WatchMojo.com,350925002.5
shfa show India,352337788.8
Yuya,353750575.1
Dangal TV Channel,355163361.5
Alan Becker,356576147.8
Paulo Londra,357988934.1
toyorbabytv,subscriber_count
Becky G,359401720.4
Charlie Puth,360814506.8
OneDirectionVEVO,362227293.1
KL BRO Biju Rithvik,363640079.4
Zach Choi,365052865.7
The Chainsmokers,366465652.1
Tekashi 6ix9ine,367878438.4
Heroindori,369291224.7
FGTeeV,370704011
GMA Public Affairs,372116797.4
Sourav Joshi Vlogs,373529583.7
Akshay Nagwadiya,374942370
LeoNata Family,376355156.3
Khan GS Research Centre,377767942.6
Tsuriki Show,379180729
Tasty,380593515.3
DrossRotzank,subscriber_count
SSundee,382006301.6
Technical Guruji,383419087.9
Kids TV - Nursery Rhymes And Baby Songs,384831874.3
Rotana,386244660.6
Dua Lipa,387657446.9
Village Cooking Channel,389070233.2
Infinite,390483019.6
ZAMZAM ELECTRONICS TRADING,391895805.9
Ishaan Ali 11,393308592.2
SMOL,394721378.5
Ultra Movie Parlour,396134164.9
TED,397546951.2
invictor,398959737.5
Sun TV,400372523.8
mmoshaya,401785310.1
Tiger Wong Entertainment,403198096.5
The Royalty Family,subscriber_count
Eva Bravo Play,404610882.8
LazarBeam,406023669.1
AS Gaming,407436455.4
HaerteTest,408849241.8
JennaMarbles,410262028.1
DaFuq!?Boom!,411674814.4
Sony AATH,413087600.7
LIV Crime,414500387.1
5-Minute Crafts DIY,415913173.4
Marta and Rustam,417325959.7
Vijay Television,418738746
BuzzFeedVideo,420151532.4
Avicii,421564318.7
Britain's Got Talent,422977105
Pencilmation,424389891.3
Gordon Ramsay,425802677.6
NBA,subscriber_count
CookieSwirlC,427215464
AuthenticGames,428628250.3
Dr. Vivek Bindra: Motivational Speaker,430041036.6
Romeo Santos,431453822.9
Rafa & Luiz,432866609.3
Vsauce,434279395.6
REACT,435692181.9
dednahype,437104968.2
Mnet K-POP,438517754.6
Vevo,439930540.9
etvteluguindia,441343327.2
Crafty Panda,442756113.5
Jake Paul,444168899.9
7clouds,445581686.2
MiawAug,446994472.5
Brave Wilderness,448407258.8
DLS News,subscriber_count
Vlad and Niki IDN,449820045.1
Emiway Bantai,451232831.5
RKD Studios,452645617.8
FIFA,454058404.1
Official Pink Panther,455471190.4
SOMOY TV,456883976.8
Clash of Clans,458296763.1
nigahiga,459709549.4
5-Minute Crafts PLAY,461122335.7
tuzelity SHUFFLE,462535122.1
Green Gold TV - Official Channel,463947908.4
Zach King,465360694.7
TheGrefg,466773481
Calvin Harris,468186267.4
Like Nastya VNM,469599053.7
Triggered Insaan,471011840
SonyMusicSouthVEVO,subscriber_count
And TV,472424626.3
Ajay Sharma,473837412.6
MSA previously My Story Animated,475250199
Jason Derulo,476662985.3
IShowSpeed,478075771.6
TheOdd1sOut,479488557.9
CKN,480901344.3
TheWillyrex,482314130.6
Goldmines Great Indian Comedy,483726916.9
officialpsy,485139703.2
Miley Cyrus,486552489.6
Unbox Therapy,487965275.9
Farruko,489378062.2
KatieAngel,490790848.5
BeatboxJCOP,492203634.9
jaanvi patel,493616421.2
Blippi - Educational Videos for Kids,subscriber_count
The ACE Family,495029207.5
Bobby chourasiya,496441993.8
TED-Ed,497854780.1
Priyal Kukreja,499267566.5
MGC Playhouse,500680352.8
El Payaso Plim Plim,502093139.1
Jake Fellman,503505925.4
Lil Pump,504918711.8
Demi Lovato,506331498.1
Sidemen,507744284.4
Sonotek,509157070.7
shakiraVEVO,510569857.1
News 24,511982643.4
Masha e o Urso,513395429.7
Good Mythical Morning,514808216
RobleisIUTU,516221002.4
tanboy kun,subscriber_count
Zuni and Family,517633788.7
Wow Kidz Action,519046575
Ali-A,520459361.3
Busy Fun Ltd,521872147.6
SQUEEZIE,523284934
ArianaGrandeVevo,524697720.3
SAM SMITH,526110506.6
PopularMMOs,527523292.9
Marques Brownlee,528936079.3
Apple,530348865.6
Matt Stonie,531761651.9
BBC News Hindi,533174438.2
Vice,534587224.6
TheBrianMaps,536000010.9
LuisFonsiVEVO,537412797.2
W2S,538825583.5
Prajapati News,subscriber_count
News18 India,540238369.9
Bispo Bruno Leonardo,541651156.2
FailArmy,543063942.5
Younes Zarou,544476728.8
DeGoBooM,545889515.1
Aphmau,547302301.5
Pop Chartbusters,548715087.8
The Game Theorists,550127874.1
EeOneGuy,551540660.4
Tu COSMOPOLIS,552953446.8
MissaSinfonia,554366233.1
Ivana Alawi,555779019.4
HowToBasic,557191805.7
VICE,558604592.1
Lahari Music,560017378.4
Jordan Matter,561430164.7
Jennifer Lopez,subscriber_count
IGN,562842951
SriBalajiMovies,564255737.4
JFlaMusic,565668523.7
Little Mix,567081310
Queen Official,568494096.3
Doggy Doggy Cartoons,569906882.6
Guava Juice,571319669
FactTechz,572732455.3
CoryxKenshin,574145241.6
Liza Koshy,575558027.9
Camila Cabello,576970814.3
Aayu and Pihu Show,578383600.6
Taarak Mehta Ka Ooltah Chashmah,579796386.9
Sandra Cires Art,581209173.2
Anitta,582621959.6
Travis Scott,584034745.9
Boyce Avenue,subscriber_count
Willyrex,585447532.2
5-Minute Crafts FAMILY,586860318.5
EdisonPts,588273104.9
Infobells Bangla,589685891.2
Volga Video,591098677.5
Dear Sir,592511463.8
Narendra Modi,593924250.1
jeffreestar,595337036.5
PowerfulJRE,596749822.8
Dyland PROS,598162609.1
MY FAMILY,599575395.4
Daily Dose Of Internet,600988181.8
SRK MUSIC,602400968.1
Harsh Beniwal,603813754.4
FC Barcelona,605226540.7
Mrwhosetheboss,606639327.1
XO TEAM,subscriber_count
Prime Video India,608052113.4
TWICE,609464899.7
Roman Atwood Vlogs,610877686
Zee Music Classic,612290472.4
DM - Desi Melodies,613703258.7
Lyna,615116045
Genierock,616528831.3
Arif muhammad,617941617.6
Ranz Kyle,619354404
ExtraPolinesios,620767190.3
The MriDul,622179976.6
CNN,623592762.9
MK MUSIC,625005549.3
Mr DegrEE,626418335.6
Unspeakable,627831121.9
Makiman131,629243908.2
T-Series Hamaar Bhojpuri,subscriber_count
Disney Jr.,630656694.6
La Rosa de Guadalupe,632069480.9
Mobile Legends: Bang Bang,633482267.2
Mariale,634895053.5
LEGO,636307839.9
LOKESH GAMER,637720626.2
NDTV India,639133412.5
Rotten Tomatoes Trailers,640546198.8
Sony LIV,641958985.1
FitDance,643371771.5
BBC News,644784557.8
Drawblogs,646197344.1
Lilly Singh,647610130.4
Netflix Jr.,649022916.8
Mis Pastelitos,650435703.1
Jesser,651848489.4
Chad Wild Clay,subscriber_count
ABS-CBN News,653261275.7
Camila Loures,654674062.1
Eli Kids - Cartoons & Songs,656086848.4
Like Nastya Stories,657499634.7
Bigbang,658912421
TV9 Bharatvarsh,660325207.4
ERB,661737993.7
TheRichest,663150780
Maroon5VEVO,664563566.3
A2 Motivation by Arvind Arora,665976352.6
BigSchool,667389139
CrashCourse,668801925.3
melanie martinez,670214711.6
Martin Garrix,671627497.9
Fifth Harmony,673040284.3
Auron,674453070.6
League of Legends,subscriber_count
StudyIQ IAS,675865856.9
Dropout,677278643.2
MattyBRaps,678691429.6
TazerCraft,680104215.9
Rclbeauty101,681517002.2
KOMPASTV,682929788.5
ABC News,684342574.9
PlayStation,685755361.2
5-Minute Crafts Recycle,687168147.5
Fueled By Ramen,688580933.8
PrestonPlayz,689993720.1
Doc Tops,691406506.5
Cyprien,692819292.8
The Slow Mo Guys,694232079.1
THE BROWN SIBLINGS,695644865.4
Lachlan,697057651.8
MoreAliA,subscriber_count
MNCTV OFFICIAL,698470438.1
AdeleVEVO,699883224.4
Colors Rishtey,701296010.7
Kwebbelkop,702708797.1
Sony Music South,704121583.4
Telemundo,705534369.7
Geo News,706947156
infobells,708359942.4
Atlantic Records,709772728.7
Wish 107.5,711185515
Lana Del Rey,712598301.3
Rosanna Pansino,714011087.6
SIS vs BRO,715423874
Neha Kakkar,716836660.3
MyMissAnand,718249446.6
The Dodo,719662232.9
Hacksmith Industries,subscriber_count
infobells - Kannada,721075019.3
NishaMadhulika,722487805.6
AM3NlC,723900591.9
Dental Digest,725313378.2
Jazzghost,726726164.6
karameeshchannel,728138950.9
Desi Gamers,729551737.2
TV Ana Emilia,730964523.5
F2Freestylers - Ultimate Soccer Skills Channel,732377309.9
E-MasterSensei,733790096.2
Zee Bangla,735202882.5
NikkieTutorials,736615668.8
Alexa Rivera,738028455.1
MalumaVEVO,739441241.5
Jamuna TV,740854027.8
Veritasium,742266814.1
Zee Telugu,subscriber_count
Lindsey Stirling,743679600.4
The Vishal bhatt,745092386.8
JOJO TV,746505173.1
RS 1313 SHORTS,747917959.4
Think Music India,749330745.7
SelenaGomezVEVO,750743532.1
Invento na Hora,752156318.4
Vlad and Niki PRT,753569104.7
Acenix,754981891
Indore Physical Academy,756394677.4
TommyInnit,757807463.7
DALLMYD,759220250
ETV Jabardasth,760633036.3
SEVENGERS,762045822.6
DangMattSmith,763458609
Sanjoy Das Official,764871395.3
Calon Sarjana,subscriber_count
BanderitaX,766284181.6
Codiscos,767696967.9
The Q,769109754.3
penguinz0,770522540.6
Peet Montzingo,771935326.9
gymvirtual,773348113.2
Sonotek Bhakti,774760899.6
CookingShooking Hindi,776173685.9
BBC,777586472.2
VexTrex,778999258.5
Brawl Stars,780412044.9
Vogue,781824831.2
theRadBrad,783237617.5
The Infographics Show,784650403.8
Alex Gonzaga Official,786063190.1
Top Viral Talent,787475976.5
Technology Gyan,subscriber_count
Ei Nerd,788888762.8
Dj Khaled,790301549.1
JesseAndMike,791714335.4
Matt Steffanina,793127121.8
Kurt Hugo Schneider,794539908.1
GH'S,795952694.4
Lofi Girl,797365480.7
Davie504,798778267.1
Trakin Tech,800191053.4
Ryan Trahan,801603839.7
Kabita's Kitchen,803016626
jbalvinVEVO,804429412.4
Wengie,805842198.7
Vlad y Niki Show,807254985
H2ODelirious,808667771.3
Typical Gamer,810080557.6
RaptorGamer,subscriber_count
twenty one pilots,811493344
Stray Kids,812906130.3
Saturday Night Live,814318916.6
AzzyLand,815731702.9
The LaBrant Fam,817144489.3
DJ Khaled,818557275.6
WiederDude,819970061.9
Susy Mouriz,821382848.2
Lokdhun Punjabi,822795634.6
Painzeiro,824208420.9
ryan trahan,825621207.2
JULIA GISELLA,827033993.5
Wolfoo Channel,828446779.9
Go Ami Go!,829859566.2
Bebefinn - Nursery Rhymes & Kids Songs,831272352.5
LOST,832685138.8
Wolfoo Family,subscriber_count
elcarteldesantatv,834097925.1
Wave Music Bhakti,835510711.5
Morgz,836923497.8
Talking Angela,838336284.1
Flowers Comedy,839749070.4
First We Feast,841161856.8
Disney Club UK,842574643.1
Family Fitness,843987429.4
Avril Lavigne,845400215.7
Adam W,846813002.1
MoniLina,848225788.4
Blossom,849638574.7
Zee Tamil,851051361
NDTV,852464147.4
Zee Kids,853876933.7
Akon,855289720
Troom Troom India,subscriber_count
EnriqueIglesiasVEVO,856702506.3
NickiMinajAtVEVO,858115292.6
ANYA KOVA,859528079
Ellie Goulding,860940865.3
Future,862353651.6
DEV Ke Facts,863766437.9
Right to Shiksha,865179224.3
Ian Lucas,866592010.6
bharatzkitchen HINDI,868004796.9
Jass Records,869417583.2
MrSuicideSheep,870830369.6
Diana and Roma IND,872243155.9
CaseyNeistat,873655942.2
_vector_,875068728.5
colinfurze,876481514.9
Quantum Tech HD,877894301.2
TKOR,subscriber_count
Health Time,879307087.5
Franco Escamilla,880719873.8
Troom Troom PT,882132660.1
YoungBoy Never Broke Again,883545446.5
People Vs Food,884958232.8
Panda,886371019.1
Venus,887783805.4
BeckyGVEVO,889196591.8
RobTopGames,890609378.1
Marília Mendonça,892022164.4
Caylus,893434950.7
Happy Funny Kids Toys Pretend Play,894847737.1
СЮС,896260523.4
YRF Music,897673309.7
KanalD,899086096
Inside Edition,900498882.4
1theK (원더케이),subscriber_count
Cartoon Network,901911668.7
Zé Neto e Cristiano,903324455
AmusementForce,904737241.3
ItsFunneh,906150027.6
Flow La Movie,907562814
Disney Jr. Latinoamérica,908975600.3
ImagineDragonsVEVO,910388386.6
ТСН,911801172.9
Kids smile TV,913213959.3
Emily Tube,914626745.6
eltrece,916039531.9
Haryanvi Maina,917452318.2
NollywoodStreams,918865104.6
SebastianYatraVEVO,920277890.9
LosAngelesAzulesVEVO,921690677.2
Aditya Music,923103463.5
AnuelVEVO,subscriber_count
Asianet,924516249.9
SiaVEVO,925929036.2
ChainsmokersVEVO,927341822.5
DuDuPopTOY,928754608.8
ETV Andhra Pradesh,930167395.1
✿ Kids Diana Show,931580181.5
La Granja de Zenón,932992967.8
Free Fire India Official,934405754.1
Caso Cerrado,935818540.4
Nickelodeon,937231326.8
Tom Slime,938644113.1
RizaNovaUZ,940056899.4
SyrebralVibes,941469685.7
Goo Goo Colors,942882472.1
Muselk,944295258.4
TravisScottVEVO,945708044.7
MigosVEVO,subscriber_count
Dr. Phil,947120831
Team Coco,948533617.4
Clean Bandit,949946403.7
prenses elif,951359190
Come Play With Me,952771976.3
DrakeVEVO,954184762.6
Tiana,955597549
TheWeekndVEVO,957010335.3
HaAshVEVO,958423121.6
NOLLYMARRIAGE TV,959835907.9
avex,961248694.3
TygaVEVO,962661480.6
reikVEVO,964074266.9
Stephen Sharer,965487053.2
MBC مصر,966899839.6
tlc uk,968312625.9
HikakinTV,subscriber_count
Izabeloi,969725412.2
Talent Recap,971138198.5
ThaliaVEVO,972550984.9
Cut,973963771.2
Thơ Nguyễn,975376557.5
Anand Audio,976789343.8
MBCentertainment,978202130.1
CalvinHarrisVEVO,979614916.5
RomeoSantosVEVO,981027702.8
Alpha TV Greece,982440489.1
Blippi Toys,983853275.4
icanrockyourworld,985266061.8
Hasbro,986678848.1
Pina Records,988091634.4
michaeljacksonVEVO,989504420.7
Toys Make Me Smile,990917207.1
Brancoala,subscriber_count
DenLion TV,992329993.4
ATIME,993742779.7
DEL Records,995155566
Barbie,996568352.4
Mr. X,997981138.7
JenniferLopezVEVO,999393925
Jaeguchi,1000806711
MSNBC,1002219498
EvanTubeHD,1003632284
MBCdrama,1005045070
VikatanTV,1006457857
As/Is,1007870643
Super Polina Play,1009283429
Imagine Your Korea,1010696216
옛드 : MBC 옛날 드라마,1012109002
Antena 3,1013521788
TLC,subscriber_count
Katie Cutie Kids TV,1014934575
ChildishGambinoVEVO,1016347361
Fortnite Clips,1017760147
YL Toys Collection,1019172934
ExtremeToys TV,1020585720
Facts Verse,1021998506
So Yummy,1023411293
Mejores Juguetes,1024824079
ChrisBrownVEVO,1026236865
Chill Nation,1027649651
Lifetime,1029062438
Warner Music México,1030475224
Piso 21,1031888010
Flashback FM,1033300797
RDC Gujarati,1034713583
SagaHits,1036126369
V6 News Telugu,subscriber_count
Daily Bumps,1037539156
ESPN,1038951942
Home Bollywud,1040364728
Selena,1041777515
Shalimar Telugu & Hindi Movies,1043190301
Comedy Central,1044603087
Hindi Fairy Tales,1046015874
Telemundo Series,1047428660
SlenderMan™,1048841446
HikakinGames,1050254233
packattack04082,1051667019
Vinamilk,1053079805
Denis,1054492592
Deji,1055905378
PrinceRoyceVEVO,1057318164
tvnpl,1058730951
Mango Music,subscriber_count
M2,1060143737
PostMaloneVEVO,1061556523
Caracol Televisión,1062969310
Shot of The Yeagers,1064382096
Vy Qwaint,1065794882
UnspeakableReacts,1067207669
Solnishkam,1068620455
AP International,1070033241
MoratVEVO,1071446028
truTV,1072858814
GRM Daily,1074271600
Haschak Sisters,1075684386
NTV Telugu,1077097173
Larva TUBA,1078509959
Me contro Te,1079922745
SAS-ASMR,1081335532
Discovery Kids,subscriber_count
GWK,1082748318
TVCHOSUN - TV조선,1084161104
Wesley Safadão,1085573891
OfficialWhiteMusic,1086986677
DJKhaledVEVO,1088399463
Rathore Cassettes,1089812250
BuzzFeed Multiplayer,1091225036
JonasBlueVEVO,1092637822
Life with Brothers,1094050609
Warner Música,1095463395
SilvestreDangondVEVO,1096876181
GEazyMusicVEVO,1098288968
JuanGabrielVEVO,1099701754
SamSmithVEVO,1101114540
SUNDRANI,1102527327
Tik Tok,1103940113
Ambey Bhakti,subscriber_count
ONE Media,1105352899
TeluguOne,1106765686
PopArt Discos,1108178472
Movie Clips,1109591258
Cat Music,1111004045
CNN Indonesia,1112416831
BIG Magic,1113829617
EllaMaiVEVO,1115242404
Sumeet Music,1116655190
ABP MAJHA,1118067976
JaxJonesVEVO,1119480763
Insider,1120893549
Anupam Movie Songs,1122306335
DANIEL EL TRAVIESO VIDEOS,1123719121
NDJ Film Official,1125131908
IULITMx,1126544694
mallemalatv,subscriber_count
BillieEilishVEVO,1127957480
Vividplays Channel,1129370267
Planet Earth INDIA,1130783053
The Sean Ward Show,1132195839
ArkivaShqip,1133608626
emma chamberlain,1135021412
Tarang TV,1136434198
CantaJuegoVEVO,1137846985
Telefe,1139259771
AviciiOfficialVEVO,1140672557
Kids Learning Songs,1142085344
Bryant Myers,1143498130
MessYourself,1144910916
Funny Vines,1146323703
RemexMusic,1147736489
GunsNRosesVEVO,1149149275
Annoying Orange,subscriber_count
littlemixVEVO,1150562062
SonoraDinamitaVEVO,1151974848
YGVEVO,1153387634
Universe Adventure,1154800421
Fun Kids House,1156213207
YuridiaVEVO,1157625993
Grand Production,1159038780
FORMULA 1,1160451566
OneRepublicVEVO,1161864352
AFernandezVEVO,1163277139
LG India,1164689925
OLGACRAFTS,1166102711
simayproduction,1167515498
Wow Kidz Comedy,1168928284
Brent Rivera,1170341070
MoonKase,1171753856
CNCOVEVO,subscriber_count
Hillsong Worship,1173166643
KarolGVEVO,1174579429
ETV Plus India,1175992215
NH Studioz,1177405002
Oddbods - Official Channel,1178817788
GameGrumps,1180230574
SpJockey,1181643361
storybooth,1183056147
Viral Maniacs,1184468933
CarlosVivesVEVO,1185881720
BE AMAZED,1187294506
SuperHeroKids,1188707292
Platinum Records,1190120079
Tibo InShape,1191532865
ABC Puzzle Kids,1192945651
Gojzer,1194358438
Oops.Banana,subscriber_count
lesliegraceVEVO,1195771224
L'Algerino,1197184010
SumanTV,1198596797
KBS Drama,1200009583
Eros Now Movies Preview,1201422369
Imedia Mix - أي ميديا ميكـس,1202835156
Trinity and Beyond,1204247942
Univision Noticias,1205660728
Lâm Vlog,1207073515
whitneyhoustonVEVO,1208486301
Flamingo,1209899087
Crazy Frog,1211311874
Anne-Marie,1212724660
Chetak,1214137446
The Late Show with Stephen Colbert,1215550233
Betty Crocker,1216963019
NAJWA FAROUK OFFICIELLE,subscriber_count
Mo Vlogs,1218375805
Grammarly,1219788591
OPPO,1221201378
Power Vision,1222614164
Seconds Out,1224026950
MonLaferteVEVO,1225439737
Passenger,1226852523
DisneyJuniorIT,1228265309
Dharma Productions,1229678096
MBCkpop,1231090882
Miniminter,1232503668
Saas Bahu Aur Betiyaan,1233916455
The Divine Tales,1235329241
MostAmazingTop10,1236742027
TheEngineeringFamily,1238154814
ProsafiaGaming,1239567600
AllGoodThingsNetwork,subscriber_count
Red Hot Chili Peppers,1240980386
70cleam,1242393173
Armin van Buuren,1243805959
acdcVEVO,1245218745
Screen Rant,1246631532
Skyheart's Toys,1248044318
Rai,1249457104
RaceToyTime,1250869891
Fox News,1252282677
loveliveserve,1253695463
Metallica,1255108250
Wassabi,1256521036
Carter Sharer,1257933822
Tamil cinema,1259346609
Riya Films,1260759395
MarkRonsonVEVO,1262172181
Promiflash,subscriber_count
HobbyFamilyTV,1263584968
Duo Tiempo De Sol,1264997754
LBCI Lebanon,1266410540
What Would You Do?,1267823326
KjraGaming,1269236113
PlanetaOfficial,1270648899
GurinelTV,1272061685
T-Rex Ranch - Dinosaurs For Kids,1273474472
Milusik Lanusik,1274887258
CGMeetup,1276300044
Hungria,1277712831
BBC Earth,1279125617
Video Game News,1280538403
Juice WRLD,1281951190
Hector19Aquino,1283363976
50CentVEVO,1284776762
Toys Academy,subscriber_count
Star Maa,1286189549
Rajshri Tamil,1287602335
MasterChef Brasil,1289015121
Los Juguetes de Titi,1290427908
Nickelodeon UK,1291840694
Adam B,1293253480
MundoBitaVEVO,1294666267
ReikaSole,1296079053
Rtv Drama,1297491839
Cris Devil Gamer,1298904626
kevingatesTV,1300317412
Maymo,1301730198
The Young Turks,1303142985
Fresh Media Records,1304555771
Filmistaan,1305968557
Dobre Brothers,1307381344
Geetha Arts,subscriber_count
MelendiOficialVEVO,1308794130
Disney FR,1310206916
The Jerry Springer Show,1311619703
AndrewSchrock,1313032489
PinkVEVO,1314445275
BonJoviVEVO,1315858061
Sony Pictures Entertainment,1317270848
FutureVEVO,1318683634
serial,1320096420
#Mind Warehouse,1321509207
Great Big Story,1322921993
ManoWalterVEVO,1324334779
Super Kids TV,1325747566
Warner Bros.,1327160352
NoobFromUA,1328573138
Cinekorn Movies,1329985925
Polimer News,subscriber_count
NATTI NATASHA,1331398711
Al Rojo Vivo,1332811497
TBNRFrags,1334224284
WatchMojo Español,1335637070
Myntra,1337049856
CalumScottVEVO,1338462643
Noticias Caracol,1339875429
Tic Tac Toy,1341288215
RonaldOMG,1342701002
KBS Kpop,1344113788
Premium Digiplex Movies,1345526574
ElAlfaElJefeTV,1346939361
FOX,1348352147
Jorge el Curioso en Español,1349764933
Top5Gaming,1351177720
Maiara e Maraisa,1352590506
ABN Telugu,subscriber_count
Sofia Reyes,1354003292
WhiteZunder,1355416079
RHINO,1356828865
takahashi taiyou,1358241651
ElTrollino,1359654438
Душевные истории,1361067224
Hannah Stocking,1362480010
MDTV OFFICIAL,1363892796
ЖЫРНИДАБ,1365305583
Clevver News,1366718369
442oons,1368131155
けんたさん,1369543942
jvnq,1370956728
SVF,1372369514
GameMixTreize,1373782301
PJ Masks Official,1375195087
YAPYAP,subscriber_count
LadyGagaVEVO,1376607873
OHA diyorum!,1378020660
Olympics,1379433446
ゆうぴょん,1380846232
PoliceActivity,1382259019
KanhaiyaCassette,1383671805
Vivo,1385084591
Pyaar Lafzon Mein Kahan,1386497378
TapGameplay,1387910164
FilterCopy,1389322950
Proximity,1390735737
HJ NEWS,1392148523
TV-People,1393561309
DreadMarIVEVO,1394974096
TV Promos,1396386882
BritneySpearsVEVO,1397799668
MeghanTrainorVEVO,subscriber_count
TheSoundYouNeed,1399212455
PitbullVEVO,1400625241
Just4fun290,1402038027
NewBadLabel,1403450814
japanesestuffchannel,1404863600
Muzik247,1406276386
TV3MALAYSIA Official,1407689173
Call Me Kevin,1409101959
ZEDDVEVO,1410514745
NDJ MUSIC,1411927531
Karina Garcia,1413340318
MariahCareyVEVO,1414753104
БАТЯ,1416165890
wisinofficalVEVO,1417578677
Humble Music,1418991463
Bengali Fairy Tales,1420404249
Фиксики,subscriber_count
DroidGameplaysTV,1421817036
Smasher,1423229822
MatheusKauanVEVO,1424642608
AVM GANA,1426055395
WhatsUpMoms,1427468181
J House Vlogs,1428880967
OWN,1430293754
7-Second Riddles,1431706540
enakimura,1433119326
Elhiwar Ettounsi,1434532113
5SOSVEVO,1435944899
Nintendo of America,1437357685
Typhlosion4President,1438770472
MCVMedia,1440183258
vicentefernandezVEVO,1441596044
Team Edge,1443008831
BrunoEMarroneVEVO,subscriber_count
Shemaroo Kids,1444421617
El 13,1445834403
bradesco,1447247190
RicardoArjonaVEVO,1448659976
Nek Music Tv,1450072762
TUBERIDES,1451485549
StarPro,1452898335
ARY News,1454311121
RickyMartinVEVO,1455723908
YouTube Brasil,1457136694
TheBeatlesVEVO,1458549480
TMZ,1459962266
Servando ZL,1461375053
Chills,1462787839
fun,1464200625
COLORS,1465613412
Tiny Treasures and Toys,subscriber_count
Breakfast Club Power 105.1 FM,1467026198
DonOmarVEVO,1468438984
SBS Entertainment,1469851771
Knallerfrauen,1471264557
AkonVEVO,1472677343
Colors,1474090130
Google,1475502916
mahzaidi,1476915702
Rayito,1478328489
MULTIMEDIOS,1479741275
Troom Troom SELECT,1481154061
KBS Entertain,1482566848
Steve TV Show,1483979634
welovekamikaze,1485392420
kougeisha,1486805207
JamesAVEVO,1488217993
msvogue23,subscriber_count
Juke Dock,1489630779
SAMAA TV,1491043566
Vikkstar123,1492456352
ETV Dhee,1493869138
FifthHarmonyVEVO,1495281925
EverythingApplePro E A P,1496694711
Happy Channel,1498107497
Indeed,1499520284
BandaLosRecoditoVEVO,1500933070
Kitchen Nightmares,1502345856
justintimberlakeVEVO,1503758643
The Amazing World of Gumball,1505171429
BackstreetBoysVEVO,1506584215
ElChurches,1507997001
djvlad,1509409788
CalibreCincuentaVEVO,1510822574
KygoOfficialVEVO,subscriber_count
Top Gear,1512235360
Saas Bahu aur Saazish,1513648147
CrazyDek,1515060933
Werever2morro,1516473719
Folagor03,1517886506
CarlosRiveraVEVO,1519299292
The Axel Show,1520712078
chayanneVEVO,1522124865
Tv9 Kannada,1523537651
Pentatonix,1524950437
Operación Triunfo Oficial,1526363224
Christina Perri,1527776010
Badanamu,1529188796
Aaron Esser,1530601583
Little Big Toys,1532014369
sagamigaokaac,1533427155
Wow Cartoons,subscriber_count
Manorama News,1534839942
OGGY,1536252728
SunnyKidsTV,1537665514
Crime Files,1539078301
SkyrockFM,1540491087
Bratayley,1541903873
VH1,1543316660
OficialMana,1544729446
Memeulous,1546142232
Totally TV,1547555019
Unknown Mysteries Hindi,1548967805
ВЕЛИЧ,1550380591
Tropicumbia Grupera,1551793378
Grillonautas2,1553206164
Paluten,1554618950
Gorillaz,1556031736
Collider Behind the Scenes,subscriber_count
Amixem,1557444523
N.E Let's Eat,1558857309
KendrickLamarVEVO,1560270095
cea,1561682882
BBC Three,1563095668
МАЦНИ,1564508454
Mother Goose Club,1565921241
alwiyan syafir,1567334027
Kodak Black,1568746813
Viralbollywood,1570159600
BlackEyedPeasVEVO,1571572386
RotonMusicTV,1572985172
Nike,1574397959
SUPERDivertilandia,1575810745
JRE Clips,1577223531
asianetnews,1578636318
Báo Thanh Niên,subscriber_count
NFL,1580049104
Slot Yönetici,1581461890
ProjVEVO,1582874677
The Voice : la plus belle voix,1584287463
Lyca Productions,1585700249
Miranda Sings,1587113036
GeorgeEzraVEVO,1588525822
CentrumBrasil,1589938608
Behindwoods TV,1591351395
Random,1592764181
Realcinemas,1594176967
TVB USA Official,1595589754
SeikinTV,1597002540
Top Talent,1598415326
beegees,1599828113
Minh Pham,1601240899
Seamusica Official,subscriber_count
T-Series Telugu,1602653685
Carla Morrison,1604066471
QueQualityPL,1605479258
LucianoPereyraVEVO,1606892044
EnzoKnol,1608304830
Hip Hop/R&B Lyrics,1609717617
The Try Guys,1611130403
TheKAIRI78,1612543189
DemiLovatoVEVO,1613955976
MrRevillz,1615368762
Madame Récré FR,1616781548
marcanthonyVEVO,1618194335
Bunlar KAÇMAZ!,1619607121
Wells Fargo,1621019907
TurmadoPagodeVEVO,1622432694
Dead Meat,1623845480
CBS News,subscriber_count
Sani Music Indonesia Official,1625258266
Soothing Relaxation,1626671053
NFL Throwback,1628083839
Kapamilya Trending,1629496625
TsMadaan,1630909412
lunacreciente,1632322198
INNA,1633734984
Karim Juega,1635147771
Ram Audio,1636560557
Cartoons Mee,1637973343
вДудь,1639386130
DJSnakeVEVO,1640798916
AbbaVEVO,1642211702
MrDeepSense,1643624489
CumbiaTube,1645037275
Antonio “Pacman is a Bad guy” Palmucci,1646450061
Hollow,subscriber_count
ELLO,1647862848
iPantellas,1649275634
Astro Arena,1650688420
This Morning,1652101206
KapitalMusicTv,1653513993
SYMPA,1654926779
GameSpot,1656339565
CinemaSins,1657752352
TrapMusicHDTV,1659165138
KaneBrownVEVO,1660577924
HiHo Kids,1661990711
Pupugames,1663403497
BBC Radio 1,1664816283
JessieJVEVO,1666229070
Jackson O'Doherty,1667641856
FilmsActu,1669054642
videogamedunkey,subscriber_count
KidsBabyBus HD,1670467429
NFVEVO,1671880215
Hot Wheels,1673293001
レトルト,1674705788
WildFilmsIndia,1676118574
NightcoreReality,1677531360
AlvaroSolerVEVO,1678944147
LukeCombsVEVO,1680356933
TomoNews Indonesia,1681769719
St3pNy,1683182506
EvanescenceVEVO,1684595292
DubstepGutter,1686008078
Genius,1687420865
GloriaTreviVEVO,1688833651
Dil Raju,1690246437
さっさん / SASSAN,1691659224
Young Thug,subscriber_count
Thinknoodles,1693072010
Google India,1694484796
Times Music,1695897583
TurboToyTime,1697310369
Wrzzer,1698723155
TODAY,1700135941
Deck,1701548728
Sangeeta Music,1702961514
BombaEstereoVEVO,1704374300
Aventura,1705787087
Kluna Tik,1707199873
BaLiTa - Baba Lili Tata,1708612659
Gloom,1710025446
BogMonsterZ,1711438232
jaipurthepinkcity,1712851018
TheGamingBeaver,1714263805
EllieGouldingVEVO,subscriber_count
PanArmenian TV,1715676591
LUDMILLA,1717089377
Dalas Review,1718502164
I Can See Your Voice PH,1719914950
RaeSremmurdVEVO,1721327736
Natalies Outlet,1722740523
LDShadowLady,1724153309
JoeyMontanaVEVO,1725566095
ChinoNachoVEVO,1726978882
MaitreGimsVEVO,1728391668
MsMojo,1729804454
Telemicro,1731217241
AvrilLavigneVEVO,1732630027
BlackStarTV,1734042813
Marunadan TV,1735455600
The Graham Norton Show,1736868386
Imagen Noticias,subscriber_count
AmyWinehouseVEVO,1738281172
News7 Tamil,1739693959
2MTV,1741106745
Philip DeFranco,1742519531
Primitive Survival Skills,1743932318
4NonBlondesVEVO,1745345104
LHUGUENY,1746757890
BibisBeautyPalace,1748170676
TmarTn2,1749583463
LeoDanVEVO,1750996249
FrancodeVitaVEVO,1752409035
Talk Shows Central by DRM,1753821822
DjMaRiiO,1755234608
PinkPanthersShow,1756647394
CD CHOICE Drama,1758060181
DozeCamp,1759472967
RuLingGame,subscriber_count
Bethel Music,1760885753
TopNotch,1762298540
OTV,1763711326
Gold Coast Music,1765124112
Annoying Orange Gaming,1766536899
CAguileraVEVO,1767949685
Flavia Calina,1769362471
MisterSatanZ,1770775258
Kontor.TV,1772188044
FESTIVALDEVINACHILE,1773600830
brunokguimaraes,1775013617
Polsat,1776426403
StevenCrowder,1777839189
Moriah Elizabeth,1779251976
fazz160,1780664762
BreakMan,1782077548
GameSprout,subscriber_count
SeseGel,1783490335
SMG4,1784903121
melo92i,1786315907
VICE News,1787728694
All Def,1789141480
Star Jalsha,1790554266
ProstoTV,1791967053
Fran MG,1793379839
LanaDelReyVEVO,1794792625
Telenovelas,1796205411
Gabriela Rocha,1797618198
Film&Clips,1799030984
The Fifth Dimension,1800443770
Daz Games,1801856557
Madonna,1803269343
We Are The Davises,1804682129
Imagen Entretenimiento,subscriber_count
Desimpedidos,1806094916
Red Bull,1807507702
RagnBoneManVEVO,1808920488
XpertThief,1810333275
VisitMexico,1811746061
Awesomeness,1813158847
GerardoOrtizVEVO,1814571634
CyndiLauperVEVO,1815984420
ZaiLetsPlay,1817397206
MLB,1818809993
jacksfilms,1820222779
taff,1821635565
FARRUKOVEVO,1823048352
Primitive Wildlife.,1824461138
VeeFriends GO!,1825873924
FunnyPig,1827286711
Akillheals,subscriber_count
Star Media,1828699497
Brijnaari Sumi,1830112283
BrunoBarrettoVEVO,1831525070
EduardoCostaVEVO,1832937856
The Rybka Twins,1834350642
David Solis Piano Music,1835763429
cosfit1,1837176215
rusplaying,1838589001
Miramax,1840001788
Nickelodeon France,1841414574
Combo Panda,1842827360
Big Animation,1844240146
Papa Jake,1845652933
Taz Network,1847065719
Thanthi TV,1848478505
Boomerang UK,1849891292
Studio Sangeeta,subscriber_count
DosEquisMx,1851304078
SuperbLyrics,1852716864
Nickelodeon Italia,1854129651
Banglavision DRAMA,1855542437
Thar Production,1856955223
The Action Lab,1858368010
Happy Bachpan,1859780796
BabyKVEVO,1861193582
SimoneSimariaVEVO,1862606369
Ventaneando,1864019155
TellyMasala,1865431941
Coisa de Nerd,1866844728
Did You Know ?,1868257514
TeamFourStar,1869670300
Marwa Loud,1871083087
BASS BOOSTED SONGS,1872495873
Univision,subscriber_count
Calle13VEVO,1873908659
JustJordan33,1875321446
TVN Chile,1876734232
Howcast,1878147018
joystick,1879559805
Duki,1880972591
Discovery Home & Health,1882385377
GoPro,1883798164
GQ,1885210950
EthanGamer,1886623736
Applause New York,1888036523
CiccioGamer89,1889449309
Khesari Music World,1890862095
SonsGames,1892274881
redimi2oficial,1893687668
Android Games,1895100454
Candy Land,subscriber_count
Verizon,1896513240
The Pals,1897926027
Safiya Nygaard,1899338813
The Daya Daily,1900751599
aiudesk,1902164386
BigDaddyHoffman1911,1903577172
Complex,1904989958
Disturbed,1906402745
noahsarklabel,1907815531
ExplosmEntertainment,1909228317
Mr. Nightmare,1910641104
Dosogas,1912053890
systemofadownVEVO,1913466676
iggyazaleamusicVEVO,1914879463
LaurenZside,1916292249
rewinside,1917705035
Capital FM,subscriber_count
Various Artists - Topic,1919117822
AlfredoOlivasVEVO,1920530608
The Real Daytime,1921943394
Jamal Al-imwase ـ جمال العمواسي,1923356181
Corridor Digital,1924768967
Yellow Music,1926181753
GaitherVEVO,1927594540
YlovesMUSIC,1929007326
Supernanny,1930420112
Bollywood Bai,1931832899
ZackScottGames,1933245685
ZoeVEVO,1934658471
Hope Music Ethiopia,1936071258
Scoop,1937484044
maidigitv,1938896830
RTGame,1940309616
JT Music,subscriber_count
CelineDionVEVO,1941722403
Disney Channel,1943135189
ModernTalkingVEVO,1944547975
UsherVEVO,1945960762
News18 Hindi,1947373548
ascadamusik,1948786334
GEMblog,1950199121
ATHLEAN-X™,1951611907
Cloe Breena,1953024693
BangerChannel,1954437480
Las Estrellas,1955850266
MGKVEVO,1957263052
Why Don't We,1958675839
MyLifeAsEva,1960088625
GermanLetsPlay,1961501411
YOYO TV Channel,1962914198
Bhojpuri Hit Songs,subscriber_count
jesseyjoyoficial,1964326984
Seventeen,1965739770
Gameplayrj,1967152557
BUSHIDO,1968565343
atiempopreescolar,1969978129
AllAroundAudrey,1971390916
Familia Diamond,1972803702
Man + River,1974216488
coilbook™ | Learning For Children,1975629275
monsterchannel24,1977042061
#Mentale Zuflucht,1978454847
iTownGamePlay *Terror&Diversión*,1979867634
Hardcore News,1981280420
Turk 1 by DRM,1982693206
mastkalandr,1984105993
SpyCakes,1985518779
xuxaVEVO,subscriber_count
Paternity Court,1986931565
No Jumper,1988344351
Zee Music Marathi,1989757138
KanyeWestVEVO,1991169924
Gronkh,1992582710
TV Derana,1993995497
Epitaph Records,1995408283
Fanta,1996821069
Schannel,1998233856
KidsTV123,1999646642
blndsundoll4mj,2001059428
Visit Abu Dhabi,2002472215
Bearhug,2003885001
AsfaltRecords,2005297787
WaveMusic,2006710574
Shemaroo Kannada,2008123360
TinenQa,subscriber_count
Hindi Movie Cult,2009536146
Cizzorz,2010948933
Tai Lopez,2012361719
Dorkly,2013774505
DisneyToysReview,2015187292
Wilderness Life,2016600078
FlaGeorgiaLineVEVO,2018012864
SurpriseFunTV,2019425651
HYPE,2020838437
MarcoASolisVEVO,2022251223
Entertainment Tonight,2023664010
TiestoVEVO,2025076796
The 8-Bit Arcade,2026489582
ค่ายโคนายและโจรมิวสิค,2027902369
돌섬,2029315155
Entertainment Access,2030727941
Talisa Tossell,subscriber_count
Pk Mast,2032140728
KendjiGiracVEVO,2033553514
Bongo,2034966300
Chromebook,2036379086
KinoCheck,2037791873
News Express,2039204659
LastWeekTonight,2040617445
LukeBryanVEVO,2042030232
VTubers,2043443018
sisters fun tube 2,2044855804
AP Archive,2046268591
Chase,2047681377
PJ Masks em Português - Desenhos Animados,2049094163
Anima,2050506950
Ruhrpottwache,2051919736
Venga La Alegría,2053332522
Arcangel,subscriber_count
Best Trends,2054745309
mania japansong,2056158095
Guinness World Records,2057570881
Midas Music,2058983668
One Challenge,2060396454
Grab Official,2061809240
MM7Games,2063222027
NirvanaVEVO,2064634813
Plush Time Wins,2066047599
Saskia's Dansschool,2067460386
Shishodia Cassettes,2068873172
MarkAngelComedy,2070285958
ArcadeGo.com,2071698745
Tomorrowland,2073111531
Kids Entertainment,2074524317
FiftyShadesVEVO,2075937104
Nuclear Blast Records,subscriber_count
Arazhul,2077349890
OasisVEVO,2078762676
stampylonghead,2080175463
DroidCheat,2081588249
Dope,2083001035
FrenchMontanaVEVO,2084413821
STORROR,2085826608
SMALLROOM,2087239394
Doctor Squish,2088652180
JustKiddingNews,2090064967
How It Should Have Ended,2091477753
CD Choice,2092890539
People Are Awesome,2094303326
Koo Koo TV Hindi,2095716112
GoodDayOfficial,2097128898
Primer Impacto,2098541685
ToyStation,subscriber_count
Channel 4,2099954471
Coby Persin,2101367257
L'atelier de Roxane,2102780044
Slipknot,2104192830
Fanpage.it,2105605616
ChrisStapletonVEVO,2107018403
Life with MaK,2108431189
Bulkin,2109843975
TVSmeshariki,2111256762
westlifeVEVO,2112669548
Power Volleyball,2114082334
Domics,2115495121
Zoom,2116907907
aliciakeysVEVO,2118320693
RadaanMedia,2119733480
Shemaroo Punjabi,2121146266
SaneuB,subscriber_count
Colgate-Palmolive Europe,2122559052
LaurDIY,2123971839
Top Trending,2125384625
Zee Studios,2126797411
JasonAldeanVEVO,2128210198
ExpCaseros,2129622984
Jovem Pan News,2131035770
Michou,2132448556
GunVsGun,2133861343
Hueva,2135274129
Danny Gonzalez,2136686915
ElBebetoVEVO,2138099702
SodaStereoVEVO,2139512488
Gabby16bit,2140925274
PretoNoBrancoVEVO,2142338061
Panic! At The Disco,2143750847
TotoVEVO,subscriber_count
Saawariya,2145163633
FitDance Life,2146576420
Only Human,2147989206
Turtle Interactive,2149401992
zoom,2150814779
fosterthepeopleVEVO,2152227565
LMFAOVEVO,2153640351
Shruti Arjun Anand,2155053138
Interesting Facts,2156465924
ZaraLarssonMusicVEVO,2157878710
Petco,2159291497
georgemichaelVEVO,2160704283
GenteDeZonaVEVO,2162117069
MarcusMartinusVEVO,2163529856
Craftronix,2164942642
Groovy The Martian,2166355428
RDC Banglar Geeti,subscriber_count
Smosh Games,2167768215
EnewsOdia,2169181001
The Voice of Nepal,2170593787
Haqeeqat TV,2172006574
LaBerisoVEVO,2173419360
gameranx,2174832146
Dwayne N Jazz,2176244933
Mumbo Jumbo,2177657719
Kindly Keyin,2179070505
JOHNSON´S® Baby Brasil,2180483291
Bon Appétit,2181896078
Disar5,2183308864
RimKVEVO,2184721650
Hollyscoop,2186134437
The Norris Nuts,2187547223
Hiru TV,2188960009
Really Clever Androids,subscriber_count
Ryan Upchurch,2190372796
Mehrban Ali,2191785582
Tati,2193198368
Selected.,2194611155
Movie Talkies,2196023941
Play4Games,2197436727
Pyrocynical,2198849514
Zero Media,2200262300
Peque Música,2201675086
New Bollywood TV,2203087873
Callux,2204500659
OfficialCKanVEVO,2205913445
BMTHOfficialVEVO,2207326232
AroundMeBD,2208739018
OSR Digital,2210151804
TheRussianBadger,2211564591
Emergency Awesome,subscriber_count
Jessi Uribe,2212977377
PharrellWilliamsVEVO,2214390163
AudioslaveVEVO,2215802950
Astro Gempak,2217215736
DemolitionRanch,2218628522
Eurovision Song Contest,2220041309
Ultra Marathi,2221454095
Kaumudy,2222866881
G M Dance Centre,2224279668
Green Day,2225692454
TEAM KUKU,2227105240
AlphaSniper97,2228518026
"Tyler, The Creator",2229930813
GBR - Giochi per Bambini e Ragazzi,2231343599
Global News,2232756385
Warner Music Spain,2234169172
WIRED,subscriber_count
LIVELOVEASAPVEVO,2235581958
SeanPaulVEVO,2236994744
KK CASSETTE,2238407531
LOKMAN,2239820317
Ricardo Arjona,2241233103
Baby Gizmo,2242645890
Monstercat Uncaged,2244058676
freekickerz,2245471462
BigDawsTv,2246884249
Орел и Решка,2248297035
Smithsonian Channel,2249709821
Oddbods Español,2251122608
Headspace,2252535394
Hnos. Damaris,2253948180
POPxoDaily,2255360967
DrDreVEVO,2256773753
NLaFourcadeVEVO,subscriber_count
Tulio Akar e As Gatinhas,2258186539
Official Arctic Monkeys,2259599326
MerkinMuffly,2261012112
Telemundo Entretenimiento,2262424898
T-Mobile,2263837685
Gucci Mane,2265250471
TheCranberriesVEVO,2266663257
DavidBisbalVEVO,2268076044
All in one,2269488830
Research Tv India,2270901616
All In One,2272314403
Show and Tell Toys,2273727189
XBRAKER VS ARCADE,2275139975
5FDPVEVO,2276552761
LODVGVEVO,2277965548
lozaus1,2279378334
CBS,subscriber_count
Smart duniya,2280791120
NPR Music,2282203907
EarthWindandFireVEVO,2283616693
HOTVODyoung,2285029479
Jenna Dewan,2286442266
ALL in one,2287855052
UrbanoVideosTV,2289267838
Tary,2290680625
CoasterForce,2292093411
Robin Schulz,2293506197
Color Man,2294918984
Level UP,2296331770
Die Antwoord,2297744556
HYPEX,2299157343
Love Forever,2300570129
Kubz Scouts,2301982915
GEICO Insurance,subscriber_count
Will It Slime?,2303395702
Jaze Cinema,2304808488
NellyVEVO,2306221274
@ATshortsATshorts,2307634061
TV9 Gujarati,2309046847
Oi,2310459633
Disney Kids Italia,2311872420
AnavitoriaVEVO,2313285206
TheBrainDit,2314697992
MANYACRAFT,2316110779
FilmiBeat,2317523565
SHREEBHAJAN,2318936351
WhatCulture Wrestling,2320349138
Monsta,2321761924
Daftar5 TV,2323174710
STARSHIP,2324587496
쉐리,subscriber_count
Veena Music,2326000283
Mac Miller,2327413069
Maasranga TV Official,2328825855
Nuke's Top 5,2330238642
Grandpa Kitchen,2331651428
MileyCyrusVEVO,2333064214
PragerU,2334477001
kiiroitori1229,2335889787
Active Self Protection,2337302573
No. 309,2338715360
VehliJantaRecords,2340128146
Thai PBS,2341540932
AbstrachujeTV,2342953719
ROBERT PG,2344366505
CaptainSauce,2345779291
Tarang Cine Productions,2347192078
Variety,subscriber_count
MehndiArtistica,2348604864
Crown Records,2350017650
MysticGotJokes,2351430437
Pebbles Hindi,2352843223
Palmashow,2354256009
Roadrunner Records,2355668796
Julia Silva,2357081582
ILuvOlitz2,2358494368
ALPACO,2359907155
HBO,2361319941
dontettotv,2362732727
NerdOut!,2364145514
Carbon Fiber Music,2365558300
DavidsTV,2366971086
SamsungChile,2368383873
Peter PlutaX,2369796659
NoahsNoah,subscriber_count
Poke,2371209445
FernandoSorocabaVEVO,2372622231
Global Health Media Project,2374035018
VS RECORDS,2375447804
RioromaVEVO,2376860590
LetsPlay,2378273377
The Ohana Adventure,2379686163
WisinYYandelVEVO,2381098949
Glee Scenes,2382511736
MagmaMusen,2383924522
Wylsacom,2385337308
MDTV NEWS OFFICIAL,2386750095
TwiinsCuliacanTv,2388162881
NickJonasVEVO,2389575667
UsagersDesLilas,2390988454
AerosmithVEVO,2392401240
Trend Central,subscriber_count
MaviSlime,2393814026
Ksysha Kids TV,2395226813
Nick Eh 30,2396639599
Magneoton,2398052385
Swami Ramdev,2399465172
TeroserPlay,2400877958
Joko & Klaas,2402290744
MTV Lebanon,2403703531
Swissbeatbox,2405116317
DatPiff,2406529103
iGameplay1337,2407941890
Levi's®,2409354676
DilsinhoVEVO,2410767462
中天電視,2412180249
Ameer Bros,2413593035
IGN Games,2415005821
BlastphamousHD TV2,subscriber_count
Phinxino,2416418608
Wamindia Movies,2417831394
DashieGames,2419244180
Yummy Cake,2420656966
TV5 News,2422069753
The Icing Artist,2423482539
Nando Moura,2424895325
WhatCulture,2426308112
Momo,2427720898
DaftPunkVEVO,2429133684
92 News HD,2430546471
Imran's Toy Reviews,2431959257
강아지,2433372043
NewMelody,2434784830
NeYoVEVO,2436197616
Niki and Gabi,2437610402
Dunya News,subscriber_count
foofightersVEVO,2439023189
Rvssian,2440435975
Radial by The Orchard,2441848761
Mythri Movie Makers,2443261548
The Living Tombstone,2444674334
luisitorey,2446087120
Blitz,2447499907
Bloveslife,2448912693
Lifia Niala,2450325479
Antena 1,2451738266
Animal Planet,2453151052
Machinima,2454563838
Cyberpunk 2077,2455976625
Smosh Pit,2457389411
Thomas & Friends,2458802197
LaSabri,2460214984
Village food factory,subscriber_count
TheScriptVEVO,2461627770
Queen Naija,2463040556
Gumbal,2464453343
DJHAMIDAOFFICIEL,2465866129
Origins Explained,2467278915
xxYjYxx,2468691701
Official iNews,2470104488
Comicbook.com,2471517274
TonightShowNet,2472930060
USA TODAY,2474342847
Single Track Studio,2475755633
Brandon Rogers,2477168419
Blox4Fun,2478581206
AdamThomasMoran,2479993992
Diki Duki Dariel,2481406778
Sunita Agarwal,2482819565
leorojasVEVO,subscriber_count
Discovery UK,2484232351
Debbie Doo Kids TV,2485645137
Lukas Graham,2487057924
RahatFAKhanVEVO,2488470710
camilaVEVO,2489883496
News Now,2491296283
Unisys Music,2492709069
ToniBraxtonVEVO,2494121855
FOUSEY,2495534642
CineBox Pictures,2496947428
Solo,2498360214
Ben 10,2499773001
Wismichu,2501185787
Bollygrad Studioz,2502598573
Wu Tang Collection,2504011360
MondoMedia,2505424146
Wankil Studio - Laink et Terracid,subscriber_count
moviecollectionjp,2506836932
Indian Tele Tadka,2508249719
DAYMOLITION,2509662505
jogodoido1,2511075291
NTV Entertainment,2512488078
EstrellaTV,2513900864
SelenaVEVO,2515313650
Kelli Maple,2516726436
Gibi ASMR,2518139223
Little Big,2519552009
Guardian News,2520964795
Cakes StepByStep,2522377582
JenniRiveraVEVO,2523790368
Disney Channel Africa,2525203154
Joe Weller,2526615941
Khan Academy,2528028727
GREAT IDEAS GREAT LIFE,subscriber_count
MonkeyBoo,2529441513
Screen Junkies,2530854300
KrazyGummy,2532267086
MediaoneTV Live,2533679872
TomoNews US,2535092659
Luli60able,2536505445
HI-TECH MUSIC LTD,2537918231
Funny Kids,2539331018
alpha m.,2540743804
AvonBR,2542156590
SumanTV Kannada,2543569377
Amazing Auditions,2544982163
ONE Championship,2546394949
AndreaBocelliVEVO,2547807736
Dread Mar I - Oficial,2549220522
SehatAQUA,2550633308
TGFbro,subscriber_count
CidadeAlertaRecord,2552046095
XAmbassadorsVEVO,2553458881
Wings Marathi,2554871667
LIT killah,2556284454
Rahim Pardesi,2557697240
EchorouknewsTV,2559110026
CBR,2560522813
Taco Hemingway,2561935599
Dan and Riya,2563348385
Jordan B Peterson,2564761171
GameTunes,2566173958
Iman Gadzhi,2567586744
Ediv Music,2568999530
Nathaniel Drew,2570412317
Ford India,2571825103
FR DANIEL POOVANNATHIL OFFICIAL,2573237889
Pamela Reif,subscriber_count
The Bong Guy,2574650676
John Ankerberg Show,2576063462
Dhurata Dora,2577476248
The Singing Walrus - English Songs For Kids,2578889035
Antroporama,2580301821
Hornstromp Series,2581714607
WildBrain Kids,2583127394
Free Time,2584540180
Rachit Rojha,2585952966
beIN SPORTS Asia,2587365753
Skills Factory,2588778539
Republic World,2590191325
KingKennyTv,2591604112
Nick Pro,2593016898
shooterwilliamson,2594429684
SoCal Supers,2595842471
Action Dhamaka,subscriber_count
RiahEditz,2597255257
Thijs Hearthstone,2598668043
Haru the Shiba Inu,2600080830
Drew Lynch,2601493616
Dazran303,2602906402
피기보이 PiggyBoy,2604319189
YOUCAR,2605731975
HD Melbourne Aviation,2607144761
Bad Chad,2608557548
Shruti Shorts,2609970334
MJ Fitness,2611383120
MotleyTV,2612795906
Adrian Gray Comedy,2614208693
Idiots,2615621479
Mediocre Man Comics,2617034265
Filmy Focus,2618447052
Flyingmeenaboi,subscriber_count
Gulf Oil India,2619859838
FRANKIEonPCin1080p,2621272624
Krishna Budhathoki,2622685411
Colors Gujarati,2624098197
BLOX STARZ TV,2625510983
PJ Explained,2626923770
Geraza,2628336556
green3y3guy,2629749342
Feminist Frequency,2631162129
Badshah,2632574915
B-rad,2633987701
Dolph C. Volker,2635400488
The Horizon,2636813274
CAPTAIN GPM,2638226060
Lahuri Tv,2639638847
Jaywillz,2641051633
Hook,subscriber_count
Nikkia Joy,2642464419
Viator,2643877206
Maddix // EXTATIC,2645289992
manlikeisaac,2646702778
With Kids[위드키즈],2648115565
YOLO HOUSE,2649528351
TydeLevi,2650941137
Rosie and Harry,2652353924
Premier Padel,2653766710
Miller Knives,2655179496
Historia Civilis,2656592283
Daft Punk,2658005069
Shrimpy,2659417855
Musicore,2660830641
Avneet Kaur,2662243428
BeforeTheyWereFamous,2663656214
BearAnima,subscriber_count
Kirill Neiezhmakov Timelapse & Hyperlapse,2665069000
Adam Raw,2666481787
Jeruhmi,2667894573
Austen Alexander,2669307359
Ulanovy,2670720146
子时当归,2672132932
Travel With Wife,2673545718
Golf.com,2674958505
Peter Santenello,2676371291
Wow Skills,2677784077
Nainika Thanaya,2679196864
Bob The Train - Nursery Rhymes & Cartoons for Kids,2680609650
MYSTIC7,2682022436
Studio Saraswati Official,2683435223
DeLirik,2684848009
Widya Soraya,2686260795
Hyderabad Diaries,subscriber_count
JuBaFilms,2687673582
CCMegaproductions,2689086368
shy styles,2690499154
JR Alli,2691911941
C4ETech English,2693324727
Sanjivani Music,2694737513
Ben Black,2696150300
Arroz Marisco,2697563086
Africha Entertainment,2698975872
Mr. Tops,2700388659
xQc,2701801445
SimplyTasha,2703214231
Sam Sharma TBC,2704627018
Rocky,2706039804
Orrange Studioz,2707452590
Pororo the Little Penguin,2708865376
MovieCon Animation,subscriber_count
Vendali - Roblox kanál,2710278163
Paayal Tena Short Videos,2711690949
Mr SunY,2713103735
Only Desi,2714516522
BRStv - Saltwater Aquariums & Reef Tanks,2715929308
Top Yummy,2717342094
MattShea,2718754881
V PRODUCTION,2720167667
Anandi Official,2721580453
TheFamilyHood,2722993240
AnimeOracle,2724406026
NEO UNLEASHED,2725818812
NTV Shows,2727231599
Family Movie Faves,2728644385
ITZY,2730057171
DARK SECRETS,2731469958
Johnny Tuivasa-Sheck,subscriber_count
The Ultimate Fights,2732882744
Dr Dray,2734295530
Baby Toot Toot - Nursery Rhymes and Kids Songs,2735708317
Prince Ea,2737121103
Cast Trending,2738533889
Gear Seekers,2739946676
Aam Aadmi Party,2741359462
Laugh Factory,2742772248
AD-WISE MEDIA ACTION MOVIEPLEX,2744185035
Quazies,2745597821
Barstool Sports,2747010607
Home Fitness Challenge,2748423394
Flying The Nest,2749836180
TexasGirly1979,2751248966
Super Gaming Family,2752661753
Adam Savage’s Tested,2754074539
SahibNoor Singh,subscriber_count
Lin Chiu,2755487325
SOLDADO COKE,2756900111
Karl Watson: Travel Documentaries,2758312898
Twin Tales,2759725684
Mango Indian Films,2761138470
Rowan Row,2762551257
Lewis Capaldi,2763964043
oddheader,2765376829
Real Civil Engineer,2766789616
Rocky Rakoon,2768202402
NBC New York,2769615188
BluCollection,2771027975
Miss McBlush,2772440761
Tech Burner,2773853547
MindChop,2775266334
ShalomTelevision,2776679120
Gwar Gamer,subscriber_count
Elitelupus,2778091906
Mahesh Chavan,2779504693
NerdECrafter,2780917479
Competition Wallah,2782330265
TQT HACKS,2783743052
NJR10HD,2785155838
Koo Koo TV Telugu,2786568624
Funnycatsandnicefish,2787981411
TheAMaazing,2789394197
1 Kg Biriyani,2790806983
Beauty Within,2792219770
Riddhi Music World,2793632556
TheTerrain,2795045342
Universal Music India,2796458129
Sheldon Evans,2797870915
Haste Raho,2799283701
You Love Dance.TV,subscriber_count
Driving Sports TV,2800696488
Geoff Marshall,2802109274
1312 Records,2803522060
Jordindian,2804934846
Greg's Kitchen,2806347633
Jurrivh,2807760419
Sunny Bunnies,2809173205
kpopper,2810585992
Talking Kitty Cat,2811998778
NileRed 2,2813411564
The McCartys,2814824351
BicycleDutch,2816237137
Online dance classes,2817649923
DIY Urban Gardening,2819062710
BRTV,2820475496
Vice Grip Garage,2821888282
Trevor Wallace,subscriber_count
A Doll Story,2823301069
Boxing Legends TV,2824713855
Elephant Company,2826126641
Sano,2827539428
Huddy,2828952214
Its AP - The RAIL MANIA (Avinash Patil),2830365000
Seek Adventure,2831777787
Farwalk Everwill,2833190573
Stef Sanjati,2834603359
SurpriseToys,2836016146
Spinar24HD,2837428932
jaz and harjit,2838841718
Machinery Magazine,2840254505
Jack Hartmann Kids Music Channel,2841667291
The Frustrated Indian,2843080077
AFP News Agency,2844492864
carolinabullyfarms,subscriber_count
ARROWS,2845905650
Florid Miston,2847318436
Pocketnow,2848731223
GeorgeNotFound Extra,2850144009
Jubin Nautiyal,2851556795
StoryTrender,2852969581
VIVINOS,2854382368
Girl With The Dogs 2,2855795154
Lizzy Capri,2857207940
Chandra Institute Allahabad,2858620727
Daily Game Moments,2860033513
Forgotten Weapons,2861446299
Project Zorgo,2862859086
Nico Rosberg,2864271872
Joseph's Machines,2865684658
Goldmines Housefull,2867097445
Dynamo Gaming,subscriber_count
Todays Toddler,2868510231
Expert Jatt,2869923017
WCDMUSIC,2871335804
Thogden,2872748590
Cardboard World,2874161376
ellieV,2875574163
Windows Central,2876986949
effspot,2878399735
Elton John,2879812522
Dr. John Campbell,2881225308
Jessie J,2882638094
Troydan Reacts,2884050881
Primer,2885463667
observations,2886876453
Matsimus,2888289240
Winding Road Magazine,2889702026
Perspective,subscriber_count
DIY Hamster Maze,2891114812
Emre 600rr,2892527599
Chloe Lukasiak,2893940385
Roland-Garros,2895353171
Top Viners,2896765958
hockeyfights.com,2898178744
Mishovy silenosti,2899591530
SWNS,2901004316
Wrestling Gold,2902417103
Tom Law,2903829889
Artsounds,2905242675
lyricsbymilly,2906655462
Khalid,2908068248
MCPE Journalist,2909481034
OfficialBoosie,2910893821
Fern Bahn (FernExpress),2912306607
WSTRN,subscriber_count
marsgizmo,2913719393
Crave,2915132180
Hannah & Regal,2916544966
bool,2917957752
Rajasthan Patrika,2919370539
WhiskerMoon,2920783325
Milli Star,2922196111
BobbyShmurdaVEVO,2923608898
vaandervik,2925021684
Glamour,2926434470
Steamhammer,2927847257
BTWJUSTIN,2929260043
Swarmz,2930672829
The Highlight Factory,2932085616
Pet Talk,2933498402
Mysterious Dunia,2934911188
Julius Dein,subscriber_count
Oh My Genius - Nursery Rhymes And Kids Songs,2936323975
Oshies World,2937736761
Laugh Over Life,2939149547
Aadab Digital,2940562334
Bijuu Mike,2941975120
LADB Restoration,2943387906
AFTV,2944800693
Aviation101,2946213479
Monkey Abroad,2947626265
CNBC International,2949039051
Sports Hour,2950451838
Baconnwaffles0,2951864624
Shelly&Penny,2953277410
PointCrow,2954690197
Nochtli Peralta Alvarez,2956102983
Yandel,2957515769
Lomadiah,subscriber_count
Liz Williams,2958928556
Asya Siam,2960341342
PRB News,2961754128
Tiko,2963166915
Vet Ranch,2964579701
OxfordUnion,2965992487
MojoPlays,2967405274
SheKnives,2968818060
TechMagnet,2970230846
TopPop,2971643633
Mubeen Saudagar Universe,2973056419
KNOX_FX,2974469205
MrZygy3,2975881992
aLexBY11,2977294778
Kannada Super Scenes,2978707564
LuigiDonatello,2980120351
YoSmoked,subscriber_count
Talk To Me In Korean,2981533137
Tech Logic in Telugu,2982945923
Nina Montagne,2984358710
I did a thing,2985771496
Ratta,2987184282
Tic Tac Toy Family,2988597069
Bruce Springsteen,2990009855
Priya's DIY Channel,2991422641
MY Cricket Production,2992835428
Judo Sloth Gaming,2994248214
Viwa Food World,2995661000
MitchellReacts,2997073786
Niki Nihachu,2998486573
Waseem 4K Movies,2999899359
BITAG OFFICIAL,3001312145
King Crane,3002724932
PapaFearRaiser,subscriber_count
Natural English,3004137718
BROTHERS VLOG,3005550504
Cool Tool WOW,3006963291
Alex Rodriguez,3008376077
Sri Balaji Comedy,3009788863
KidsCamp Nursery Rhymes & Learning Videos for Kids,3011201650
Crushit,3012614436
Bailey Sarian,3014027222
Ray Kitchen,3015440009
Trakin Tech Marathi,3016852795
IlluminaHD,3018265581
Mumford & Sons,3019678368
Sir Alex,3021091154
Nicobbq,3022503940
Jorja Smith,3023916727
PES,3025329513
DJALIL PALERMO,subscriber_count
Swarnavahini TV,3026742299
Ric Di Olive,3028155086
VIRTUAL JAPAN,3029567872
Kelly Sydnor,3030980658
Sfera Ebbasta,3032393445
DissociaDID,3033806231
Quiff,3035219017
Calfreezy,3036631804
Omar Raja - ESPN,3038044590
rajasthanroyals,3039457376
NEWS24,3040870163
Bryton Myler,3042282949
Andjobe,3043695735
BIGJACK45,3045108521
Channel Punjab,3046521308
FactWar,3047934094
sophdoeslife,subscriber_count
BOXINGEGO,3049346880
Dunkademics Official,3050759667
Independent Man,3052172453
Ruh,3053585239
Bharat Tak,3054998026
Comedy Group | კომედი ჯგუფი,3056410812
和之梦 - 官方频道,3057823598
ROCK INDIAN GAMER,3059236385
Savita Shekhawat,3060649171
Dan Music,3062061957
JPhanta,3063474744
danisnotinteresting,3064887530
MelzyGames,3066300316
Range Rover,3067713103
푸먹_foomuk,3069125889
Sheldrick Trust,3070538675
Ray William Johnson,subscriber_count
Arc North Daily,3071951462
Gaurav Thakur,3073364248
Scott Adkins,3074777034
SH10Comps,3076189821
Ring of Honor Wrestling,3077602607
TKHD,3079015393
RC LIVE ACTION,3080428180
Discover Kyoto,3081840966
Natural Health Remedies,3083253752
Tilak,3084666539
Jackson Wang,3086079325
Highlights Movies,3087492111
Emma Massingale,3088904898
Robert Welsh,3090317684
TuTiTuTV,3091730470
Hit TV Telugu,3093143256
Komal Pandey,subscriber_count
The Official Pat & Stan,3094556043
Tim Station,3095968829
MatJoy,3097381615
WhizL,3098794402
Sushant KC,3100207188
Chris Staples,3101619974
Twisted,3103032761
REDZONE,3104445547
XDubai,3105858333
Jay Shetty,3107271120
Microsoft,3108683906
KHOJI TV,3110096692
Rana Uzair Speaks,3111509479
에스오디 SOD,3112922265
KidsOne,3114335051
iJustine,3115747838
Sixty Formula,subscriber_count
La La Life Shorts,3117160624
Poke My Heart,3118573410
Wanda Diamond League,3119986197
The Pilot Channel,3121398983
JRM Studio,3122811769
Coco Renaee,3124224556
ScorpionsVEVO,3125637342
Helpful Vancouver Vet,3127050128
Gillian Bower,3128462915
JohnGodgamesHD,3129875701
PBS Eons,3131288487
Baby Toonz Kids TV - Nursery Rhymes & Kids Songs,3132701274
Koffee,3134114060
XXL,3135526846
Sharry Mann,3136939633
LouisTomlinsonVEVO,3138352419
Morgann Book,subscriber_count
Mugglesam,3139765205
Dog Training by K9-1.com,3141177991
PDTV News,3142590778
Thewizardliz,3144003564
Ponmutta Media,3145416350
ConnieTalbotOfficial,3146829137
Pinkie Pie,3148241923
WIN,3149654709
Fallout Plays,3151067496
Vinayak Mali,3152480282
Narmak,3153893068
Motorbikes Style,3155305855
Chamatkari Totke,3156718641
Chun Chin - Babys Songs & Stories,3158131427
Aravind SA,3159544214
Mike Boyd,3160957000
FartNSniff,subscriber_count
Ghetts,3162369786
Days and Words,3163782573
David Blaine,3165195359
Balochistan : Land of Beauty,3166608145
Geetha Arts Music,3168020932
Londonist Ltd,3169433718
General Conference of The Church of Jesus Christ,3170846504
Rescue & Restore,3172259291
Tech FC,3173672077
Stanford Graduate School of Business,3175084863
Rozana Spokesman,3176497650
HyundaiUSA,3177910436
Satheesh Shanmu,3179323222
illymation,3180736009
Iuonak,3182148795
TapL,3183561581
TheSportster,subscriber_count
BowFlex,3184974368
Norris Nuts Do Stuff,3186387154
Magician's Got Talent,3187799940
Bob Ross,3189212726
Ignited Animations,3190625513
Asia HOT,3192038299
Tess Christine,3193451085
MindYourLogic,3194863872
knowldge Factory,3196276658
Kid e Tales - English,3197689444
New England Reptile,3199102231
Sainty,3200515017
ImmersionVFX,3201927803
Gunna,3203340590
Brandon Carter,3204753376
Lex Fridman,3206166162
Saabkyle04,subscriber_count
Rosie Delmah,3207578949
Linh Nhi Shorts,3208991735
Motorcycles Special,3210404521
Cinekorn Action,3211817308
WeRateDogs,3213230094
Spor Delisi HD,3214642880
Pindex,3216055667
soundslikepizza,3217468453
MILYHYA,3218881239
Willcraft,3220294026
Rainy Day Boxing,3221706812
Rafe Young,3223119598
Mindy McKnight,3224532385
thecreaturehub,3225945171
MYSS KETA,3227357957
On Demand News,3228770744
LockPickingLawyer,subscriber_count
Life of Tom,3230183530
Telly Reporter,3231596316
Chi Chi WOW,3233009103
Maher Zain,3234421889
Beauty Secrets Hindi,3235834675
Fish Wildlife,3237247461
Saregama Bhakti,3238660248
Universal Pictures Canada,3240073034
Kotte Animation,3241485820
Sandi Brock,3242898607
Chess School,3244311393
PRK Audio,3245724179
wittySpace,3247136966
Fish Watching,3248549752
EA Star Wars,3249962538
Behindwoods Max,3251375325
TruckTube,subscriber_count
NTD,3252788111
Sive,3254200897
GrimesVEVO,3255613684
NICK JONAS,3257026470
Futcrunch,3258439256
Sorry,3259852043
Jimmys World,3261264829
乡村食叔,3262677615
BENBROS,3264090402
Squared Media,3265503188
Subi Suresh Official,3266915974
Cepcill,3268328761
President of India,3269741547
ICNA,3271154333
Taurus,3272567120
Yo Mama,3273979906
SOOBIN Official,subscriber_count
Modern Goalkeeping,3275392692
Bad Lip Reading,3276805479
Meghan Rienks,3278218265
Tin Siêu Còi,3279631051
Emezie Okorafor,3281043838
Mathrubhumi News,3282456624
Economics Explained,3283869410
SONU SINGH,3285282196
Yummy Waffle 야미와플,3286694983
Edwin Sarkissian,3288107769
Fixbook,3289520555
Rishi Dev,3290933342
Toronto Zoo,3292346128
VisitSingapore,3293758914
Good News Today,3295171701
ETV Life India,3296584487
TFB TV,subscriber_count
Aerosmith,3297997273
Blackfish,3299410060
Kory Little,3300822846
Octopus Entertainment,3302235632
Robert Himler & Amy Sangster,3303648419
PEAR哥,3305061205
Lidiya Francis,3306473991
szin,3307886778
Shadow Fight,3309299564
SourceFed,3310712350
Mike Salcedo,3312125137
5-Minute Crafts SHORTS,3313537923
FilmIsNow Epic Movie Zone,3314950709
Technothepig,3316363496
Mohsin Tv,3317776282
Togglism,3319189068
AT LIFE,subscriber_count
ATTAKATHI,3320601855
World According To Briggs,3322014641
Vahchef - VahRehVah,3323427427
Baylee Jae,3324840214
Not Enough Nelsons,3326253000
Toby Keith,3327665786
FITNESS ADDICT,3329078573
Alec Markarian,3330491359
MagicalMessi,3331904145
Horrid Henry,3333316931
iced out PTK,3334729718
Corpse Husband,3336142504
Beebom,3337555290
Nicki Swift,3338968077
Life Of Big Cat,3340380863
Chaz NBA,3341793649
FitByJasper,subscriber_count
ASMRSoundSpace,3343206436
Triple Charm,3344619222
SmoothMadnezz,3346032008
DontaesBoxingNation,3347444795
Kannur kitchen,3348857581
DhiruMonchik,3350270367
Shpendi10CFC,3351683154
Lil Durk,3353095940
Andy Phillip,3354508726
Bertie Gilbert,3355921513
RevZilla,3357334299
Dungeon Dudes,3358747085
WTD Productions,3360159872
Russell Brand,3361572658
PS360HD2,3362985444
Boram Tube ToysReview [보람튜브 토이리뷰],3364398231
CaragBTW,subscriber_count
Horror Skunx,3365811017
Naakout,3367223803
emmanoodle,3368636590
Wizz Friends,3370049376
PaperBatVG,3371462162
Not What You Think,3372874949
FirstCry TV,3374287735
Surfaced Studio,3375700521
Jennelle Eliana,3377113308
AniDen,3378526094
SHAY,3379938880
Reformatt Travel Show,3381351666
Pieface23 Clips,3382764453
GlamGully,3384177239
Meredith Foster,3385590025
Oliver Tree,3387002812
Stephen Ward,subscriber_count
Tiny Home Tours,3388415598
TheQuartering,3389828384
VuJae,3391241171
Loai RL,3392653957
Strange Parts,3394066743
Bollywood Fan,3395479530
Varun Grover,3396892316
ADVChina,3398305102
Tash Sultana,3399717889
EMPIRE Family,3401130675
KellyValleau,3402543461
XboxViewTV,3403956248
FunWithGuru,3405369034
Mr. Inventor,3406781820
Baylen Levine,3408194607
Avi Yemini,3409607393
The Operations Room,subscriber_count
Ali Gatie,3411020179
Space Videos,3412432966
The Blondie Boys,3413845752
The Timeliners,3415258538
LordDraconical,3416671325
Eurogamer,3418084111
RedKeyMon,3419496897
BossLadyFlix,3420909684
Marcus Veltri,3422322470
Sarah Angius,3423735256
Frame Order,3425148043
binkie.tv,3426560829
GABBEE,3427973615
kold,3429386401
ColdFusion,3430799188
Bi Bi - Big & Bizi,3432211974
PPO,subscriber_count
DuDuL,3433624760
Tayo the Little Bus,3435037547
Tom Simons,3436450333
ABS-CBN Star Music,3437863119
Mel in Melbourne,3439275906
In The Mix,3440688692
TV9 Bangla,3442101478
Portrait Painter Stefan Pabst,3443514265
Stephanie Lange,3444927051
Liana Jade,3446339837
steveo,3447752624
Beebo,3449165410
Lucas King,3450578196
Cynthia,3451990983
IMPACT FOUNDATION,3453403769
BD Sports Network,3454816555
The Beverly Halls,subscriber_count
NancyPi,3456229342
BWF TV,3457642128
Mr.Radio,3459054914
NitroLukeDX,3460467701
Mic Set,3461880487
AlotVines,3463293273
Foo Fighters,3464706060
ASEAN United FC,3466118846
Diamond Platnumz,3467531632
Night Lovell,3468944419
Bosch Global,3470357205
DEBOSS GARAGE,3471769991
Official Event Live,3473182778
3kliksphilip,3474595564
Candyland,3476008350
Dance TV,3477421136
Android Central,subscriber_count
ESPN FC,3478833923
Safe Light,3480246709
Ali Baba,3481659495
Crunchyroll,3483072282
Rob Plevin,3484485068
Stokes Twins Too,3485897854
Hay Day,3487310641
FunForKidsTV - Nursery Rhymes & Baby Songs,3488723427
Lando Norris,3490136213
TikToMania,3491549000
Rion Ishida,3492961786
FIG Channel,3494374572
seankingstonVEVO,3495787359
Flinty460,3497200145
The Spiffing Brit,3498612931
The Restorator,3500025718
FilmIsNow Action Movies,subscriber_count
SpottinGames,3501438504
Stuff of Life,3502851290
Superkids,3504264077
eFIXX,3505676863
ThemeParkHD,3507089649
Sandman,3508502436
Nelson Boys,3509915222
Keshen8,3511328008
AllEars.net,3512740795
ArchieBuld,3514153581
Matt Talks Tech,3515566367
Bouncing Baby TV,3516979154
RiVERSE LiVE,3518391940
Mr. Y,3519804726
Be Inspired,3521217513
Daniel Howell,3522630299
CallMeCarson,subscriber_count
Evample,3524043085
PopCross Studios,3525455871
DW News,3526868658
RoyTecTips,3528281444
TREY the Explainer,3529694230
Universal Comedy,3531107017
HunniBee ASMR,3532519803
Moona,3533932589
Darkhorse,3535345376
Samara,3536758162
crospotter13,3538170948
Simple Happy Zen,3539583735
Cargospotter,3540996521
Kurtis Baute,3542409307
MRLONDON,3543822094
Sub Urban,3545234880
The Right Opinion,subscriber_count
Manoj Dey,3546647666
Bundle Of Info,3548060453
Juliette Weg,3549473239
Fish With Carl,3550886025
YouAreCreators,3552298812
UATV English,3553711598
STREET MACHINE,3555124384
TIMES NOW,3556537171
ProgrammingKnowledge,3557949957
YAZ,3559362743
Candy Play TV,3560775530
Dogs Are Cute,3562188316
KidCudiVEVO,3563601102
timeanddate,3565013889
YOUKU-Get APP now,3566426675
Rahnee Bransby,3567839461
Maddie Lymburner,subscriber_count
England & Wales Cricket Board,3569252248
Skill:Draw,3570665034
Thalia,3572077820
FC Bayern München,3573490606
Furious Pete,3574903393
Casey Holmes,3576316179
Dhruv & Shyam,3577728965
Tito The Raccoon,3579141752
The Blondie Boys Shorts,3580554538
Saga Pop,3581967324
George Benson Travel,3583380111
Fani Samri,3584792897
Dân Thể Hình,3586205683
omozoc,3587618470
TheSighBored,3589031256
Luxy Hair,3590444042
Puzzle guy,subscriber_count
Hazegrayart,3591856829
Osvaldo Lugones,3593269615
Kygo,3594682401
Technical Sagar,3596095188
Fresh,3597507974
Ensiklopedia Al Fatih,3598920760
BYJU'S,3600333547
MADABOUTLEGO,3601746333
Towards Eternity,3603159119
Sturniolo Triplets,3604571906
Babycoma,3605984692
Indian Super League,3607397478
MaxPreps,3608810265
Jordi,3610223051
aimkid,3611635837
Harpreet SDC Shorts,3613048624
碰碰狐 鯊魚寶寶 (兒童兒歌・故事),subscriber_count
Jimdoga,3614461410
The One Club for Creativity,3615874196
Daggerwin,3617286983
Sabir Shakir,3618699769
Jeenie.Weenie,3620112555
pufflova,3621525341
Reptile Channel,3622938128
The Art of Improvement,3624350914
jackdoesskits,3625763700
Geethanjali - Travel Saga,3627176487
TomSka,3628589273
CNN-News18,3630002059
Jinti Fell,3631414846
PlayOverwatch,3632827632
GBB Cricket,3634240418
Twin Toys,3635653205
KIER and DEV,subscriber_count
Utkarsh Patel,3637065991
Caspar,3638478777
Everyday Food,3639891564
Forrestbono,3641304350
Luke Combs,3642717136
HKZ Sports Talk,3644129923
ArseRaptor,3645542709
The Tiny Foods,3646955495
Wander Woman's Travel Vlog,3648368282
LewisCapaldiVEVO,3649781068
Internet Historian,3651193854
Future's Finest,3652606641
AlliSports,3654019427
Smilecraft | Monster School,3655432213
Alexsplanet,3656845000
AnnaTwinsies,3658257786
Noskii,subscriber_count
Urdu Fairy Tales,3659670572
Madan Gowri,3661083359
MARCIANOTECH,3662496145
Flutter525,3663908931
DPJ,3665321718
LaserUnicorns,3666734504
Advoko MAKES,3668147290
Edd China,3669560076
GeoWizard,3670972863
Logical Bharat,3672385649
RATATA,3673798435
Mr. Everything,3675211222
MOSHPIT,3676624008
India4You,3678036794
Funny Or Die,3679449581
Beta Squad,3680862367
Soul Desire,subscriber_count
Phoenix SC,3682275153
Josh Leyva,3683687940
EUROLEAGUE BASKETBALL,3685100726
GLORY Kickboxing,3686513512
Hardigun,3687926299
The8Bittheater,3689339085
Matthew Weathers,3690751871
Russ,3692164658
Maa Paata Mee Nota,3693577444
Spoke,3694990230
Podel,3696403017
Bella Poarch,3697815803
Fénix Team,3699228589
Jeff Nippard,3700641376
FortNine,3702054162
ZFH Football,3703466948
Fitz,subscriber_count
MIGHTYDUCK,3704879735
Peoplive,3706292521
Md Tamim,3707705307
donyboy73,3709118094
The Battousai,3710530880
HJDoogan,3711943666
Ssoftoons Horror And Crime Hindi,3713356453
LakeForkGuy,3714769239
Tonka the Malamute AKA WaterWolf,3716182025
Blynk,3717594811
the litterate man,3719007598
RossBoomsocks,3720420384
Evan K,3721833170
VSB defense,3723245957
K'eyush The Stunt Dog,3724658743
kids zoo,3726071529
Visual Car Reviews,subscriber_count
Pepsi,3727484316
Fanaticalight,3728897102
Dagwummy,3730309888
Artcoaster,3731722675
Transport For NSW,3733135461
CBeebies,3734548247
Centers for Disease Control and Prevention (CDC),3735961034
Cleo Abram,3737373820
Funny Bunny,3738786606
Count Dankula,3740199393
Kuldeep Singhania Shorts,3741612179
mashed,3743024965
Aatma Music,3744437752
Bombastic Clips,3745850538
Veg Village Food,3747263324
Camodo Gaming,3748676111
Steve Morris Engines,subscriber_count
bald and bankrupt,3750088897
Pizzy Vibes,3751501683
Satisfying Slime Videos,3752914470
Cool Hack,3754327256
RackaRacka,3755740042
Heera Gold,3757152829
MandaloreGaming,3758565615
Melody Animation,3759978401
Peter Gabriel,3761391188
CamilaCabelloVEVO,3762803974
Lukas Rieger,3764216760
KTN News Kenya,3765629546
Moviebuff Tamil,3767042333
chungdha,3768455119
Pipe Cleaner Crafts B,3769867905
BCC Gaming,3771280692
GD's Highlights,subscriber_count
La Lido Loca,3772693478
Isaiah Miranda,3774106264
BigSeanVEVO,3775519051
Ashish Music Official,3776931837
UFC,3778344623
Cinéma Cinémas,3779757410
Robiul Experiment,3781170196
PakWheels.com,3782582982
Solidarity,3783995769
Pringus McDingus,3785408555
Moto phil,3786821341
Bobby Duke Arts,3788234128
qdeanc,3789646914
Westlife,3791059700
This is sumesh,3792472487
James Kingston,3793885273
Delak,subscriber_count
johnlegendVEVO,3795298059
Led Zeppelin,3796710846
Boffy,3798123632
Sam Feldt,3799536418
Funyaasi,3800949205
ProjectAir,3802361991
EdPlus777,3803774777
Ducati,3805187564
FLT,3806600350
Levi Bent-Lee,3808013136
제이케이바이브 JK Vibe,3809425923
Arts & Crafts,3810838709
Mr Tha Fishing,3812251495
RED FOOD,3813664281
Wankelmut Official,3815077068
clips mix,3816489854
Vincenzo's Plate,subscriber_count
Universal Studios Hollywood,3817902640
Daveyx3,3819315427
Jack Alexus,3820728213
AKHERLAHZA,3822140999
Insider Science,3823553786
brother & sister travel,3824966572
GSMArena Official,3826379358
Flying Beast,3827792145
Humans At Sea,3829204931
Rogue Huckster,3830617717
Hailee Steinfeld,3832030504
RealLifeLore,3833443290
Elanip,3834856076
Clara Kraft,3836268863
That'll Work,3837681649
Benny Hinn,3839094435
Cubic Animations,subscriber_count
مطبخ ديزى Daisy's Kitchen,3840507222
Dixita Karki,3841920008
EXCESSORIZE ME.,3843332794
André Rieu,3844745581
Chefclub,3846158367
Gaby and Alex,3847571153
Kalinga TV,3848983940
andreaXandrea,3850396726
MagicSoundOfficial,3851809512
ThinkTank Technologies,3853222299
Best Of Cake,3854635085
Kieran Brown,3856047871
The Next Team,3857460658
Mitchollow,3858873444
GTLive,3860286230
Vikatan TV,3861699016
DamonAndJo,subscriber_count
Honest Careers,3863111803
Till Lindemann,3864524589
habspuck,3865937375
MattCS,3867350162
Jeremy Hutchins,3868762948
The Prince and Princess of Wales,3870175734
EricVanWilderman,3871588521
Play Digital Originals,3873001307
Forge Labs,3874414093
Desi Health Tips,3875826880
MediaPro Music,3877239666
Zee Madhya Pradesh Chhattisgarh,3878652452
Squirrel,3880065239
Gharelu Nuskhe आयुर्ज्ञान,3881478025
Frank Michael Smith,3882890811
Taiga Crystal,3884303598
Mother The Mountain Farm,subscriber_count
DenotinFilms,3885716384
Matt Kempke,3887129170
The Theorizer,3888541957
Post Malone - Topic,3889954743
Latino Revolution,3891367529
What The Fukrey,3892780316
Dancing Dann,3894193102
Collab Creations,3895605888
One Hand Man,3897018675
Vans,3898431461
Connor And Liana,3899844247
FundyLIVE,3901257034
Véras,3902669820
ClutchPoints,3904082606
Voened / Netherlandssoccer,3905495393
Bax,3906908179
MT Vlog,subscriber_count
Jasmine Lipska,3908320965
Overly Sarcastic Productions,3909733751
BdotAdot5,3911146538
La Vida PenaVega,3912559324
No Text To Speech,3913972110
Cinema Junction,3915384897
PANDU GAMING,3916797683
Harrix,3918210469
Eagle Music City,3919623256
TEDxYouth,3921036042
Energy Tech,3922448828
DEFI BRILATOR,3923861615
NBC Sports,3925274401
Oregon Zoo,3926687187
MisterFilOfficial,3928099974
Parrot,3929512760
McLaren,subscriber_count
Sports Updates By Chandan 1,3930925546
TFLnow,3932338333
"Dad, how do I?",3933751119
MonarchsFactory,3935163905
Bobby Parrish,3936576692
CesarFlowers,3937989478
Triaxis Orbit Entertainment,3939402264
cimorelliVEVO,3940815051
Apni Kaksha Official,3942227837
Street Dog Pluto,3943640623
French Montana,3945053410
CA Rachana Phadke Ranade,3946466196
RiceGum,3947878982
Courtside Films,3949291769
Real Time with Bill Maher,3950704555
Assassins ARMY,3952117341
Lily Grace,subscriber_count
Nicole Guerriero,3953530128
FV FAMILY,3954942914
PolyMatter,3956355700
Exotics Lair,3957768486
GamingWithJen,3959181273
Ricky Rays,3960594059
Metal Family English,3962006845
Drewsmc,3963419632
MPZRACEVIDEO,3964832418
PB STUDIOS,3966245204
COMPLETE,3967657991
julien solomita,3969070777
Steve Wallis,3970483563
HuggyBoBo,3971896350
AwakenWithJP,3973309136
5-Minute DECOR,3974721922
Nucleus Medical Media,subscriber_count
GracieBreakdown,3976134709
WXYZ-TV Detroit | Channel 7,3977547495
Phy,3978960281
Air New Zealand,3980373068
VikkstarPlays,3981785854
LPGozzzi,3983198640
YoutubableHD,3984611427
Ghumante,3986024213
EpicDonutDude,3987436999
Kirya Kolesnikov,3988849786
ONE,3990262572
joseltp,3991675358
Live From Earth,3993088145
Jessica Kobeissi,3994500931
SypherPK,3995913717
SComics Play,3997326504
Dizzy DROS,subscriber_count
Warner Records,3998739290
Joey Kidney,4000152076
SIL3A KG,4001564863
Мульки-Игрульки,4002977649
Aunty Donna,4004390435
Captain Joe,4005803221
TheVampsVEVO,4007216008
Kennedy Cymone,4008628794
LIUBCHENKO,4010041580
Tion Wayne,4011454367
Melodify,4012867153
Eat With Mikey,4014279939
PhilsComputerLab,4015692726
Public TV,4017105512
Neytirix,4018518298
K-UA CREW,4019931085
Mazumaro,subscriber_count
Serum,4021343871
Genevieve's Playhouse - Learning Videos for Kids,4022756657
Psivewri,4024169444
Explore Bears & Bison,4025582230
Ginger Ninja Trickster,4026995016
BIG JET TV,4028407803
JesseDriftwood,4029820589
Lah-Lah,4031233375
滇西小哥 Dianxi Xiaoge,4032646162
Fitness Fighters,4034058948
Cool Tool,4035471734
Ozuna - Topic,4036884521
IRIDESCENCE Official,4038297307
Saroj Sharma,4039710093
Rahul Gandhi,4041122880
TheWacky,4042535666
YASH KE EXPERIMENTS,subscriber_count
English Jade · Learn English with engVid,4043948452
Kripparrian,4045361239
SAMTIME,4046774025
Cartooning Club How to Draw,4048186811
Rémi GAILLARD,4049599598
Updoot Studios,4051012384
Mr Carlson's Lab,4052425170
AZ Machinery,4053837956
FARANDULAGAY GAY,4055250743
JANTSUU,4056663529
YONII OFFICIAL,4058076315
Eckertainment,4059489102
Kids Planet,4060901888
Area of Interest,4062314674
The Laugh Track,4063727461
Jasmine Thompson,4065140247
EverXFun,subscriber_count
Sage Studios,4066553033
Primitive Daily KT,4067965820
RepairClinic.com,4069378606
LilNasXVEVO,4070791392
Power Wheels Videos,4072204179
Anton somewhere,4073616965
Sinners Domino Entertainment,4075029751
Armind,4076442538
Serenity,4077855324
Half-Asleep Chris,4079268110
SomeOrdinaryGamers,4080680897
FireEyes Gaming,4082093683
Tamil Fairy Tales,4083506469
Tyrrell's Classic Workshop,4084919256
CuriousInventor,4086332042
Tips Films,4087744828
Jake Sweet,subscriber_count
Crafty Hacks,4089157615
itslikelymakeup,4090570401
Tollywood,4091983187
Spirit of Cake,4093395974
Gaurav Arora,4094808760
The One Shu,4096221546
The People's Majority,4097634333
RFK1,4099047119
MasterGadgets - Amit Bhawani,4100459905
Liron Segev,4101872691
Keerthi Shrathah,4103285478
Merkley2012,4104698264
Surana Film Studio,4106111050
Gaz Oakley,4107523837
Summervibzz,4108936623
Koit,4110349409
Daniela M Biah,subscriber_count
Safa Islamic,4111762196
Paramore,4113174982
Galatta Voice,4114587768
SAVE THE ELEPHANTS,4116000555
Boyle Family Farm,4117413341
slowthai,4118826127
Abroad in Japan,4120238914
Epic History,4121651700
Fur Family,4123064486
The World of Boxing!,4124477273
J. Cole,4125890059
Rekha Aduge,4127302845
Sakshi TV Live,4128715632
BabaSharo TV | Kids Songs,4130128418
Sevou,4131541204
Always,4132953991
Allen Douangchak,subscriber_count
Daniel Krafft,4134366777
Eddsworld Extra,4135779563
Formula E,4137192350
Amy Lee Fisher,4138605136
Lost Again,4140017922
Lunay,4141430709
Students for Life of America,4142843495
मायो जापान Mayo Japan,4144256281
ILY,4145669068
JackManifoldTV,4147081854
Dope D.O.D.,4148494640
Ram Pothineni,4149907426
Jumblikans by ChuChuTV - Learning Videos for Kids,4151320213
Chevrolet,4152732999
Gears and Gasoline,4154145785
MD JCB XPERT,4155558572
Daily LOL,subscriber_count
Eetzi Productions,4156971358
ABC News In-depth,4158384144
Allrecipes,4159796931
YKKE,4161209717
Monkey sam,4162622503
Qualityfirst,4164035290
EzyCraft,4165448076
Australian Reptile Park,4166860862
Alien Being,4168273649
Learn English with Gill · engVid,4169686435
Karlee Steel,4171099221
DjEphixa,4172512008
Fabinho da Hornet,4173924794
Wirtual,4175337580
Matt & Abby,4176750367
Ghar Ghar ki Kahani Hindi,4178163153
PC Centric,subscriber_count
R.S News,4179575939
Dilchasp Malomat,4180988726
Bernard Bear,4182401512
Booredatwork.com,4183814298
Montreal Gazette,4185227085
Balex,4186639871
monday.com,4188052657
Utkarsh Classes,4189465444
Telugu TechTuts,4190878230
RM Videos,4192291016
Cole Rolland,4193703803
Raon,4195116589
Epipheo,4196529375
Joseph Carter the Mink Man,4197942161
Dr Hope's Sick Notes,4199354948
PavloBobo,4200767734
MercifulServant,subscriber_count
Marcello Barenghi,4202180520
Shirls,4203593307
Angel Bengali Songs,4205006093
Everleigh,4206418879
Natural World Facts,4207831666
KokiriGaming,4209244452
Asians Down Under,4210657238
ToryLanezVEVO,4212070025
Tom Harlock,4213482811
Amy Shark,4214895597
Pigeons & Planes,4216308384
Trip Pisso,4217721170
MRBEATS123,4219133956
TVFilthyFrank,4220546743
ArrDee,4221959529
Are U Super Cereal,4223372315
Sylvia Gani,subscriber_count
Lena,4224785102
EightSidedSquare,4226197888
iBallisticSquid,4227610674
Slapped Ham,4229023461
Legends Songs,4230436247
How to Survive,4231849033
The Beatles,4233261820
World Of Games,4234674606
SciShow Space,4236087392
Samantha Harvey,4237500179
The Brampton Boys,4238912965
NUZIHA & AJMAL,4240325751
Jenny Cipoletti,4241738538
MADISON WOOLLEY,4243151324
Lanterne Rouge,4244564110
Truecaller,4245976896
MissDarcei,subscriber_count
Guillaume Laffon,4247389683
Myanmar Fairy Tales,4248802469
KING WORLDWIDE,4250215255
RisingDragonSchool,4251628042
Chris Cornell,4253040828
Chem-X,4254453614
dojacatVEVO,4255866401
DIYfferent,4257279187
Chop Daily,4258691973
Kanak's Kitchen Hindi,4260104760
Nature Relaxation Films,4261517546
Trey Smith,4262930332
Altra Moda Music,4264343119
Peter And Friends,4265755905
Jeffabel and Friends,4267168691
thelonelyisland,4268581478
Shrads,subscriber_count
MonkeyStorm,4269994264
Alan Tours,4271407050
Memefarm,4272819837
Pongfinity,4274232623
Lex Veldhuis,4275645409
What So Not,4277058196
House Of Hoops,4278470982
Hamritox,4279883768
MelliArt,4281296555
MyIndia,4282709341
TobyGames,4284122127
Umeloe TV,4285534914
A&E,4286947700
InbetweenGamer,4288360486
Sr Pelo,4289773273
Brandon D'Eon Music,4291186059
Urdu Cover,subscriber_count
BerlinTomek,4292598845
Sri Balaji Full Movies,4294011631
Sonam Prajapati,4295424418
NewsNation,4296837204
Dave Bagnall,4298249990
Slaiman and Kate,4299662777
iOS Gaming Shorts,4301075563
Qari Muhammad Ilyas,4302488349
TPS,4303901136
Auditography,4305313922
iRaphahell,4306726708
Got Talent Global,4308139495
19Bozzy92,4309552281
DD ElectroTech,4310965067
Practical Engineering,4312377854
Accented Cinema,4313790640
The Jimmy Dore Show,subscriber_count
meech da peach,4315203426
TAWHID AFRIDI,4316616213
EliteMixtapes,4318028999
Paris & Pups,4319441785
Firelight,4320854572
martincitopants,4322267358
Crunchyroll Store Australia,4323680144
bordie,4325092931
PRG - Pyre realm gaming,4326505717
Jung Kook - Topic,4327918503
National Studio,4329331290
So Saute,4330744076
Zweng,4332156862
Theo Baker,4333569649
The X Factor UK,4334982435
Bart Baker,4336395221
Trace Elements,subscriber_count
SABO FX,4337808008
REITTV,4339220794
ABOVE INSPIRATION,4340633580
nagd2010,4342046366
GeorgeNotFound,4343459153
CAT MAN CHRIS,4344871939
iNabber,4346284725
MrMiko 2.0,4347697512
Alshad Ahmad,4349110298
nlovewithreborns2011,4350523084
ENM,4351935871
Ancestry,4353348657
Street FX Motorsport TV,4354761443
Busted Knuckle Films,4356174230
Washington Post Universe,4357587016
daiz,4358999802
SHMVEVO,subscriber_count
NEXT9NEWS हर खबर आप तक,4360412589
Drew Gooden,4361825375
Rachitroo,4363238161
Facts Box,4364650948
PLAN RUSIA,4366063734
Aroob Jatoi,4367476520
Toy Stars,4368889307
maxmoefoe,4370302093
JetLag Warriors,4371714879
Kevin Parry,4373127666
Tech Earning Support,4374540452
Mai Babies,4375953238
HouseMusicHD,4377366025
News24 Sports,4378778811
Awkward Puppets,4380191597
Kabonster “Kabonster”,4381604384
TOY GUMA,subscriber_count
ErasableNinja,4383017170
Behind The Meme,4384429956
Binge Central,4385842743
No Comment TV,4387255529
Experimental Fun,4388668315
František Hajdekr,4390081101
Mera Deen ISLAM,4391493888
Publicae,4392906674
List 25,4394319460
Nothin' But Lag,4395732247
xDuttinho,4397145033
Amit XYZ,4398557819
Boulder Creek Railroad,4399970606
newbalance,4401383392
Latest Track Records,4402796178
VarmiLP,4404208965
AirAsia,subscriber_count
The Piano Guys,4405621751
AK news,4407034537
emimusic,4408447324
Pebbles Kids Learning,4409860110
Chucklesome Creatures,4411272896
Jarno Opmeer,4412685683
DrDisRespect,4414098469
Euphoric Brothers,4415511255
DPCcars,4416924042
Real Madrid Albania,4418336828
Janta films,4419749614
Aadishakti Films,4421162401
Church Newsroom,4422575187
Extra Throttle House,4423987973
Cartoon Network Asia,4425400760
Unknown T,4426813546
MeidasTouch,subscriber_count
Nyma Tang,4428226332
Sky News Australia,4429639119
Sandip Karki,4431051905
Corinna Kopf,4432464691
TOLOnews,4433877478
Paul Davids,4435290264
Claire Sophia,4436703050
Gentleman,4438115836
Wrestle Highlights,4439528623
FRANKLIN WWT,4440941409
Tamilfact,4442354195
Skip the Tutorial,4443766982
Biswa Kalyan Rath,4445179768
Ludacris,4446592554
Lukie Mc,4448005341
Harald Baldr,4449418127
Zavidoff live,subscriber_count
BOL News,4450830913
K-Ville Entertainment,4452243700
Glenn Beck,4453656486
ItsBen,4455069272
Bon Bros Records,4456482059
ishnum munshi,4457894845
Ivanosark,4459307631
Ermz,4460720418
Facts Dastan,4462133204
ABCSongs,4463545990
West Coast Armory,4464958777
eve frsr,4466371563
YouTubers Sing,4467784349
MagicGum,4469197136
SHIVR,4470609922
MedCram - Medical Lectures Explained CLEARLY,4472022708
PrestonGamez,subscriber_count
The Mist,4473435495
Hindustan Gamer,4474848281
SimplePlan,4476261067
Bernadette Banner,4477673854
PNAU,4479086640
Daniela Andrade,4480499426
sakitech,4481912213
Africa Adventures,4483324999
Bondi Treasure Hunter,4484737785
Scooter,4486150571
Wolfie,4487563358
Alwi Musthofa Atas Air,4488976144
San Diego Zoo,4490388930
Absolute History,4491801717
SharkBlox,4493214503
Joga Sport,4494627289
Trend Max,subscriber_count
NellyFurtadoVEVO,4496040076
Sing King,4497452862
querlyNoMusic,4498865648
A24,4500278435
Regina Ginera,4501691221
RTHK 香港電台,4503104007
MrHaagsesjonny1,4504516794
James Arthur,4505929580
VisioRacer,4507342366
DaddyYankeeVEVO,4508755153
maxmoefoetwo,4510167939
Flabaliki,4511580725
Feenix SC,4512993512
VR Gorilla - Virtual Reality & 360 Videos,4514406298
Brandon Raynor's School of Natural Therapies,4515819084
RUPANBALFilms,4517231871
Grassroot Entertainment,subscriber_count
CupcakeJemma,4518644657
Sandesh News,4520057443
1puglife,4521470230
Udaya TV,4522883016
BlackWolfCompany,4524295802
Travel Master,4525708589
MarQuis Trill,4527121375
ASMRMagic,4528534161
PuthiyathalaimuraiTV,4529946948
Hindi Cartoons,4531359734
MAMAMOO,4532772520
Papa CRINGE,4534185306
XHIT Daily,4535598093
360HeliAdventures,4537010879
CHEN,4538423665
She Fashions,4539836452
Enca,subscriber_count
Clutterbug,4541249238
Comedy Central Stand-Up,4542662024
mrnigelng,4544074811
Shell,4545487597
W&W,4546900383
KAMIWAZA,4548313170
AlmightyArjen,4549725956
LatinNow,4551138742
DesiignerVEVO,4552551529
Petit Afro Official,4553964315
Lawn Tips,4555377101
Hyram,4556789888
Aurum,4558202674
GLAAD,4559615460
Ding Dong Ravers,4561028247
xMokerslag,4562441033
Mindvalley,subscriber_count
Jesse Lingard,4563853819
ItsNick,4565266606
SSJ9K,4566679392
Kavra,4568092178
Mehaboob Dil Se,4569504965
TheSoul Music,4570917751
Papa Jake Games,4572330537
Eagle Home Entertainments,4573743324
ACC Digital Network,4575156110
Scary Town Hindi,4576568896
DREAM MACHINES,4577981683
Flatbush Cats,4579394469
Dharitri Live,4580807255
Repent & Prepare The Way,4582220041
Munna bhai gaming,4583632828
Phoeberry,4585045614
Uosof Ahmadi,subscriber_count
Rockstar Games,4586458400
Sulit Tech Reviews,4587871187
Ruby Rube,4589283973
Wisdom for Dominion,4590696759
Dr Ujjwal Patni Business coach,4592109546
Paper Kawaii - Origami Tutorials,4593522332
Let's Do This,4594935118
Johnchi Ministries,4596347905
M3RKMUS1C,4597760691
RedConectate,4599173477
IWrocker,4600586264
Dark5,4601999050
JBC Audio,4603411836
Muscle Madness,4604824623
Shivangi Sah,4606237409
RangerJesse,4607650195
CAR TV,subscriber_count
Viral Guru,4609062982
Meteorologist Andy Hill,4610475768
Myth,4611888554
BGT News,4613301341
The Food Theorists,4614714127
Captain Nick,4616126913
Sarai Jones,4617539700
ENO,4618952486
Institute for Justice,4620365272
AGOOS MUSIC,4621778059
Siippyy Gill,4623190845
rather B welding,4624603631
UPROXX,4626016418
CDuffy,4627429204
Easy Hairstyles,4628841990
Jack Edwards,4630254776
Leffen,subscriber_count
Cooking With Ayeh,4631667563
Reena Kitchen point,4633080349
OnlyLeigh,4634493135
L I S A creation,4635905922
Andymation,4637318708
carbonSHOTS,4638731494
Brainiac75,4640144281
가나쌍둥이Ghana Twins,4641557067
TinoKidsTV,4642969853
Super Toons for Kids,4644382640
Blakkwood Records,4645795426
Sam's Toys,4647208212
Lena Crafts,4648620999
Pogo,4650033785
The BN Family,4651446571
Isabel imagination ASMR,4652859358
Karolina Rose,subscriber_count
sleepymully,4654272144
Arogyam,4655684930
Jaymax VI,4657097717
OVERDRIVE,4658510503
Kyle Exum,4659923289
RANCHOLAROSA,4661336076
KeyshiaColeVEVO,4662748862
Cities in 4K,4664161648
Mike Habjan,4665574435
Sport Vines 4U,4666987221
CaRtOoNz,4668400007
Gus Johnson,4669812794
Mabu Crush,4671225580
Elliott Hulse | STRENGTH,4672638366
Jackson & Shammi Vlogs,4674051153
Isaiah Photo,4675463939
Cyarin,subscriber_count
Roger That Investing,4676876725
Blue Origin,4678289511
Daniel Schiffer,4679702298
CrimeFreak,4681115084
B is for Build,4682527870
BollyMoviesMaza,4683940657
Dr Pastor Paul Enenche,4685353443
Skill Toy Guides,4686766229
Keyush Animation,4688179016
Pitbull,4689591802
MDK,4691004588
NDA Hack,4692417375
LordeVEVO,4693830161
TheChicNatural,4695242947
Sami Asim,4696655734
CarSpotterQVS,4698068520
ChillTracks,subscriber_count
No1 IDEAS,4699481306
Hugo Cornellier,4700894093
In The Night Garden - WildBrain,4702306879
AnthonySenpai,4703719665
Giallozafferano Italian Recipes,4705132452
Stopde,4706545238
Relax24,4707958024
Raheem Sterling,4709370811
Just For Laughs Gags,4710783597
SlowLorisChannel,4712196383
Geet MP3,4713609170
Nino Kuya,4715021956
Thinketh,4716434742
Harlem Fetty,4717847529
Satisfied Crush,4719260315
MAGIC!,4720673101
AmandaRachLee,subscriber_count
Ben Shapiro,4722085888
AutoVlog,4723498674
makko,4724911460
Latest Sightings,4726324246
TWO SIDE GAMER,4727737033
PGA TOUR,4729149819
Nirahua Music World,4730562605
पेप्पा पिग हिंदी - आधिकारिक चैनल,4731975392
MakeBd,4733388178
CHRIST TV,4734800964
electronicsNmore,4736213751
rekrap2,4737626537
Lil Baby Official,4739039323
Sim Mallec,4740452110
Namaste Nepal,4741864896
Emojoie,4743277682
It's all in a Nutshell Crochet,subscriber_count
Global Cycling Network,4744690469
Free Fire MAX Esports India Official,4746103255
떵개떵,4747516041
Conor Maynard,4748928828
The Motor Mouth,4750341614
Biden Inaugural Committee,4751754400
Filmylooks,4753167187
Karikku Tuned,4754579973
Churchill Television,4755992759
ABC7,4757405546
Dutch Bushcraft Knives,4758818332
iCrackUriDevice,4760231118
MagicCubeTV,4761643905
The Hindu,4763056691
Jack and Dean,4764469477
RocketJump,4765882264
Integza,subscriber_count
Engadget,4767295050
UnlockRiver,4768707836
Savannah Brown,4770120623
Andrea Bocelli,4771533409
Aakash Gupta,4772946195
Serge Ibaka,4774358981
Citizen TV Kenya,4775771768
Luc Bergeron (Zapatou),4777184554
Cinemassacre,4778597340
Louis Weisz,4780010127
TSM Explorations,4781422913
Jrizzy Jeremy,4782835699
Pinoy Kids Channel,4784248486
NASA Johnson,4785661272
Royal Music Factory,4787074058
Jason Pizzino,4788486845
Warner Bros. UK & Ireland,subscriber_count
Brad Hogg,4789899631
Jace Norman,4791312417
The Cat Behaviour Channel,4792725204
C-SPAN,4794137990
Yahoo Finance,4795550776
Repentance Channel,4796963563
TaDaBoom English,4798376349
Up and Atom,4799789135
SoaR,4801201922
CIVIL BEINGS,4802614708
Hongyu ASMR 홍유,4804027494
Tucker Budzyn Shorts,4805440281
One America News Network,4806853067
AJ+,4808265853
Wim Hof,4809678640
DestructionNation,4811091426
Indie Music Label,subscriber_count
Facedrawer - Arts & Paper Crafts,4812504212
Wendyskin,4813916999
Postman Pat Official,4815329785
miel,4816742571
Spanish Fairy Tales,4818155358
HopCat,4819568144
Mo Syed,4820980930
B&H Photo Video Pro Audio,4822393716
The Land Of Boggs,4823806503
TheoryGlobe,4825219289
Dutch The Hooligan,4826632075
Isabella Gonzalez,4828044862
SocksStudios,4829457648
Moxie2D,4830870434
RIFIANBOY,4832283221
Topic,4833696007
politicalhunt,subscriber_count
TechnoNerd,4835108793
Weebl's Stuff,4836521580
free지아,4837934366
GundamInfo,4839347152
The Spicy,4840759939
ToRung,4842172725
GamerJoob,4843585511
Oceana,4844998298
STAR GAMERS,4846411084
Goldmines Bollywood,4847823870
GuiGe,4849236657
ChuChuTV Portuguese,4850649443
Network A,4852062229
Kids Toys Play,4853475016
Hornstromp Games,4854887802
DutchSims4Master,4856300588
Funniest Animals,subscriber_count
Holtage Studios,4857713375
United Nations Development Programme (UNDP),4859126161
Open the Happy,4860538947
UNICEF,4861951734
Lovejoy,4863364520
DramaAlert,4864777306
Plan B,4866190093
SwagBoyQ,4867602879
Jojo Sim,4869015665
G Series Bangla Movies,4870428451
이웃집수달 Zoo Family,4871841238
Greenskull,4873254024
DougDoug: Published Author,4874666810
Vijayavani Digital,4876079597
DEATH BATTLE!,4877492383
Young MA,4878905169
The List,subscriber_count
Nadeshot,4880317956
davidxliza,4881730742
kmlkmljkl,4883143528
INNOVA Crafts,4884556315
Adel Sami,4885969101
Brien Foerster,4887381887
Sejal Entertainment,4888794674
Bobby White,4890207460
Kworld TV Hindi,4891620246
MATOLALE,4893033033
It's Me or the Dog,4894445819
AlStiff,4895858605
Helly's Simple Recipe,4897271392
Abra Cadabra,4898684178
Anthony & Ana,4900096964
bigclivedotcom,4901509751
Raj Musix Kannada,subscriber_count
Zoomer,4902922537
Gung Ho Vids,4904335323
9kriminal,4905748110
Celine Dion,4907160896
Prime Video,4908573682
Robbi Jan,4909986469
Junnie Boy,4911399255
★ Kids Roma Show,4912812041
Powdah,4914224828
Barrybee,4915637614
Desi Perkins,4917050400
Kunal Chhabhria,4918463186
Jungle Survival,4919875973
Elvis and Khaleesi,4921288759
Rujay,4922701545
Animation Viral,4924114332
Cars BOOM,subscriber_count
My Damn Channel,4925527118
Nenu Mee Srikanth (Aadhan),4926939904
Kpop Planet,4928352691
Gagan Choudhary,4929765477
Thoughty2,4931178263
Koleen Diaz,4932591050
Jefflau,4934003836
Jim Browning,4935416622
Sycra,4936829409
See U in History / Mythology,4938242195
Warfronts,4939654981
Louis Vuitton,4941067768
Global Punjab TV,4942480554
Rikki Poynter,4943893340
NCIX Tech Tips,4945306127
BigKleib34,4946718913
Nova Spiritual India,subscriber_count
Rebecca Maddie Challenges,4948131699
Funk Bros,4949544486
RCR,4950957272
JeffHK,4952370058
Leyalee art addict,4953782845
ItsMatrix,4955195631
Lyft,4956608417
Jenny Nicholson,4958021204
BBQwithFranklin,4959433990
Yvonne Catterfeld,4960846776
1320video,4962259563
Mac Address,4963672349
MeEnyu,4965085135
Grow Successful,4966497921
LazyTown,4967910708
Qman,4969323494
MasterChef World,subscriber_count
ChimneySwift11,4970736280
Hoolopee,4972149067
The Escapist,4973561853
Bishwo Ghatana,4974974639
DIYFans,4976387426
OneFootball English,4977800212
Stretford Paddock,4979212998
Arron Crascall,4980625785
Kiddiestv Hindi - Nursery Rhymes & Kids Songs,4982038571
Thoisoi2 - Chemical Experiments!,4983451357
Wonderful Engineering,4984864144
Lenovo,4986276930
AprendemosJuntos,4987689716
Evidz,4989102503
Morrisson,4990515289
Digo Thuler,4991928075
TheMacLife,subscriber_count
fantayzia,4993340862
LifeVestInside,4994753648
The Art of Photography,4996166434
Spencer & Alex,4997579221
WILDERNESS COOKING,4998992007
Toys Time,5000404793
Mashakbeen,5001817580
Snazzy Tamilachi,5003230366
CityLeagueHoopsTV,5004643152
HoobastankVEVO,5006055939
JxmyHighroller,5007468725
Justin Brown - Primal Video,5008881511
Strive to Be,5010294298
Juventus,5011707084
Christian Nielsen,5013119870
Dante Ravioli,5014532656
FDOR,subscriber_count
Fingers Breakdance,5015945443
DILRAJ SINGH,5017358229
Hot Emma,5018771015
Disney India,5020183802
Theme Park Worldwide,5021596588
Pryszard Android iOS Gameplays,5023009374
IDJVideos.TV,5024422161
Ashwin,5025834947
STAR NEWS 24-24,5027247733
Dr Shalini Mohan's Treatment,5028660520
Motorcycle USA,5030073306
Real Science,5031486092
gardening ideas & tips hindu guru goyal,5032898879
Calen Chan,5034311665
Insym,5035724451
Rob Dahm,5037137238
ProducerMichael,subscriber_count
WatchMojoUK,5038550024
John Glasscock,5039962810
The Fixies,5041375597
Nicholas Yee,5042788383
Masala Kitchen,5044201169
Salu Kitchen,5045613956
The Global Goals,5047026742
Ryland Adams,5048439528
RazNitzanMusic,5049852315
FOX The Cutest Dog in the West,5051265101
Firebase,5052677887
PetsOnly,5054090674
Major Lazer Official,5055503460
Awadhesh Premi Official,5056916246
The Reptarium,5058329033
iPoint,5059741819
Ali Shanawar,subscriber_count
Rabbids Invasion,5061154605
WadZee,5062567391
Lana Condor,5063980178
Kauczuk,5065392964
Grace's World,5066805750
Kaur B,5068218537
Unnecessary Inventions,5069631323
Eve Cornwell,5071044109
Vitality Advocate,5072456896
The Small Workshop,5073869682
SureshProductions,5075282468
Ella Mai,5076695255
America's Test Kitchen,5078108041
Eric Okafor,5079520827
English Fairy Tales,5080933614
Harvy Sandhu,5082346400
legitbread,subscriber_count
FASH,5083759186
PolarSaurusRex,5085171973
Boris GameX,5086584759
Tractorspotter,5087997545
Junya.じゅんや,5089410332
Sher Ghani,5090823118
Examपुर,5092235904
Sidhu Moose Wala,5093648691
Laidback Luke,5095061477
Boxoffice ANIMATION ☆ Movie Scenes,5096474263
TALENT TADKA,5097887050
MNcompsJR,5099299836
WeTalkFootball,5100712622
SamsuL OfficiaL,5102125409
THAIBEATS,5103538195
Slamacow,5104950981
Tristan Jass,subscriber_count
Top 10 Nerd,5106363768
Defiant Wrestling,5107776554
Armada Music TV,5109189340
CATCH EM ALL FISHING,5110602126
Fabiosa Stories,5112014913
IBC Tamil,5113427699
Kenneth Copeland Ministries,5114840485
FunnyGames,5116253272
News18 Lokmat,5117666058
furrylittlepeach,5119078844
2BCProductions2BC,5120491631
Brian Barczyk,5121904417
Adrian Bliss,5123317203
MiniminterClips,5124729990
BuckHollywood,5126142776
Factivist Room,5127555562
SHProductions,subscriber_count
Luke Bryan,5128968349
vivo Philippines,5130381135
Disguised Toast,5131793921
Sun NXT,5133206708
Liam Vickers Animation,5134619494
Morgz Mum,5136032280
BBF,5137445067
T-Cloud,5138857853
Sanjeev Kapoor Khazana,5140270639
FEEL MY STYLE,5141683426
ADCArtAttack,5143096212
Alexis Stone,5144508998
Justine Leconte officiel,5145921785
RajmanGaming HD,5147334571
SURFING VISIONS,5148747357
Car Acceleration TV,5150160144
MKIceAndFire,subscriber_count
SML,5151572930
PapaKleb,5152985716
Future House Music,5154398503
Mr. Amazing Works,5155811289
V Movies,5157224075
Logic,5158636861
Northernlion,5160049648
Bob ToysReview,5161462434
shroud,5162875220
styropyro,5164288007
THE HACK,5165700793
Jordan Yeoh Fitness,5167113579
Royal Caribbean Blog,5168526366
Albino,5169939152
livbev,5171351938
Gamer Chad,5172764725
ZMDE,subscriber_count
Pen  Bhakti,5174177511
Gabriel Iglesias,5175590297
SunnyV2,5177003084
Qantas,5178415870
Spin Master,5179828656
That's My Story,5181241443
Fun For Kids TV - Hindi Rhymes,5182654229
Jansatta,5184067015
Otaku-Vs,5185479802
ViralBe,5186892588
Top Media,5188305374
Peppzzii,5189718161
BPS.space,5191130947
Lael Hansen,5192543733
Mashable Screening,5193956520
James Hoffmann,5195369306
Delicious Food,subscriber_count
Troy Time,5196782092
Hasnain Technical,5198194879
Crafting Pulse,5199607665
Tessa Violet,5201020451
Plasma Channel,5202433238
HD1080ide,5203846024
Good Machine,5205258810
TheHappieCat,5206671596
Feudly,5208084383
Gaurav Chaudhary,5209497169
Emm Pee,5210909955
MrsRemiAshten,5212322742
Nabeel Nawab,5213735528
OddViolin,5215148314
Ex Battalion Music,5216561101
MitchGames247,5217973887
Orryy.,subscriber_count
Roblox Iffy,5219386673
Xhensila Myrtezaj,5220799460
Spencer FC,5222212246
Xiaomi,5223625032
Hindustan special,5225037819
Michelle Khare,5226450605
Soraalam1,5227863391
CK Wraps,5229276178
Kokila Pawan Jayasooriya,5230688964
Pranjal Kamra,5232101750
The Herd with Colin Cowherd,5233514537
Game Jam,5234927323
Samara Redway,5236340109
SuperBike Racer,5237752896
KYLE.ENGINEERS,5239165682
Mridul Madhok,5240578468
DesertFoxAirsoft,subscriber_count
Bryzerse,5241991255
JS Films,5243404041
Yo Amo El Fútbol,5244816827
All India Bakchod,5246229614
Bryan Adams,5247642400
chess24.5,5249055186
Nick Rowley,5250467973
The McFive Circus,5251880759
Jingle Toons,5253293545
Everest Marathi,5254706331
ANK News,5256119118
Rambaan Aushadhi,5257531904
Macam TV,5258944690
Enilsa,5260357477
RACINGFAIL!,5261770263
khushi Choudhary,5263183049
GlobeTrotter Alpha,subscriber_count
Labrinth,5264595836
BriannaPlayz,5266008622
Bisayang Hilaw,5267421408
INDAY GARNET,5268834195
Shyamlis Kitchen,5270246981
Max Klymenko,5271659767
sweetandtastyTV,5273072554
Snake Discovery,5274485340
Drake - Topic,5275898126
Nickehfilms,5277310913
Tofupupper,5278723699
YMS,5280136485
Teenantico,5281549272
FaZe Jev,5282962058
Rolve,5284374844
LegendofTotalWar,5285787631
EuropeVEVO,subscriber_count
Funcho,5287200417
Viral Feed,5288613203
peta2TV,5290025990
Karl Rock,5291438776
DC Kids,5292851562
CotDammitElizabeth,5294264349
史萊恩資訊網,5295677135
Kongsuni and Friends,5297089921
8D SOUNDS,5298502708
jmarcoz,5299915494
Dimucc,5301328280
Bipul Chettri,5302741066
LilWayneVEVO,5304153853
GV Among Us,5305566639
TASTY LINE,5306979425
Beautiful OB,5308392212
Faydalı Videolar,subscriber_count
Jase Animates,5309804998
Harshit - FitHIT,5311217784
Bengali Movies- Angel Digital,5312630571
Alan Jackson,5314043357
A Current Affair,5315456143
Dr. Najeeb Lectures,5316868930
STRELKA STREET FIGHTS,5318281716
CJ SO COOL,5319694502
Haresh With Fun,5321107289
Submission Radio,5322520075
Valeria Lipovetsky,5323932861
MouseSteps / JWL Media,5325345648
Dongo,5326758434
Sideprojects,5328171220
Jonathan Cahn Official,5329584007
Condé Nast Traveler,5330996793
wuant,subscriber_count
SnoopDoggTV,5332409579
Hindustani Helper (Praveen Mahuliyaar Shukla),5333822366
James Welsh,5335235152
Newegg Studios,5336647938
ZackScott,5338060725
TheLolHounds 2.0,5339473511
Gem Tunes,5340886297
LMC Digital Media,5342299084
Rebecca Zamolo,5343711870
Cooler2000,5345124656
The Sun,5346537443
Microsoft Surface,5347950229
Atarah Mayhew,5349363015
Tiametmarduk,5350775801
Guy Tang,5352188588
Shaun,5353601374
SKILLER,subscriber_count
NRS_RAJASTHANI_MUSIC,5355014160
Troom Troom IT,5356426947
TheDanocracy,5357839733
UKF Dubstep,5359252519
Inside FBCG,5360665306
Bratoons,5362078092
Jane & Sergio 🥰,5363490878
TheMermaidscales,5364903665
WarLeaks - Military Blog,5366316451
SA StudentTV,5367729237
Joogie,5369142024
Alham Rana Muhammad,5370554810
Saksham Magic,5371967596
ManyKudos,5373380383
MDP,5374793169
Big and Fast Eaters,5376205955
JD,subscriber_count
Jeff Dunham,5377618742
Hoopmixtape,5379031528
MrCrayfish,5380444314
Ocho Verde Wildlife Channel,5381857101
Sur Sagar Music,5383269887
mmmEnglish,5384682673
Jake Ceja,5386095460
Prestige Clips,5387508246
The Why Files,5388921032
stevie boebi,5390333819
Sunday,5391746605
NAV,5393159391
Beau Miles,5394572178
Ocean Wisdom,5395984964
Jorden Tually,5397397750
MCGamerCZ,5398810536
MeganPlays,subscriber_count
Tom Merrick,5400223323
The Kleb,5401636109
CBS Evening News,5403048895
Conagh Kathleen,5404461682
Kym Illman,5405874468
Scribbler Productions,5407287254
MotorOctane,5408700041
Mark Production,5410112827
Study Buddy Club,5411525613
Prabhu Bhakti,5412938400
Teo CRi,5414351186
Lamborghini,5415763972
LOL JUST FOR LAUGHS,5417176759
Samsung Indonesia,5418589545
joshiiwuh,5420002331
Primecutpro,5421415118
RC TRUCK ACTION,subscriber_count
LYCAN,5422827904
Aryan verma studios,5424240690
Samantha Strange,5425653477
Cars with Luke,5427066263
Kabi,5428479049
Chocolate Cacao チョコレートカカオ,5429891836
Josh Talks,5431304622
Sanjay Dey,5432717408
The CATCH Em'z,5434130195
FallOutBoyVEVO,5435542981
noriyaro,5436955767
Pluto V2,5438368554
steveioe,5439781340
Attraction Spot,5441194126
Perry Stone,5442606913
Living Faith Church Worldwide,5444019699
Super Wings,subscriber_count
IsyCheesy,5445432485
Motivation2Study,5446845271
Matt McGuire,5448258058
Yellow Brick Cinema - Relaxing Music,5449670844
Sooshi Mango,5451083630
Amazon Prime Video Sport,5452496417
MetaverseKids,5453909203
AllToyCollector,5455321989
Savage Brick Sports,5456734776
NRG Thoom House,5458147562
Bharat Today 24x7,5459560348
Alodia Gosiengfiao,5460973135
Orange Juice Gaming,5462385921
Nonparry,5463798707
Alejandro Rossi,5465211494
Red Chillies Entertainment,5466624280
FlareTV,subscriber_count
Deadly Women - Official Channel,5468037066
Doni Bobes,5469449853
Graduate ff,5470862639
Universal Movies,5472275425
STMPD RCRDS,5473688212
백현 Baekhyun,5475100998
Hailey's Magical Playhouse for Kids,5476513784
Unique Vibes,5477926571
Half Engineer,5479339357
SULTAAN,5480752143
SUPER KIDS TV,5482164930
JoshPalerLin,5483577716
Chess Talk,5484990502
Naira Marley,5486403289
Shemaroo Gujarati,5487816075
BT21,5489228861
TellyTalkIndia,subscriber_count
RSY Entertainment,5490641648
URBAN PENDU RECORDS,5492054434
vIRAL rIDER,5493467220
TraderTV Live,5494880006
Kanak News,5496292793
SPN9NEWS सामाजिक आईना,5497705579
Patrick Boivin,5499118365
Anas Hashmi,5500531152
MA Music,5501943938
Feeding Steven,5503356724
c90adventures,5504769511
Ganesh Videos,5506182297
Mozekyto,5507595083
Fact5,5509007870
hartbeat,5510420656
Asian Paints,5511833442
Music by Blanks,subscriber_count
Just Ameerah,5513246229
Rauf & Faik,5514659015
Gingeas,5516071801
Physics Wallah - Alakh Pandey,5517484588
MotivatorForum,5518897374
YellowBench Tamil,5520310160
Nile Wilson,5521722947
The Dog Daddy,5523135733
Air Canada,5524548519
On The Roofs,5525961306
jschlattLIVE,5527374092
MinipangTV,5528786878
DVV Entertainment,5530199665
Sean Pinder,5531612451
Embassy One,5533025237
Black Flag Army,5534438024
Priya and Sid,subscriber_count
Chotoonz TV - Funny Cartoons,5535850810
Bad Obsession Motorsport,5537263596
makemylogic,5538676383
RCDriftTok,5540089169
Daily Post Punjabi,5541501955
3B Hoops,5542914741
Sarah Betts,5544327528
iCase Mobile Service Center,5545740314
Foodi Shoodi,5547153100
SRS Media Vision | Kannada Full Movies,5548565887
American Kennel Club,5549978673
Block Facts,5551391459
Unreported World,5552804246
TheElmoMusic,5554217032
Tal Oran - TheTravelingClatt,5555629818
hot for food,5557042605
Lazar Angelov,subscriber_count
Hicko,5558455391
Little Big Shots,5559868177
Creative Think,5561280964
Trimix,5562693750
Keiji RO,5564106536
Little Simz,5565519323
TFJJ,5566932109
Nice Peter,5568344895
Romeo Lacoste,5569757682
ChristopherOdd,5571170468
Royal Enfield,5572583254
DRJ Records Movies,5573996041
100huntley,5575408827
Adorea Olomouc,5576821613
Baby Keem,5578234400
EVOLUTION CINEMAS,5579647186
Ishtar Regional,subscriber_count
Big Think,5581059972
KidCity,5582472759
Our History,5583885545
Fandango at Home,5585298331
driving 4 answers,5586711118
The Jazz Hop Café,5588123904
Nico Leonard,5589536690
Ospenarium,5590949476
News Buzz,5592362263
MyClassicCarTV,5593775049
Jesse James West,5595187835
Turbo Entertainment,5596600622
RCScaleAirplanes,5598013408
USA RAJA Telugu vlogs,5599426194
Robert Clancy,5600838981
Xbox,5602251767
JustCartoons,subscriber_count
Mahila Utthan Mandal,5603664553
ALEXITY,5605077340
The London Standard,5606490126
Amazon Discount Fairy,5607902912
The Wilson Family,5609315699
Sheet Music Boss,5610728485
Panlasang Pinoy,5612141271
FortniteBRFeed,5613554058
Gavin Magnus,5614966844
OUR STUPID REACTIONS,5616379630
Apollo,5617792417
Mini Katana,5619205203
Mercedes-AMG Petronas Formula One Team,5620617989
Elegance,5622030776
Drain Addict,5623443562
Making it happen Vlog,5624856348
TYT Sports,subscriber_count
Adrienne Tessier,5626269135
BucketPlanks,5627681921
Weed 'em & Reap,5629094707
Our Comedy,5630507494
Blok & Dino,5631920280
We laugh,5633333066
Nazar Battu,5634745853
MiniforceTV,5636158639
Grant Cardone,5637571425
FTD Facts,5638984211
emi wong,5640396998
Green House Seed Co,5641809784
Vertex Records,5643222570
Schenik,5644635357
DirtyMoneyVEVO,5646048143
Geography Now,5647460929
Channel i Tv,subscriber_count
LoeyLane,5648873716
Allen Tsai,5650286502
Itchy Boots,5651699288
Ayu Tips in Hindi,5653112075
Motivedia - Boxing,5654524861
ImNotaCasualty,5655937647
Crazy Universe,5657350434
Ben Lionel Scott,5658763220
Peppa Foodie,5660176006
Logdotzip,5661588793
alexias788,5663001579
MOVIES HD,5664414365
thisisnoizy,5665827152
Animations Xplaned,5667239938
Sub2loveliveserve,5668652724
COPA90 Football,5670065511
Phone Repair Guru,subscriber_count
Christian Maté Grab,5671478297
BMW,5672891083
XDA,5674303870
Will Power,5675716656
Fasterproms,5677129442
The Series Room,5678542229
Pitmaster X,5679955015
Aznromeo,5681367801
Tanya Hennessy,5682780588
DeluxPlays,5684193374
Rousseau,5685606160
Devon Crawford,5687018946
How To Cake It,5688431733
Editorial Natural Beauty556,5689844519
D&B Nation,5691257305
fliptopbattles,5692670092
Respect - More Than Just a Word,subscriber_count
The Emirates FA Cup,5694082878
Anand Audio Kannada Comedy,5695495664
Justmaiko,5696908451
Austin Sprinz,5698321237
Tina Halada,5699734023
VIEWS,5701146810
Shanice Slatter,5702559596
DeadlyGaming266,5703972382
Remainings,5705385169
Council on Foreign Relations,5706797955
Elly Awesome,5708210741
OLD STORY,5709623528
Ace Videos,5711036314
Humane World for Animals,5712449100
2PacVEVO,5713861887
nikeskateboarding,5715274673
Her 86m2,subscriber_count
Kal,5716687459
Jacob Laukaitis,5718100246
Gyan Gamingㅤ,5719513032
Payton Delu,5720925818
les Segpa,5722338605
Little Lizard Adventures,5723751391
HandCraft,5725164177
Easy Cakes Decorating Ideas,5726576964
SIS Media,5727989750
Zeus,5729402536
Crush it ! - Amazing Experiments,5730815323
ClickView,5732228109
Yashraj Mukhate,5733640895
TanqR,5735053681
Leroy Sanchez,5736466468
Kimer “RawCut” Lorens,5737879254
Food Fatafat Kitchen,subscriber_count
Nightmare Tales,5739292040
Shan e Delhi,5740704827
Crazy India,5742117613
Talking Tom & Friends TV Mini,5743530399
Dynam1te,5744943186
Tyreek Hill,5746355972
Incredible Machines,5747768758
ENGLISH with James · engVid,5749181545
MoneySavingVideos,5750594331
HLN,5752007117
GameToons Gaming,5753419904
THINKAboutTheINK,5754832690
"Maa, yeh kaise karun?",5756245476
Ownage Pranks,5757658263
ChubbyDino,5759071049
Random Structure TV,5760483835
TheThings Celebrity,subscriber_count
Sydney Opera House,5761896622
Jesse Wellens,5763309408
Be. Busta,5764722194
CookingShooking,5766134981
DANIELA,5767547767
Jon Gomm,5768960553
How to Make yummy,5770373340
Divvya Dhawan,5771786126
Peacock Kids,5773198912
bonnietylerVEVO,5774611699
uhyeah,5776024485
Nicktoons,5777437271
Charisma on Command,5778850058
Jeremy Verburg,5780262844
DiodeGoneWild,5781675630
Pravallika_Richh akka,5783088416
Summer Walker,subscriber_count
Haley's Corner,5784501203
AMON,5785913989
Jadyn Rylee,5787326775
StudioLaCoupole-استديولاكوبول,5788739562
Jason Vlogs,5790152348
shadow759,5791565134
Prime Television,5792977921
MoAliFC,5794390707
asmr zeitgeist,5795803493
ITV News,5797216280
Make.Test.Battle,5798629066
Coin Bureau,5800041852
Winning ID,5801454639
Gökmen ALTUNTAŞ,5802867425
Jonas Blue,5804280211
makoccino,5805692998
MyCupcakeAddiction,subscriber_count
Fuzzy,5807105784
Swas Rock,5808518570
Comedy Wale,5809931357
Silo Entertainment,5811344143
OussiFooty,5812756929
#Sport Channel,5814169716
Kiddyzuzaa - WildBrain,5815582502
Top Extract,5816995288
NASA Video,5818408075
noobkill213,5819820861
Physio REHAB,5821233647
Sensual Musique,5822646434
AmericanMuscle Mustang,5824059220
TwoAMaazing,5825472006
Vapex Karma,5826884793
MissFoxxyy,5828297579
MRT Music,subscriber_count
Aussie Gold & Opal Hunters+,5829710365
Harmonize,5831123151
Joe Robinet,5832535938
wewantwraiths,5833948724
Headlines Sports,5835361510
andrea romano,5836774297
Hands Touch,5838187083
Kavos,5839599869
BoyWithUke,5841012656
Sam Tabor,5842425442
台灣啟示錄,5843838228
HP Support,5845251015
Boston Dynamics,5846663801
Cinecurryy,5848076587
AYE Music,5849489374
ThioJoe,5850902160
Jio,subscriber_count
Hansraj Raghuwanshi,5852314946
Deepak Tulsyan,5853727733
Man About Cake,5855140519
Google ATAP,5856553305
Virgin Galactic,5857966092
Jimmy Butler,5859378878
Sticky,5860791664
Twi Shorts,5862204451
Walk off the Earth,5863617237
Chef Ranveer Brar,5865030023
Kai W,5866442810
Morgan Adams,5867855596
LMG Clips,5869268382
Autocar India,5870681169
CARJAM TV,5872093955
Surprise Unboxing Club,5873506741
zollotech,subscriber_count
Swad official,5874919528
Vinces Voices,5876332314
animelab,5877745100
Everyday Astronaut,5879157886
ConceptsiPhone,5880570673
First Things First,5881983459
TwoFeet,5883396245
The Deshbhakt,5884809032
Perre motovlog,5886221818
GabeSweats,5887634604
Team Lyqa,5889047391
Hayley Williams,5890460177
The Outsider,5891872963
WeDamnz,5893285750
Masti Tv - Hindi Stories,5894698536
Kim Henriksen,5896111322
Top Tunes,subscriber_count
CEAT Tyres,5897524109
Goldmines World,5898936895
Dilli Tak,5900349681
Official the jeet,5901762468
Newsflare,5903175254
Birds & Things,5904588040
JCS - Criminal Psychology,5906000827
Blooup Tv,5907413613
BriannaGamez,5908826399
DJ Noize,5910239186
Solus Astorias,5911651972
AlishaMarie,5913064758
LMG Vids,5914477545
Paul E.T.,5915890331
ProdCharles,5917303117
Wolfoo's stories,5918715904
Voltrox,subscriber_count
Oyff,5920128690
IbraAlliance,5921541476
VN Live,5922954263
Indian Backpacker,5924367049
EltonJohnVEVO,5925779835
be japy,5927192621
BEAUTY NEWS,5928605408
SommitSports,5930018194
RainbowKidz Tv - Kids Songs and Nursery Rhymes,5931430980
Sam Chui,5932843767
Dr. Peacock,5934256553
Brennan Rogers,5935669339
Oneindia Kannada,5937082126
lilRyan,5938494912
Top 5 Best,5939907698
yb,5941320485
JColeVEVO,subscriber_count
The Izzys,5942733271
Josh Cahill,5944146057
Google Maps,5945558844
Motor1,5946971630
Baby Kid,5948384416
Dannic,5949797203
ASMR DIY Slime,5951209989
VENDY YADUWANSHI,5952622775
Best Hairstyles for Girls,5954035562
Zac Efron,5955448348
Dangie Bros,5956861134
Scene City,5958273921
Sara Aydin,5959686707
Crypt TV,5961099493
ROG Global,5962512280
Inter,5963925066
Luxury Savannahs,subscriber_count
Comedy Central UK,5965337852
BiologyByte,5966750639
Mr. Cakes,5968163425
Jungle Beat,5969576211
zankye,5970988998
Itsdanielmac,5972401784
Raphael Gomes,5973814570
Smyang Piano,5975227356
LiLDebbieTV,5976640143
Todor Boshnakov,5978052929
Karl Conrad,5979465715
The Lallantop,5980878502
The Voice,5982291288
DominoERDMANN,5983704074
SKELUX,5985116861
Pain&Gain,5986529647
TheSmokingTire,subscriber_count
FACT FIRE KING,5987942433
Kids Toy's,5989355220
Knowledge Humesha,5990768006
Dean Schneider,5992180792
How To Make Everything,5993593579
Mayara Rodrigues,5995006365
GhostBCVEVO,5996419151
Aitch,5997831938
Epson America,5999244724
Pecos Hank,6000657510
CedDrawsNear,6002070297
twomad,6003483083
Lewis Spears,6004895869
Floydson,6006308656
99TV Telugu,6007721442
Simple History,6009134228
Kitchen with Amna,subscriber_count
Conexão Jiraiya,6010547015
CatPusic Shorts,6011959801
CiaraVEVO,6013372587
New Hope Club,6014785374
MayTree,6016198160
Game Maker's Toolkit,6017610946
Telugu Movies,6019023733
airtel India,6020436519
Jacob + Katie Schwarz,6021849305
Century Media Records,6023262091
Armaan Malik,6024674878
Naomi Wu,6026087664
Joshlewisgsy,6027500450
SkeppysLab,6028913237
Scary Teacher 3D Hile,6030326023
Koluguri 24 / 7 News TV,6031738809
postboxpat,subscriber_count
JorporXx (Mark de Groot),6033151596
Kickboxingplanet TV,6034564382
26Solmates magic,6035977168
CAPITAL TV,6037389955
AVweb,6038802741
South Park Studios,6040215527
The Mik Maks,6041628314
Chu Chu Kids Train TV,6043041100
The Knowledge,6044453886
TheJizzy,6045866673
Harry Partridge,6047279459
Wild We Roam,6048692245
Single Track Haryanvi,6050105032
Joey van der Steeg,6051517818
Dr. Pimple Popper,6052930604
K&K Productions,6054343391
Hari Sharma,subscriber_count
RaceVidzzzFTW,6055756177
Hollywood English Collection,6057168963
Fortnite,6058581750
Preppy Kitchen,6059994536
Georgia Aquarium,6061407322
pressnews tv,6062820109
Life of Sammie & Summer,6064232895
UXU,6065645681
CoffeeFuelledGenius,6067058468
Cash,6068471254
2veritasium,6069884040
Omcoo,6071296826
AyoDen,6072709613
RYANcomedy,6074122399
ImminentHD,6075535185
GOLLACHUT,6076947972
Marvin Matyka,subscriber_count
Louis Tomlinson,6078360758
Canções Marcantes,6079773544
Dog Toons,6081186331
VossenWheels,6082599117
Rainman Ray's Repairs,6084011903
HAMSTER MIMI,6085424690
Star Studios,6086837476
Prasadtechintelugu,6088250262
Ryan George,6089663049
PSL Channel,6091075835
Salman Khan Films,6092488621
Robbin Rams,6093901408
Jack Neel,6095314194
Nopelindo Putra Perkasa,6096726980
Maggie and Shanti,6098139767
2 Chainz,6099552553
華研國際,subscriber_count
AppleTrack,6100965339
Varinder Brar,6102378126
Cityline,6103790912
Historic Mysteries,6105203698
HAYATAKU はやたく,6106616485
Tyler Shaw,6108029271
Fall Out Boy,6109442057
Blaze Infinity,6110854844
FoodFood,6112267630
Wranglerstar,6113680416
Dark Matter,6115093203
coppersan,6116505989
Josh Otusanya,6117918775
LukaMamson,6119331561
DarkSideSports,6120744348
Motormouth,6122157134
Songs for Church,subscriber_count
QuickyBaby,6123569920
Disruptor Comedy,6124982707
Peak Time Racing,6126395493
Bright Insight,6127808279
Shane2,6129221066
Scary Teacher 3D Gaming,6130633852
Deep Territory,6132046638
Commando Fitness club,6133459425
A Mere Creator,6134872211
Yung Chip,6136284997
MrMrMANGOHEAD,6137697784
CMV,6139110570
Zig & Sharko,6140523356
AR Entertainments Movies,6141936143
Seeker,6143348929
Mevlan Shaba,6144761715
HitokageProduction,subscriber_count
Ajay Chauhan,6146174502
JIGGO,6147587288
KING HUSKII,6149000074
YandelVEVO,6150412861
pipocaVFX,6151825647
Creative Thinks - A to Z,6153238433
Bollywood Silver Screen,6154651220
Yahoo Australia,6156064006
Sanfara,6157476792
TV Annapurna,6158889579
FOX Sports,6160302365
Xploshi,6161715151
Best of The Voice Kids,6163127938
Zane98,6164540724
Steven Richter,6165953510
Sharmaji Technical,6167366296
Lionfield,subscriber_count
Pocket Films,6168779083
watchwellcast,6170191869
AFM Records,6171604655
Malaimurasu Tv 24X7,6173017442
Project Spherical,6174430228
Justin Tse,6175843014
Daniel Mackler,6177255801
Snazzy Labs,6178668587
MrGSTAR321,6180081373
HvdH-Plane-Spotter,6181494160
DLP Welcome,6182906946
OverShadow Creations,6184319732
123 GO! CHALLENGE,6185732519
Toronto Star,6187145305
Julian Smith,6188558091
SnakeHuntersTV,6189970878
Chloe Constance,subscriber_count
Top 10 Tamil,6191383664
Bad Bunny - Topic,6192796450
Dark Mystery,6194209237
SR Toys Collection,6195622023
Yoga With Adriene,6197034809
Nitin 005,6198447596
Dabl,6199860382
GK mahatmaji most,6201273168
The Grand Tour,6202685955
StylesX2,6204098741
Aliza In The Kitchen,6205511527
JunkFoodTasterDotCom,6206924314
Tusharsworld,6208337100
ABC Television Stations,6209749886
Bhojpuri Junction,6211162673
Sprint,6212575459
ibxtoycat,subscriber_count
华策影视青春剧场 HUACE GLOBAL FUN,6213988245
Dimitri Vegas & Like Mike,6215401031
TPN LIVE by DRM,6216813818
Wyldpytch Rekords / 51 Lex Records,6218226604
Dest Dol,6219639390
Elvis The Alien,6221052177
Vishali Khurana'S LiiFE,6222464963
Giesbert Nijhuis,6223877749
Pungence,6225290536
Karikku,6226703322
moviekidd826,6228116108
Caddicarus,6229528895
BVIRAL,6230941681
Autogefühl,6232354467
Tomo,6233767254
B.C.&Lowy,6235180040
ScienceClic English,subscriber_count
Ricer Miata,6236592826
alishanmao,6238005613
We r Loser,6239418399
Wenzo,6240831185
Fiat,6242243972
Cyber Tamizha - சைபர் தமிழா,6243656758
Rhaea Estelle,6245069544
EXO,6246482331
How Ridiculous,6247895117
UFC ON FOX,6249307903
Space Ranger Roger - WildBrain,6250720690
Rising Higher Meditation ®,6252133476
Vishkujo,6253546262
Roman Catholic Archdiocese of Singapore,6254959049
Bush Channel,6256371835
Gaane Naye Purane,6257784621
G3AR - 'GreekGadgetGuru',subscriber_count
VisualMediaTV,6259197408
Ryan Taylor,6260610194
Inside A Mind,6262022980
Ferdy․com | Ferdy Korpershoek,6263435766
Jamesify,6264848553
Jessica Kaylee,6266261339
Viktor Larkhill,6267674125
heck,6269086912
steveo1kinevo,6270499698
DanceOn,6271912484
Lil BUB,6273325271
Radio Free Europe/Radio Liberty,6274738057
Home Cooking Adventure,6276150843
Amrinder Gill,6277563630
Volbeat,6278976416
Shama Art,6280389202
News18 UP Uttarakhand,subscriber_count
United States Holocaust Memorial Museum,6281801989
Ayase / YOASOBI,6283214775
But Without,6284627561
Powfu,6286040348
TheRealKyleSister,6287453134
Rinor Susuri EMINƎM,6288865920
"Dog Rescue Shelter, Serbia",6290278707
RCM Bhojpuri Hit,6291691493
ProjectJamesify,6293104279
U.S. Soccer,6294517066
LEMMiNO,6295929852
Truthstream Media,6297342638
Mitr0,6298755425
Not Exactly Normal,6300168211
kiduel,6301580997
Danny Aarons,6302993784
Eyes On Cinema,subscriber_count
The Wooded Beardsman,6304406570
MMA Meltdown,6305819356
Stratzenblitz75,6307232143
BLUE BOX,6308644929
Shock Frost,6310057715
Sharon Farrell,6311470501
Gigi Gorgeous,6312883288
Zorph,6314296074
Tapendra Mandal,6315708860
Official Stacey David,6317121647
The Review Spot,6318534433
Slmccl,6319947219
CloudyApples,6321360006
Gabe and Garrett,6322772792
Korea Scouter TV,6324185578
Motorola India,6325598365
RCSparks Studio,subscriber_count
Speed Academy,6327011151
Josh Strife Hayes,6328423937
Arf,6329836724
Fun Face Paint,6331249510
Luciana Zogbi,6332662296
Gadget Hacks,6334075083
The Nightly Show,6335487869
Your Food Lab,6336900655
Rich Gang ENT,6338313442
CKay,6339726228
CMA Music,6341139014
Shawn James,6342551801
The Templin Institute,6343964587
hollywoodstreams,6345377373
Blitzwinger,6346790160
Depeche Mode,6348202946
Ajit Anjum,subscriber_count
Go Buster - Bus Cartoons & Kids Stories,6349615732
Corinthius,6351028519
Scyrina,6352441305
Lionsgate Movies,6353854091
RDC Movie,6355266878
Kaotsun's Cover Dance Crew (KCDC),6356679664
Fireman Sam US,6358092450
TheSorryGirls,6359505236
Ravi Gupta,6360918023
Spirit Of The Law,6362330809
BrenyBeast,6363743595
GOT7,6365156382
BTWN US,6366569168
Noah Schnapp,6367981954
The Screen Patti,6369394741
Zee 24 Kalak,6370807527
Rekt Videos,subscriber_count
Mana Health And More,6372220313
Pokimane,6373633100
Hang Massive,6375045886
Colorful Life,6376458672
Zon Zon,6377871459
Combat Gaming,6379284245
kpopchonny,6380697031
Carli Bybel,6382109818
dejloafVEVO,6383522604
Smile Squad Comedy,6384935390
Studious Telugu,6386348177
DAY1,6387760963
WE Movement,6389173749
Top5Central,6390586536
Khaled,6391999322
Wickens Wicked Reptiles,6393412108
mikeymegamega,subscriber_count
Tubelight Media,6394824895
Patrik Pietschmann,6396237681
Jan St Celica,6397650467
AniMeow ASMR,6399063254
Rapid Liquid,6400476040
Regnum Christi,6401888826
VS GAG,6403301613
Minecraft Miraculous Ladybug,6404714399
Brando Pittugo,6406127185
Sophie chan,6407539971
CooperAceProductions,6408952758
Artkala,6410365544
Kh Animal-lover,6411778330
Hiroyuki Terada - Diaries of a Master Sushi Chef,6413191117
DermBeautyMD,6414603903
squizzy,6416016689
Lunar Eclipse,subscriber_count
The Skid Factory,6417429476
ArmedForcesUpdate,6418842262
LoveSHEET,6420255048
Rajshri Food,6421667835
Uzoo,6423080621
Ganga Bhakti,6424493407
Aron Norbert AfrodanceVid,6425906194
Pianta,6427318980
TimTom,6428731766
To Binge,6430144553
HANOOLAATO,6431557339
Driver61,6432970125
BRAINY DOSE,6434382912
Mythology & Fiction Explained,6435795698
Amazing facts,6437208484
LowSpecGamer,6438621271
Long Long Honeymoon,subscriber_count
JoBlo Superheroes,6440034057
Snake Artist,6441446843
The Lion Guard,6442859630
ItsJabo,6444272416
All Action,6445685202
Rachael Ray Show,6447097989
Howieazy,6448510775
The Virtual Café,6449923561
Sagawa /さがわ,6451336348
HDCYT,6452749134
Built Not Bought,6454161920
Crazy XYZ,6455574706
IANS TV,6456987493
Dream Vine,6458400279
CouRage,6459813065
The Technical Difficulties,6461225852
Soft White Underbelly,subscriber_count
Chef Prateek's Kitchen,6462638638
TA Outdoors,6464051424
ALEKS TV,6465464211
ALL THE K-POP,6466876997
Robot Trains official,6468289783
Garrett Watts,6469702570
UMC,6471115356
Samsung UK,6472528142
Uproar Production,6473940929
Kaboochi Kids Baby Songs and Nursery Rhymes,6475353715
GPhase,6476766501
Daidus,6478179288
Vision Time Tamil,6479592074
BhandarTV,6481004860
Maleek Berry,6482417647
VTEN MUSIC,6483830433
Toosii,subscriber_count
Arcadius Kul,6485243219
MURGI CHICKS,6486656006
Billy Bricks Compilations - WildBrain,6488068792
Gharelu Ayurved,6489481578
Lea Michele,6490894365
Shining India,6492307151
WhyKnot,6493719937
Patty Mayo,6495132724
UPSC PCS Insider,6496545510
Alok,6497958296
Louis Rossmann,6499371083
Fooligan,6500783869
CroatCode,6502196655
Sakar Gurung,6503609441
dave c,6505022228
The Fast Lane Car,6506435014
Manual do Motor Stirling - Leandro Wagner,subscriber_count
McCreamy,6507847800
Piper Blush,6509260587
Dutchavelli,6510673373
Brandon Li,6512086159
DRJ Records,6513498946
Manchester United,6514911732
Mulakuppadam Films,6516324518
Patricia Janečková,6517737305
GD Colon,6519150091
Waqar Malik,6520562877
Lenny Tavarez,6521975664
Maithili Khushi,6523388450
PaanDuh,6524801236
Gordon Murray Automotive,6526214023
Nerdforge,6527626809
Thansis1997,6529039595
SMGTUBEII,subscriber_count
Let's LEARN,6530452382
Marius Mutin,6531865168
Araathi,6533277954
Keepin it Karl,6534690741
Ally Law,6536103527
Prinz,6537516313
Hashtag,6538929100
Rishi_parkour3.5.6.2.7,6540341886
True Records,6541754672
Google Help,6543167459
GrayStillPlays,6544580245
fightTIPS,6545993031
JoBlo Movie Clips,6547405818
Son And Dad,6548818604
Subhashree Jena Official,6550231390
Colleen Ballinger,6551644176
Gnarly Charlie,subscriber_count
nick briz,6553056963
TV9 Telugu Live,6554469749
Aaron Doughty,6555882535
Anthony Panza,6557295322
NEXT EXAM,6558708108
Jaydon,6560120894
Sheethal And Vinu,6561533681
Vintage Files,6562946467
100% Pure New Zealand,6564359253
REBOUND,6565772040
Led By Donkeys,6567184826
Fearless & Far,6568597612
Kika Kim,6570010399
The Majority Report w/ Sam Seder,6571423185
Detroit Threat Management Center,6572835971
WildLens by Abrar,6574248758
DT Restoration,subscriber_count
ANDREW HUANG,6575661544
Action Play,6577074330
DRJ Records Classics,6578487117
AdjrianNickelodeon,6579899903
Double Click,6581312689
Shut Up! Cartoons,6582725476
STEVE AND MAGGIE,6584138262
Gannayak Films,6585551048
SKITS,6586963835
Turkish Movies,6588376621
Official World of Dance,6589789407
Movie Logic,6591202194
PetraGrey,6592614980
Learn German,6594027766
Summer Mckeen,6595440553
Project Veritas,6596853339
Erin Janus,subscriber_count
Loski Official,6598266125
The Hunger Games,6599678911
More Emily,6601091698
AnahiVEVO,6602504484
SomeThingElseYT,6603917270
Harlem Globetrotters,6605330057
Amar Ujala,6606742843
LOST iN,6608155629
GeoBeats Animals,6609568416
Eddie van der Meer,6610981202
CBC News,6612393988
fabilein93,6613806775
jack dauth,6615219561
withwendy,6616632347
Suibhne,6618045134
Neighbours Official Channel,6619457920
junky janker,subscriber_count
Dell Technologies India,6620870706
Bonehead Truckers,6622283493
Indian Football,6623696279
Studio MDHR,6625109065
Erwin Tulfo,6626521852
jaglavaksoldier,6627934638
Dangthatsalongname,6629347424
Barn Sanctuary,6630760211
RC RC RC!!!,6632172997
Musti,6633585783
Claudia Sulewski,6634998570
ZIAS!,6636411356
Mr. Fruit,6637824142
Twin Throttlers,6639236929
RKD Movies,6640649715
Euro NCAP,6642062501
Tekta AI,subscriber_count
Stunning Videos 4K,6643475288
ROOKIEMING 루키밍,6644888074
Anthony Po,6646300860
Swagger Sharma,6647713646
ArcticMonkeysVEVO,6649126433
Vũ Thành Công,6650539219
Mind over Matrix,6651952005
VOXDOC - the voicedoctor,6653364792
JR Garage,6654777578
vlogz of rishab,6656190364
Woody & Kleiny Extra,6657603151
Vexx,6659015937
Food Lovers TV,6660428723
Eddie Hall The Beast,6661841510
CricDive,6663254296
NewEditionVEVO,6664667082
Cafe Music BGM channel,subscriber_count
The Wild Adventure Girls,6666079869
Steevski,6667492655
Nekky Natural Remedies,6668905441
Oliver Nordin,6670318228
Akarsha Media,6671731014
Anirudh Sharma Music,6673143800
decocookie,6674556587
FilmJoy,6675969373
Madilyn Bailey,6677382159
NativLang,6678794946
special edd,6680207732
marcgallagher32,6681620518
GamerBrain,6683033305
Sham Idrees,6684446091
BVI Channel 1,6685858877
Justin Flom,6687271664
iamfallfromgrace,subscriber_count
Like Nastya Show,6688684450
Real Life Rescue,6690097236
Hollywood Express,6691510023
OnePlus India,6692922809
Grouse House,6694335595
Anthony Wreyn,6695748381
SAD-ist,6697161168
Kshitiz Sapkota,6698573954
alyankovic,6699986740
KSIvsLogan,6701399527
Liberman,6702812313
LENNOZ,6704225099
Marszz,6705637886
MrMcSnuffyFluffy,6707050672
Stacks,6708463458
stewie2k,6709876245
CNBC,subscriber_count
Fleeting Films,6711289031
Jahan's Book Review,6712701817
Dog Training by Kikopup,6714114604
Chef Deena’s Kitchen,6715527390
Mike Inel,6716940176
Annika Victoria,6718352963
ESPN MMA,6719765749
KRSNA,6721178535
Miniature Magic Studio,6722591322
WOW TV,6724004108
CinthiaTruong,6725416894
Inside the Magic,6726829681
YogaEasy,6728242467
BigTimeRushVevo,6729655253
Mohak Meet,6731068040
LSToast,6732480826
Hoonigan,subscriber_count
lil loaded music,6733893612
Kallmekris,6735306399
Pos Animation,6736719185
ManlikeHaks,6738131971
Ani-One Asia,6739544758
Milana Coco,6740957544
Tristan Botteram,6742370330
Science Fiction Station,6743783116
The Fumble,6745195903
Colour in Your Life,6746608689
Jaboody Dubs,6748021475
FTD News,6749434262
Amendobobo TV,6750847048
CG5,6752259834
Michael Dapaah,6753672621
Juxiis,6755085407
Jasmin Walia,subscriber_count
TheRelaxingEnd,6756498193
Hitesh KS : Hindi Gaming,6757910980
Noud van Harskamp,6759323766
chatpat toy tv,6760736552
Helpful DIY,6762149339
World of Creativity,6763562125
The R,6764974911
GrumpyDog,6766387698
Rimmy Downunder,6767800484
MarinOfficial,6769213270
SADHNA GOLD,6770626057
A Chick Called Albert,6772038843
Karl,6773451629
The Royal Family Channel,6774864416
DFBGuide,6776277202
Filmymoji,6777689988
Minutes Mystery,subscriber_count
TwiistedPandora,6779102775
Scout,6780515561
Survival Builder,6781928347
Neeraj Madhav,6783341134
SumanTV MOM,6784753920
Rahma Riad,6786166706
Nightblue3,6787579493
OlaBMX,6788992279
remhq,6790405065
yung maestro,6791817851
RodWave,6793230638
No0b3,6794643424
Giannis Antetokounmpo,6796056210
SourceForge,6797468997
Creative Channel,6798881783
Lucas & Steve,6800294569
Nailbees,subscriber_count
The Skorys,6801707356
Moonbug Kids Play and Learn,6803120142
Danny Maude,6804532928
briQle,6805945715
Flowerscow,6807358501
Sense Islam,6808771287
FunnyVines,6810184074
Bitwit,6811596860
Wow Awesome,6813009646
Mr. Clabik,6814422433
Rick Astley,6815835219
Family Fun Pack,6817248005
5starcaps,6818660792
Samm Sheperd (SNRS),6820073578
Berlin,6821486364
knk creation official,6822899151
Skallagrim,subscriber_count
angelicajaneyap,6824311937
Alpha SQUAD official,6825724723
Raycevick,6827137510
Captain Eggcellent,6828550296
BassTheWorld.com,6829963082
The Potter’s House of Dallas,6831375869
Stuff Made Here,6832788655
The 86th Floor: Cosplay and Cons,6834201441
Etihad Airways,6835614228
NBA Funny,6837027014
Shaun the Sheep Official,6838439800
KTO,6839852586
NurdRage,6841265373
Alonzo Lerone,6842678159
utkal cartoonworld,6844090945
JoBlo Animated Videos,6845503732
ComedyOn,subscriber_count
INFO🌍WORLD,6846916518
MSG TOONS,6848329304
SILVER SPADES,6849742091
eNCA,6851154877
CrazyFunnyStuffCFS,6852567663
Super Truck - Car City Universe,6853980450
1 Minute Animals,6855393236
Daily Trending News,6856806022
CoComelon - Cody Time,6858218809
Johnny Carey,6859631595
Cosmo Guy,6861044381
Click On Detroit | Local 4 | WDIV,6862457168
JacksEpicYoutubeChannelFullOfFunTimesAndFunHiRickX,6863869954
docm77,6865282740
Vine Paridas,6866695527
Kuldeep M Pai,6868108313
City Girls,subscriber_count
4ever2wherever,6869521099
Alpharad,6870933886
Faycel Sghir I فيصل الصغير,6872346672
Deddy Corbuzier,6873759458
Tofu the Corgi,6875172245
Masti Club in Bengali,6876585031
Bob Marley,6877997817
Veronika Spurná,6879410604
New Scientist,6880823390
ZaidAliT Vlogs,6882236176
CLASSIC COMEDY CHANNEL,6883648963
Claudia Dean World,6885061749
5SOS,6886474535
Spoken Reasons,6887887321
Shark Puppet,6889300108
Football Daily,6890712894
Ryscu,subscriber_count
Hub Cinema,6892125680
Zee Rajasthan News,6893538467
edureka! Telugu,6894951253
Rasbhari Ke Papa,6896364039
Android Authority,6897776826
Ryguyrocky,6899189612
Red Dirt,6900602398
BabyTime TV - Kids Learning Videos,6902015185
Makin Memories,6903427971
International Labour Organization,6904840757
Matisse Thybulle,6906253544
Martine,6907666330
ViralHog,6909079116
Wendy's Lookbook,6910491903
Egoraptor,6911904689
YLST - YouLearnedSomethingToday,6913317475
Lyrical Lemonade,subscriber_count
TheBestCubeHD,6914730262
Deligracy,6916143048
The Gebonions,6917555834
iPARTYNAUSEOUS,6918968621
Bhakti Sagar AR Entertainments,6920381407
BETO GAMER,6921794193
The Slendy Show,6923206980
LEGACY RECORDS,6924619766
news.com.au,6926032552
GONTH,6927445339
Ruby Ka Kitchen,6928858125
TH14,6930270911
Cryptize,6931683698
Jelle's Marble Runs,6933096484
HaytersTV,6934509270
Rob Anderson,6935922056
Trav and Cor,subscriber_count
Booba – Cartoon for Kids,6937334843
Giants Live STRONGMAN,6938747629
Sagar's Kitchen,6940160415
Hungry Birds Inside,6941573202
genipool,6942985988
Lil Baby - Topic,6944398774
National Geographic,6945811561
Mr. Probz,6947224347
Google Workspace,6948637133
Messi Magic™,6950049920
Dino Kids,6951462706
Streamers Reloaded,6952875492
DIY Perks,6954288279
Kiera Bridget,6955701065
The Starky Aman,6957113851
Pocoyo - Nursery Rhymes,6958526638
Guka Family Show,subscriber_count
Ola,6959939424
Visit Israel,6961352210
WILTY? Nope!,6962764997
T-Series Islamic Music,6964177783
TAG TV,6965590569
CSM Relaxing,6967003356
코코몽 COCOMONG TV - Cartoon & Song For Kids,6968416142
DraconiteDragon,6969828928
Miro55,6971241715
Moto Madness,6972654501
MacKenzieQueen,6974067287
Beeko99HD,6975480074
Tiger FunnyWorks,6976892860
The Fitness Marshall,6978305646
I. M. Bixu,6979718433
LDN Movements,6981131219
Mr. Tamizhan,subscriber_count
ClickForTaz,6982544005
Holly Dolke,6983956791
Shark,6985369578
Autotrader,6986782364
HSM,6988195150
Zin2D,6989607937
MTSG,6991020723
cobanermani456,6992433509
Arun Smoki,6993846296
The Economist,6995259082
Overwatch Highlights,6996671868
TrentAndLuke,6998084655
SCS Software,6999497441
Street Byte,7000910227
adidas,7002323014
Billy Perry,7003735800
ThePrint,subscriber_count
Hello TV- Nursery Rhymes,7005148586
Washington National Cathedral,7006561373
Basant Jangra,7007974159
Wakaleo,7009386945
Jess Conte,7010799732
Tim Sawyer,7012212518
Tanmay Bhat,7013625304
CandRfun,7015038091
Duran Duran,7016450877
Eyasu,7017863663
Love For Animals,7019276450
RJS Cinemas,7020689236
ROSÉ,7022102022
MrFunnyMals,7023514809
Hunter Fekete,7024927595
Crazy 4 Bollywood,7026340381
Billboard,subscriber_count
Engineering8,7027753168
Rihanna - Topic,7029165954
baremetalHW,7030578740
BlackSheep Studios,7031991526
g Element,7033404313
Anthill Art,7034817099
Icycol,7036229885
TronicsFix,7037642672
.sad 悲しい,7039055458
Travel With Chatura,7040468244
TJ_bb,7041881031
Sonic David,7043293817
Genieland,7044706603
TheStradman,7046119390
The Home of Peppa Pig,7047532176
phili,7048944962
Crowne Prince,subscriber_count
Fateh DOE,7050357749
Fraser Wilson,7051770535
Fat Olli,7053183321
COACH ALI,7054596108
Ozone Entertainment,7056008894
Liverpool FC,7057421680
The Crochet Crowd,7058834467
"Regal Entertainment, Inc.",7060247253
Punjabi News Corner,7061660039
MrBallen,7063072826
Jelai Andres,7064485612
randomfrankp,7065898398
Babloo Mayaa,7067311185
Dr.E (Max Lee),7068723971
Redo & Miifa,7070136757
Fellowship Bible Chapel,7071549544
Ariel Noah,subscriber_count
GTA Gaming,7072962330
Junior H - Topic,7074375116
MNXHD,7075787903
WTFFOR,7077200689
clapboardfilms-plus,7078613475
Nicole Cole,7080026261
Kid Cudi,7081439048
Martin Miller,7082851834
verbalase,7084264620
Finlay Christie,7085677407
Harbor Freight,7087090193
CNET Highlights,7088502979
CricketCloud,7089915766
LADbible Stories,7091328552
Fit Tuber,7092741338
Brenden,7094154125
GalaxyDreaming,subscriber_count
Hoby - OW,7095566911
Daily Fish Cutting Show,7096979697
Vehicle Virals,7098392484
Rendy Rangers,7099805270
MaxCraft,7101218056
NTV News,7102630843
NICOLE SKYES,7104043629
Kanye West,7105456415
Ishtar Punjabi,7106869202
ResortTV1,7108281988
Gabrielle Sunheart Crow Shield,7109694774
Sky Sports Premier League,7111107561
William Osman,7112520347
Kylie Jenner,7113933133
World Table Tennis,7115345920
Fact Tube,7116758706
Chengman,subscriber_count
91mobiles,7118171492
Clifton Chilli Club,7119584279
xiaolindrawing,7120997065
Jean-Baptiste CHANDELIER,7122409851
FactFile,7123822638
Laughing Place,7125235424
66Samus,7126648210
Roshens Vlog,7128060996
The Drive,7129473783
BODYBUILDING,7130886569
Cars Day,7132299355
VYRL Haryanvi,7133712142
Akash Dodeja,7135124928
americatvLETSPLAY,7136537714
growingannanas,7137950501
Aculite,7139363287
Johnny Blaze Gaming,subscriber_count
America's Funniest Home Videos,7140776073
Felix Colgrave,7142188860
JustDustin Reacts,7143601646
Gabriella Laberge,7145014432
Sonic Electronix,7146427219
Battlefield,7147840005
Ladies of Soul,7149252791
BwaJack,7150665578
BoringTV,7152078364
Liberta Officiel,7153491150
TheYottaTube,7154903937
Da Regular Sauce,7156316723
FarArmy Productions,7157729509
Eckhart Tolle,7159142296
PJ Dreams ASMR,7160555082
Mark Tilbury Backstage,7161967868
Bazza Gazza,subscriber_count
The Warp Zone,7163380655
Mashd N Kutcher,7164793441
ZerkaaPlays,7166206227
MOUH MILANO,7167619014
AoC Network,7169031800
noekje,7170444586
Watch Restoration vlog,7171857373
Jarno Opmeer Clips,7173270159
SmarterEveryDay,7174682945
EenGamer,7176095731
Geetsly's,7177508518
Cornell Lab of Ornithology,7178921304
GreenSpot,7180334090
Skrillex,7181746877
Explore Oceans,7183159663
Red Bullet,7184572449
Super Candy,subscriber_count
Lady Gaga - Topic,7185985236
Rimorav Vlogs,7187398022
Cat Tuber,7188810808
Clash Universe,7190223595
Travingel,7191636381
ND Channel,7193049167
Electric,7194461954
Desh Music,7195874740
Lalacastle,7197287526
Seoul City,7198700313
More Plates More Dates,7200113099
Krusty Gamers,7201525885
I am MoBo,7202938672
Layvee,7204351458
Jenn McAllister,7205764244
Burlacher,7207177031
Bramty,subscriber_count
boogie2988,7208589817
Relax & Rejuvenate with Jason Stephenson,7210002603
Thaitrick,7211415390
Odd Tinkering,7212828176
The White House,7214240962
Joanna Soh Official,7215653749
Technoblade,7217066535
xLL by Lisa & Lena,7218479321
FRONTROW,7219892108
Mo Temsamani Music,7221304894
FAMILY BOOMS,7222717680
The Rideshare Hub,7224130466
Dark Science,7225543253
Random Encounters,7226956039
Alsido Football,7228368825
PRASV Creation,7229781612
Dolly and Friends,subscriber_count
YOUKU MOVIE-Get APP now,7231194398
Dan Bull,7232607184
Boho Beautiful Yoga,7234019971
Huawei Mobile,7235432757
Natashas Kitchen,7236845543
Chaseontwowheels,7238258330
Just For Kids,7239671116
Royal Gang,7241083902
Stories of Bike,7242496689
Sur Action Movies,7243909475
TheBurntChip,7245322261
Uploads of Fun,7246735048
Top Call of Duty Plays,7248147834
Daniel Gizmo,7249560620
ISMAHAWK,7250973407
English Speeches,7252386193
DragTimes,subscriber_count
NaughtyBoyVEVO,7253798979
Just Write,7255211766
Natacha Océane,7256624552
iamSanna,7258037338
Hi Josh,7259450125
Sports Vines Land,7260862911
MrSweetCraft,7262275697
Multi World Knowledge,7263688484
Kaza LoL Esports Highlights,7265101270
Walk The World,7266514056
Trailer Park Boys,7267926843
George of the Jungle,7269339629
Rebecca Vocal Athlete,7270752415
carandbike,7272165201
Saveafox,7273577988
Mind Transformer,7274990774
LEGO Little Ones,subscriber_count
Billy Extra,7276403560
Village Food Channel,7277816347
whatever,7279229133
Rainie Tian,7280641919
7creative,7282054706
AVbyte,7283467492
Bebu,7284880278
Devoun,7286293065
appMink,7287705851
Wolters World,7289118637
arronlee33,7290531424
Judson Laipply,7291944210
山村小木匠 AnXu,7293356996
Tint Studio,7294769783
20th Century Studios,7296182569
Rfm VS Games,7297595355
Q-dance,subscriber_count
Keystone Science,7299008142
Superzoo TV,7300420928
teske,7301833714
danfart,7303246501
Aquarium Info,7304659287
The Loud House,7306072073
Ratchets And Wrenches,7307484860
Beluga,7308897646
Eagles,7310310432
Cosmas Bauer,7311723219
Mahatmaji Technical,7313136005
Jin and Hattie,7314548791
Sander van Doorn,7315961578
TheOrionSound,7317374364
Basically Homeless,7318787150
Baahubali Movie,7320199936
साउथ हिंदी मूवीज डिजिप्लेक्स,subscriber_count
Jhol Mol,7321612723
ThatPunchKid,7323025509
Preach Gaming,7324438295
Gadgets 360,7325851082
Simple Rangoli Designs,7327263868
Amira Willighagen | Official,7328676654
Katie Michaelis,7330089441
Rita Ora,7331502227
EYstreem,7332915013
Sam Evans,7334327800
FUKRA INSAAN LIVE,7335740586
Danny Fitt,7337153372
Behindwoods Ice,7338566159
Alec Steele,7339978945
Friedrich Habetler Music,7341391731
Mallu Traveler,7342804518
Tekkerz kid,subscriber_count
Sir Froge,7344217304
MissTiffanyMa,7345630090
GY6vids,7347042877
Super Simple Play with Caitie!,7348455663
FreeQuranEducation,7349868449
Jentezen Franklin,7351281236
JeromeFitness,7352694022
Fundy,7354106808
Tech Ingredients,7355519595
Scotty Sire,7356932381
Bizonacci,7358345167
Tiny Chihuahua Cedric,7359757954
Videojug,7361170740
ParkingTutorial,7362583526
Nissan Middle East,7363996313
Sheorans,7365409099
Magik Mike,subscriber_count
Entra Pentra,7366821885
Cyber Tv Podcast,7368234671
First Dates,7369647458
Mankirt Aulakh,7371060244
Air-Clips.com,7372473030
Tech Boss,7373885817
Infinity Mastery,7375298603
小貝米漿 Logan Beck,7376711389
La La Life Emoji,7378124176
Legendary Shots,7379536962
Squishy Min Yoongi,7380949748
Dani,7382362535
Engineer Muhammad Ali Mirza - Official Channel,7383775321
Loserfruit,7385188107
petralovelyhair,7386600894
ProGamingStudio ツ,7388013680
Cake Style,subscriber_count
Meandmygolf,7389426466
Mir Hasan Mir,7390839253
Jukin Media,7392252039
Fall of Civilizations,7393664825
McCann Dog Training,7395077612
minutephysics,7396490398
Audi India,7397903184
Ali Chaudhry,7399315971
Simon & Talia Clips,7400728757
Vedantu CBSE 10TH,7402141543
CDF 96,7403554330
SquishyMuffinz,7404967116
Scrubby,7406379902
Igor Presnyakov,7407792689
My Country My Ride,7409205475
Fullboost,7410618261
Mr.Pudumaya,subscriber_count
DieselDucy,7412031048
EASY DIY PAPER,7413443834
Twistie3,7414856620
Debunked,7416269406
ShotGunRaids,7417682193
brusspup,7419094979
Animals Australia,7420507765
Flat Face Animation,7421920552
JerryRigEverything,7423333338
Watch Movies Now!,7424746124
English Heritage,7426158911
Autoalex Cars,7427571697
Austin Evans,7428984483
ADoseofBuckley,7430397270
SB737,7431810056
NiTringo NBA,7433222842
Electric Callboy,subscriber_count
TotalBiscuit,7434635629
amstudio,7436048415
Warner Bros. India,7437461201
Hillsong Kids,7438873988
JASON MAKKI,7440286774
Red RC Live,7441699560
Shoaib Ibrahim Official,7443112347
JOOGSQUAD PPJT,7444525133
Sky News,7445937919
"Baby Big Mouth Kids - Sing, Dance, Explore",7447350706
Alex,7448763492
The Vamps,7450176278
NJPW WORLD Official,7451589065
BT Food Story,7453001851
Baka Oppai,7454414637
Colleen Vlogs,7455827424
FNG,subscriber_count
Little Movies - Games & Fun,7457240210
Lewis Shawcross,7458652996
PJ Masks HQ,7460065783
Khooni Monday,7461478569
Fraser Cain,7462891355
NASASpaceflight,7464304141
В Поисках Клада и Золота от Виклинга!,7465716928
cravingsandcalories vlogs,7467129714
StuntsAmazing,7468542500
Monstercat Instinct,7469955287
Lessons in Meme Culture,7471368073
Ministry of Defence Singapore,7472780859
Bowblax,7474193646
Railfan HS,7475606432
ICON Motosports,7477019218
Diesel Creek,7478432005
Rianne Meijer,subscriber_count
FinnSnow,7479844791
Capture The Wild,7481257577
iRunYew,7482670364
Rolls-Royce Motor Cars,7484083150
Kids Line♡キッズライン,7485495936
MemerMan,7486908723
T5G,7488321509
Rae Sremmurd,7489734295
spcl ryo,7491147082
AnimeToons,7492559868
Think Story,7493972654
Mahalo my Dude,7495385441
Motomobi,7496798227
Wilbur Soot,7498211013
Fun Tv 420,7499623800
MindYourDecisions,7501036586
Behold Israel with Amir Tsarfati,subscriber_count
Grace For Purpose,7502449372
TV YABANTU,7503862159
Fablunch,7505274945
ErykahBaduVEVO,7506687731
Hozier,7508100518
Majestic Casual,7509513304
Remove Before Race,7510926090
MagicofRahat,7512338876
Y Combinator,7513751663
Bharat Local News,7515164449
Gohan The Husky,7516577235
StealTheSpotlight,7517990022
Elsa Arca,7519402808
Premier Boxing Champions,7520815594
urbanamadei,7522228381
Dark Corners,7523641167
RebelYelliex,subscriber_count
MyHarto,7525053953
DC Shoes,7526466740
psychicpebbles,7527879526
Good Mythical MORE,7529292312
SEVENTEEN,7530705099
Suhay Salim,7532117885
casualgamerreed,7533530671
Nicole Coenen,7534943458
Explore Africa,7536356244
BeautySnake,7537769030
tinyschool.tv,7539181817
Jay Prehistoric Pets,7540594603
Oye It's Prank,7542007389
erasureinfo,7543420176
Audra Auclair,7544832962
Joseph Rodrigues,7546245748
FM TV,subscriber_count
Mewrk,7547658535
Guy Collins Animation,7549071321
8Bars Records,7550484107
5-Year Crafts,7551896894
Infamous Swoosh,7553309680
Gas Monkey Garage,7554722466
Abroad and Hungry,7556135253
The Tony Elumelu Foundation,7557548039
NoahCraftFTW,7558960825
Sungha Jung,7560373611
Tim's Bakery,7561786398
97robin997,7563199184
Eider,7564611970
DM Pranks,7566024757
Associated Press,7567437543
DeStorm Power,7568850329
Fieldsports Channel,subscriber_count
David Bennett,7570263116
Jay Lee Painting,7571675902
Dyson,7573088688
54vbz,7574501475
Theo Von,7575914261
ArtKo Point,7577327047
Bring Me The Horizon,7578739834
Whitney Bjerken,7580152620
Animal Wonders Montana,7581565406
PUBG MOBILE Esports,7582978193
Animals_Home,7584390979
Ozturk MotionPictures,7585803765
Alpha Studios,7587216552
VitruvianPhysique,7588629338
林辰Buchi,7590042124
Textile Trainer,7591454911
Kelsey Simone,subscriber_count
Steven Universe,7592867697
Zalinki,7594280483
Cody Ko,7595693270
SidTalk,7597106056
RayaWasHere,7598518842
Great Home Ideas,7599931629
Crunchyroll Dubs,7601344415
Agni Tamil,7602757201
"Puppet Steve - Minecraft, FNAF & Toy Unboxings",7604169988
The Quint,7605582774
jeromelordet,7606995560
TAT Woodworking,7608408346
Rob Landes,7609821133
Sukh Sanghera,7611233919
Tourism Philippines,7612646705
Kiwiz,7614059492
Jhené Aiko,subscriber_count
Joe Ashley,7615472278
FG Pets & Entertainment,7616885064
Ricky Dillon,7618297851
hp_overload,7619710637
A Plus School,7621123423
PsychoTraveller,7622536210
REDEMPTION,7623948996
MotorWeek,7625361782
Myt Espanol - Peliculas Completas En Espanol,7626774569
AutoMotoTube,7628187355
NELK,7629600141
ALL THE SMOKE FIGHT,7631012928
MadridistaTV,7632425714
Jamos Media,7633838500
OG DAKKU,7635251287
EquiiAlly,7636664073
xkcdHatGuy,subscriber_count
HRVYVEVO,7638076859
Anthem Game,7639489646
2 Foreigners In Bollywood,7640902432
MashupZone,7642315218
anwa music,7643728005
WEBTOON,7645140791
Xogland,7646553577
Coha Levelcrossings Channel,7647966364
Secret Diary Of A Call Girl,7649379150
Fancy Cakes,7650791936
spencer barbosa,7652204723
Victoria,7653617509
Moderat,7655030295
PhilTheThrill,7656443081
Mahindra Thar,7657855868
FantasyStorm Recap,7659268654
Elliot Page,subscriber_count
Go Türkiye,7660681440
Karachi Vynz Official,7662094227
The Cooking Amma,7663507013
Loony,7664919799
SNOR 91,7666332586
Movies Insight Hindi,7667745372
Khizar,7669158158
Barney the Dinosaur,7670570945
Jimmy Rees,7671983731
Two Bit da Vinci,7673396517
Dubstep Nation,7674809304
Cosmic Kids Yoga,7676222090
Bethany Mota,7677634876
Yes Theory,7679047663
Nicola Chapman,7680460449
Tek Chapagain Tnc,7681873235
Laura Kampf,subscriber_count
MJ Sailing,7683286022
SweetyHigh,7684698808
MoreWolfie,7686111594
MarioInATopHat,7687524381
neokCS,7688937167
Bhajano Ki Mala,7690349953
Thrash 'N' Trash Productions,7691762740
Manip Rai,7693175526
Aksh Baghla,7694588312
Goldmines Dishoom,7696001099
GreenBoys 2005,7697413885
Calisthenics & Weight Training,7698826671
Studio5,7700239458
Adam Saleh Vlogs,7701652244
Felix 10s,7703065030
NBA Max,7704477816
crabstickz,subscriber_count
TommyOutit,7705890603
Brou,7707303389
MK Studio,7708716175
ACCIONA,7710128962
Mineworks,7711541748
ScHoolBoyQVEVO,7712954534
PlayEven,7714367321
Pambansang Kolokoy,7715780107
Animenz Piano Sheets,7717192893
YellowBee Craft,7718605680
Chemical Guys,7720018466
Tommy Craze,7721431252
ReadySalted80,7722844039
Era Istrefi,7724256825
Shilpa Shetty Kundra,7725669611
pChal,7727082398
Sad Vibes Forever,subscriber_count
Harvard University,7728495184
Jer Schmidt,7729907970
Alex Wassabi,7731320757
Biffa Plays Indie Games,7732733543
Kids Channel - Cartoon Videos for Kids,7734146329
Boba Motoring,7735559116
Xiedubbel,7736971902
eXtra news Live Stream,7738384688
VinCentiments [OFFICIAL],7739797475
JXN,7741210261
Vox,7742623047
Slay Network,7744035834
Anselmo La Manna,7745448620
Thy Art Is Murder,7746861406
ObliviousHD,7748274193
Desi Army,7749686979
keitaro3660,subscriber_count
thubprint,7751099765
EnchantedMob,7752512551
The New York Times,7753925338
White Hill Dhaakad,7755338124
Horror Stories Hindi Urdu,7756750910
Broskie FC,7758163697
The Ring of Fire,7759576483
King of Cubers,7760989269
TECHNO AZA,7762402056
MIKOLAS,7763814842
Huda Beauty,7765227628
Fluffy Jet Productions,7766640415
Jamie Paige,7768053201
SovietWomble,7769465987
rexolyrics (soshilyrics),7770878774
Slow Mo Lab,7772291560
Colors Tamil,subscriber_count
Beppo,7773704346
Little Miss Sofia,7775117133
David Lopez,7776529919
Bonda,7777942705
HD Movie Talkies,7779355492
HISHE Kids,7780768278
Amma Samayal Videos,7782181064
Elitestback,7783593851
FERG,7785006637
Dayum,7786419423
Sub,7787832210
Prasar Bharati Sports,7789244996
Sammy Hitzke Fishing,7790657782
The Music Decomposer,7792070569
Lovely Lauren,7793483355
Food and Agriculture Organization of the United Nations,7794896141
Zee Business,subscriber_count
WizardingWorld,7796308928
Amy Ordman,7797721714
TFIL (Traveling to EVERY COUNTRY in A-Z Order),7799134500
How To Make It: DIY Inventions & Useful Life Hacks,7800547286
Tech for genius,7801960073
Michael Knowles,7803372859
Let's Game It Out,7804785645
Dino's Vault,7806198432
Ishfi,7807611218
Pol,7809024004
TanishqJewellery,7810436791
Cherry Wallis,7811849577
OutKick,7813262363
Cynical Reviews,7814675150
Koo Koo TV Shiny and Sasha,7816087936
Super Cars Cartoon,7817500722
Blondi Foks,subscriber_count
OneLonelyFarmer,7818913509
Emirates,7820326295
The Mighty Jingles,7821739081
2NE1,7823151868
Holy Bible,7824564654
TopPassion,7825977440
The Anazala Family,7827390227
danielions playlists,7828803013
Scenic Nature Relaxation,7830215799
XCageGame,7831628586
ABC Baby Songs - Nursery Rhymes,7833041372
Vehicle Virgins,7834454158
NylahKitty,7835866945
Dianaevoni Vegas Slot Machine Videos,7837279731
Blaze and the Monster Machines,7838692517
thenewboston,7840105304
Intel,subscriber_count
DanQ8000,7841518090
Škoda India,7842930876
FudgeMuppet,7844343663
HappyDays,7845756449
WickedWiz,7847169235
BENOFTHEWEEK,7848582021
HarryStylesVEVO,7849994808
Killer Mike,7851407594
dancewithSL,7852820380
Winners Team,7854233167
123 GO Like!,7855645953
Thechrisbarnett,7857058739
Kutingg,7858471526
HSB OFFICIAL,7859884312
JK YADAV FILMS 🌷 MAITHILI,7861297098
Paula Moimoi Latu,7862709885
Alayna Joy,subscriber_count
LP,7864122671
IM4U,7865535457
More Aj,7866948244
ThrillSeeker,7868361030
Drive.com.au,7869773816
ChikasChic,7871186603
Danny Winget,7872599389
The Daily Reminder,7874012175
Senna Ferguson,7875424962
Funflix Fam,7876837748
Hendi the Hen,7878250534
Livani's Studio,7879663321
Cat Keenan,7881076107
Indian Movies Station,7882488893
Jeremy Lin 林書豪,7883901680
Answer in Progress,7885314466
Wolfychu,subscriber_count
xRsAtx,7886727252
Toasty Bros,7888140039
WildBrain Zigzag,7889552825
EroldStory,7890965611
R Nait,7892378398
US Auto Industry,7893791184
LoL Esports,7895203970
The B1M,7896616756
Enola Bedard,7898029543
Mad Mike Whiddett,7899442329
LADbible Shorts,7900855115
Keisyo,7902267902
lights,7903680688
Toddler Boggler,7905093474
Kreosan English,7906506261
STIMOBEAT,7907919047
Supercar Advocates,subscriber_count
JOON,7909331833
Billy Syahputra,7910744620
Aakash Chopra,7912157406
Coke Studio Pakistan,7913570192
CineDesi,7914982979
Rock N' Roll True Stories,7916395765
RichGangVEVO,7917808551
Mike Howl,7919221338
The Meg and Mo Show,7920634124
samy kamkar,7922046910
Joshua Weissman,7923459697
Kaji Family,7924872483
Highlight Warehouse,7926285269
Tyler Williams,7927698056
Live The Dash,7929110842
Hindustan News,7930523628
Prank King Entertainment,subscriber_count
My Self Reliance,7931936415
Elwyn R,7933349201
Sweat It Out,7934761987
MalaysiaGazette TV,7936174774
Dex Arson,7937587560
JarradHD,7939000346
Licet Studios,7940413133
VIDICAT,7941825919
Short Videos Viral,7943238705
Shirley Setia,7944651491
Delhi Capitals,7946064278
SidemenReacts,7947477064
Waterjet Channel,7948889850
BikiniModelFitness,7950302637
Mr Brain Health,7951715423
Dude Perfect,7953128209
Cool School,subscriber_count
Phantom Fear,7954540996
Jules LeBlanc,7955953782
Marc Anthony,7957366568
EmpLemon,7958779355
TechTalkTV,7960192141
big boss,7961604927
Taras Kul,7963017714
Nick Ackerman,7964430500
Lorde,7965843286
STRENGTH WARS,7967256073
Afrotechmods,7968668859
Shangerdanger,7970081645
Surprise Toy Collections,7971494432
MOUNTAIN TREKKER,7972907218
Microsoft HoloLens,7974320004
Cartoon Network India,7975732791
Rush Studios,subscriber_count
Sidharth Bhakti,7977145577
WildBrain Kinderen,7978558363
Eks Sam,7979971150
Ram Trucks,7981383936
Eric The Tutor,7982796722
Rerez,7984209509
진용운,7985622295
Jiggin' With Jordan,7987035081
W2S+,7988447868
Peachy,7989860654
Sport Chek,7991273440
CatPiano Entertainment,7992686226
werr7xp,7994099013
Devagga Antipiracy,7995511799
GirIndiaFilms HD,7996924585
HITC Football,7998337372
Woa Parody Like,subscriber_count
Ridiculous Rides,7999750158
Living Big In A Tiny House,8001162944
NuNi,8002575731
Tripl3M,8003988517
Recombu,8005401303
RUNWAY FUN,8006814090
EpicToyChannel,8008226876
Ask A Ninja,8009639662
Mubasher Lucman Official,8011052449
Clint's Reptiles,8012465235
Langda Aam Productions,8013878021
Northlane,8015290808
Papa's Kitchen,8016703594
Hoax Factor,8018116380
KDS Edits,8019529167
Overtime,8020941953
Creative Hip-Hop,subscriber_count
BARK,8022354739
AMD,8023767526
RubyandBonnie,8025180312
MrBrynnorth,8026593098
MojoTravels,8028005885
Samuel and Audrey - Travel and Food Videos,8029418671
Comedy Bites,8030831457
Barry Lewis,8032244244
Little RoPo,8033657030
Toni Gonzaga Studio,8035069816
Trap Lore Ross,8036482603
Maizen,8037895389
Bullet,8039308175
Chelsea Football Club,8040720961
Subway Surfers,8042133748
Jaclyn Hill,8043546534
Mango News,subscriber_count
NardwuarServiette,8044959320
Melissa Metrano,8046372107
Sony YAY!,8047784893
Megyn Kelly,8049197679
Joe Porter,8050610466
Jet Lag: The Game,8052023252
Reuters,8053436038
GeminiTay,8054848825
SpacePea,8056261611
EliteStudio,8057674397
Call of Duty,8059087184
Alivia D'Andrea,8060499970
BAZIBANGA,8061912756
Unspoken OUCH!,8063325543
Topfelya,8064738329
"Stanley ""Dirt Monkey"" Genadek",8066151115
DRJ Records Specials,subscriber_count
PHLEARN,8067563902
Adam Saaks,8068976688
Ramesh Bakotra,8070389474
XElectrica,8071802261
Precision Striking,8073215047
WhisperOfDreams,8074627833
Chevy Dude,8076040620
Arunas195,8077453406
Dani Razooqi,8078866192
Garand Thumb,8080278979
Top Anime Central,8081691765
Rob The Ranger Wildlife Videos,8083104551
Rebecca Stout,8084517338
WantingsMusic,8085930124
웃웃TwinsFromRussia,8087342910
LIBIANCA,8088755696
Will’s Whereabouts,subscriber_count
PuzzLEGO,8090168483
The Lion Whisperer,8091581269
InTheLittleWood aka Martyn,8092994055
SalimBaba Technical,8094406842
Kevin Talbot,8095819628
MulliganBrothers,8097232414
Senay Bostancioglu,8098645201
Fun Story World™,8100057987
Malayali Friends,8101470773
Logan The Adventure Dog,8102883560
Jharka Rahasya,8104296346
Sancho Animation,8105709132
Zoobees Kids ABC TV - Baby Songs & Nursery Rhymes,8107121919
Shine Music,8108534705
MakeMyTripOfficial,8109947491
Luhhsetty,8111360278
Tractor Corleone,subscriber_count
Secret Diary Hindi,8112773064
DopeLyrics,8114185850
H2TechVideos,8115598637
Seafoam Kitten's ASMR,8117011423
GPDK,8118424209
Sofie Dossi,8119836996
감스트GAMST,8121249782
Firstpost,8122662568
twaimz,8124075355
SXR123,8125488141
KING VADER,8126900927
Moskalus,8128313714
ISHAN LLB,8129726500
Gamen4Bros,8131139286
KiiYii - Kids Songs | Play and Sing with KiiYii,8132552073
Cook with Lubna,8133964859
English Addict with Mr Duncan,subscriber_count
Top 10 Beyond The Screen,8135377645
Netherlands Bach Society,8136790431
Magic Flicks,8138203218
The Little Mermaid 2018 Live Action Movie,8139616004
Rob's World,8141028790
Throttle House,8142441577
Masters Of Craft,8143854363
iBuyNewStuff,8145267149
Amazing Facts,8146679936
StateBalls,8148092722
BiBiPAM Dupi Car's,8149505508
Gamer Robot,8150918295
Cricket District,8152331081
Hashem Al-Ghaili,8153743867
REVERSAL,8155156654
The Obama White House,8156569440
Wisdom Productions,subscriber_count
YELLOW BLOGGER,8157982226
Mr JWW,8159395013
Helloween,8160807799
BUILT DIESEL MAFIA,8162220585
Sirius,8163633372
The Aspinall Foundation,8165046158
NanaBorderCollie,8166458944
OG Schaefchen,8167871731
Terroriser,8169284517
Zebra Nursery Rhymes - Kids Song and Cartoons,8170697303
LPS Emily,8172110090
Hankook Tire Global,8173522876
itsDesTV,8174935662
P2istheName,8176348449
Kleminho,8177761235
Teconz,8179174021
CookWithNisha,subscriber_count
BRANDMADE.TV,8180586808
Andrew Piluk,8181999594
Rhythm Boyz,8183412380
HockeyBenders,8184825166
Knowledge Feed,8186237953
L is for Luke,8187650739
Nain Jc,8189063525
OwlKitty,8190476312
Călinacho,8191889098
morecaspar,8193301884
LARRAY,8194714671
DankPods,8196127457
adidas Football,8197540243
OfficialPhoneRebel,8198953030
Boston Children's Hospital,8200365816
tazoh,8201778602
infobells - Telugu,subscriber_count
TheCameraStoreTV,8203191389
totallyanton,8204604175
Discover Crypto,8206016961
WhiskerTales,8207429748
Home Science,8208842534
Hillary Clinton,8210255320
SANAE SLAAAY,8211668107
Gaurav katare Extra,8213080893
Måneskin Official,8214493679
Alia Bhatt,8215906466
Derek Gerard,8217319252
Crictales,8218732038
Parcels,8220144825
GabstaifyMV,8221557611
twomad 360,8222970397
MaximBady,8224383184
119Ministries,subscriber_count
Kriscoart,8225795970
Alambanz,8227208756
Key & Peele,8228621543
SwaggerSouls,8230034329
Vania Mania Kids,8231447115
Tedward,8232859901
DYNO VLOGS,8234272688
Survival Guide to the Dutch,8235685474
You Should Know ?,8237098260
viperkeeper,8238511047
Three Russian Bogaturs,8239923833
Random Chikibum,8241336619
Amoeba Sisters,8242749406
Kassem G,8244162192
Hillsong UNITED,8245574978
SpideyPlanet,8246987765
a2z Weddings,subscriber_count
NTV Sports,8248400551
H2O - just add water,8249813337
HONEY'S BEAUTY & HEALTH,8251226124
Cracked,8252638910
GamerGuyd7Aces,8254051696
carwow,8255464483
Med School Insiders,8256877269
Zakir Khan,8258290055
Nakkalites FZone,8259702842
Kids Planet Hindi,8261115628
Letupita725HD★,8262528414
Mohak Mangal,8263941201
English with Ronnie · EnglishLessons4U with engVid,8265353987
Brianna's World,8266766773
VisualPolitik EN,8268179560
Cry Babies in English,8269592346
Rick Steves' Europe,subscriber_count
Kiesza,8271005132
TV9 Entertainment,8272417919
Shaq The Pug,8273830705
Agent 00 Gaming,8275243491
Tanner Braungardt,8276656278
the fifth estate,8278069064
Dream Stories TV Adventure,8279481850
Frequency Music,8280894636
CharlieBo313,8282307423
Armando Hasudungan,8283720209
Ze Frank,8285132995
WFLA News Channel 8,8286545782
ReactionShorts,8287958568
TerraStone,8289371354
AkashLegoProductions,8290784141
drewdoes,8292196927
Pacific,subscriber_count
Sijosh N Riya,8293609713
Colors Bangla,8295022500
Black Pigeon Speaks,8296435286
Lucas T. Jahn,8297848072
SugarTits,8299260859
Goo Jit Zu,8300673645
OneyNG,8302086431
Tifo Football by The Athletic,8303499218
Sumit Bhyan,8304912004
GizmoSlip,8306324790
Trap king,8307737577
Digital Trends,8309150363
Toys AndFun Sisters,8310563149
Emily Norris,8311975936
Cogito,8313388722
Telugu Videos,8314801508
On Dispatch,subscriber_count
Ms. Humphries,8316214295
Real Grumpy Cat,8317627081
ROLLIN' WILD,8319039867
Shaykh Saqib Iqbal - Fan Page,8320452654
SABC News,8321865440
TED-Ed Student Talks,8323278226
DB Live,8324691013
Schneider Electric,8326103799
Ultra Movie World,8327516585
Sinedd,8328929371
Veronica Wang,8330342158
Siemens Knowledge Hub,8331754944
Trap City,8333167730
Hassan Draws,8334580517
Crafty Adventures,8335993303
KingSwish,8337406089
TrainYourBrain,subscriber_count
Anime Balls Deep,8338818876
Buff Dudes,8340231662
WeSpeakFootball,8341644448
GalaxyMusic,8343057235
MommaRedd,8344470021
Apni Dunya Tv,8345882807
Matt Mulholland YouTube,8347295594
Yo Yo Honey Singh,8348708380
Daksh Gandhi,8350121166
MK STUDIO,8351533953
Point of View,8352946739
Janoskians,8354359525
larsandersen23,8355772312
Spice King,8357185098
Rufi Ishfi,8358597884
Family Feud,8360010671
Stefan Karl,subscriber_count
Hakson Pro Gaming,8361423457
ByDiy,8362836243
wifistudy 2.0 by Unacademy,8364249030
AIverse,8365661816
5-Minute Crafts LIKE,8367074602
Sur Movis World,8368487389
Uya Kuya TV,8369900175
Trace Adkins,8371312961
ehowhealth,8372725748
HoopFlix,8374138534
Binod Bhandari,8375551320
(Fe)MaleASMR,8376964106
Peter McKinnon,8378376893
Endymion,8379789679
Tahliwood Records,8381202465
DSLRguide,8382615252
Taylor Martin,subscriber_count
teamfortress,8384028038
Pregnancy and Postpartum TV,8385440824
Distort,8386853611
Prageeth Perera,8388266397
Quang Tran,8389679183
2HYPE,8391091970
EverydayDriver,8392504756
UnlistedLeaf,8393917542
Bellpond,8395330329
NFL Films,8396743115
Bunnie,8398155901
Primitive Jungle Lifeskills,8399568688
Essen Recipes,8400981474
Ethobot,8402394260
Pakistan Cricket,8403807047
Veena's Curryworld,8405219833
Squasha Streams,subscriber_count
Dan Ondrey,8406632619
Wonder Munna,8408045406
The Insidia Project,8409458192
Rohit Zinjurke,8410870978
Mehndiartist_Hira,8412283765
AMERICAN TACTICAL FIGHTER,8413696551
Rubhen925,8415109337
ChrisShwafer,8416522124
SAN HOLO,8417934910
BluntedBeatz,8419347696
LimpBizkitVEVO,8420760483
GRAY WOLF,8422173269
Mark Tilbury,8423586055
Cross Training Enduro,8424998841
SEALOOK Official,8426411628
PlayboiCartiVEVO,8427824414
FULL SEND PODCAST,subscriber_count
Henwy,8429237200
Cozy DIY Home,8430649987
RAJA RUBI,8432062773
GM facts {Gaurav Maurya},8433475559
Gonzossm,8434888346
edubuzzkids,8436301132
Kento Bento,8437713918
Shadow Music,8439126705
Madeyewlook,8440539491
NewsWatch Plus PH,8441952277
NDL,8443365064
tiyaa_ningwal_official,8444777850
The Atheist Experience,8446190636
FifaGaming,8447603423
Dark Skies,8449016209
Ronald Finger,8450428995
Scary Interesting,subscriber_count
Banditt066,8451841782
Studio One,8453254568
Cutting Crew Music,8454667354
Zozo,8456080141
천재견 사월이sawol,8457492927
Instant Bollywood,8458905713
Kasey Rayton,8460318500
Top Real Team,8461731286
Gamer G,8463144072
Mike and Mia - Nursery Rhymes and Kids Songs,8464556859
DNCEVEVO,8465969645
Mini Foodkey,8467382431
KHAZANAH TRANS7 OFFICIAL,8468795218
BR SHAFI,8470208004
WackenTV,8471620790
Vintage Records,8473033576
Reaction Matters,subscriber_count
LilDeuceDeuce,8474446363
DeoxysPrime,8475859149
Millie and Chloe,8477271935
RedKB,8478684722
jordy2d,8480097508
TNT Fight Sports,8481510294
ESPN College Football,8482923081
iDB,8484335867
Universe Inside You,8485748653
Indeimaus,8487161440
SlayyPop,8488574226
Game Red ball,8489987012
Train Japan OK,8491399799
123 GO! FOOD,8492812585
Studio AFK,8494225371
BR Chopra & Other TV Serials,8495638158
TED Institute,subscriber_count
Cubey,8497050944
Top 10 Talent,8498463730
WillandSid,8499876517
Lubalin,8501289303
Quanta,8502702089
steveee,8504114876
Dogumentary TV,8505527662
Cincinnati Children's,8506940448
Frostbite Gaming,8508353235
KRQE,8509766021
CHANEL,8511178807
ANC 24/7,8512591594
Shay Art,8514004380
Zombie Go Boom VP,8515417166
Revo-luution,8516829953
Global Citizen,8518242739
Austin,subscriber_count
Monitors Unboxed,8519655525
Tarun Gill,8521068311
Anshu Bisht,8522481098
Marcus Butler,8523893884
Armada Subjekt,8525306670
Namoh Studios,8526719457
Shin Giwon Piano,8528132243
Nova,8529545029
Neelkamal Singh Official,8530957816
create,8532370602
Sanju and Lakshmy,8533783388
KreekCraft,8535196175
VTV,8536608961
Telepurte,8538021747
RoKKiT KiT,8539434534
Wake'N'Bite,8540847320
Real Terrain Hobbies,subscriber_count
sootch00,8542260106
funnyplox,8543672893
sahil ips,8545085679
Chandan Shetty,8546498465
Beesechurger_73,8547911252
Brizzy,8549324038
KBS WORLD TV,8550736824
aespa,8552149611
Tech Satire,8553562397
LittleVMills,8554975183
PauseUnpause,8556387970
Dax Andreas,8557800756
Robby Layton,8559213542
AJ Mitchell,8560626329
Lockk9,8562039115
THE WHY,8563451901
SoupTimmy,subscriber_count
Jack Houweling,8564864688
Unittick,8566277474
TwoWheelsAndAPonytail,8567690260
Tia Bhatia,8569103046
ROUND III,8570515833
Abhi Sex Education,8571928619
JeremihVEVO,8573341405
TennisCricket.in,8574754192
ArtiFex Creation,8576166978
Baby Brown,8577579764
Real Thugesh,8578992551
Aden Films,8580405337
Ynech,8581818123
Maxime MXM,8583230910
SpaceX,8584643696
LogicVEVO,8586056482
Latti,subscriber_count
Chunkz,8587469269
Moonbug Literacy - Read Along with Captions,8588882055
The Social Guide,8590294841
Oggy & his friends,8591707628
The Hermansyah A6,8593120414
Mavado Gully Official,8594533200
Experiments Robert33,8595945987
AJS Universe,8597358773
Dehati Rasiya,8598771559
SASVlogs,8600184346
†REDZED†,8601597132
Mobile Fun,8603009918
Lucien Hughes,8604422705
Ultimate Chase,8605835491
Hectanooga1,8607248277
Sport Vines World,8608661064
JOSH ENTERTAINMENTS,subscriber_count
T-STUDIO,8610073850
DIY Vlogs,8611486636
So Effin Kray,8612899423
Car Throttle,8614312209
Just Rolled In,8615724995
The Fishfam,8617137781
Lil Dicky,8618550568
News18 Bihar Jharkhand,8619963354
Psyched Substance,8621376140
UhOhBro,8622788927
Rehaan Records,8624201713
MotivationGrid,8625614499
TORA_V4,8627027286
"Not cool, Noah.",8628440072
All The Stations,8629852858
BiscootTV,8631265645
Christianity Still Makes Sense w/ Dr. Bobby Conway,subscriber_count
Backstreet Boys,8632678431
Cars with MDK,8634091217
Condifiction's Old Channel,8635504004
Anthony Hamilton Jr,8636916790
Our Cooking Time,8638329576
Matt Larose,8639742363
Daniele Vitale Sax,8641155149
Lullaby Baby,8642567935
Here's Johnny,8643980722
Traxxas,8645393508
Indian ASMR World,8646806294
The Android Guy,8648219081
Jay Leno's Garage,8649631867
PD,8651044653
Shadows Glitch -0-,8652457440
Alvaro Soler,8653870226
FUTURISM,subscriber_count
My Funny Games Builder,8655283012
ChaseTheBro,8656695799
iOWNaFERGUSON,8658108585
Top Things,8659521371
Wild Animals,8660934158
Best of Africa,8662346944
PDK Films,8663759730
Paralives,8665172516
Farmees - Nursery Rhymes And Kids Songs,8666585303
Xiaomi India,8667998089
tabii Urdu,8669410875
Steffi Ulagam,8670823662
Christoph Laimer,8672236448
Heartwise Ministries,8673649234
Coltyy,8675062021
Dose of Music,8676474807
KAYCEE & RACHEL in WONDERLAND FAMILY,subscriber_count
ExoticCarspotters,8677887593
Rotten Tomatoes Coming Soon,8679300380
Pearle Maaney,8680713166
Itsme Madd,8682125952
VIZE,8683538739
Garden decoration ideas,8684951525
Dheeraj Dixit,8686364311
What Next?,8687777098
CromoPlays,8689189884
Avelovinit,8690602670
Zola,8692015457
Parul Saxena,8693428243
Clean & Delicious,8694841029
Lalitha Audios And Videos,8696253816
Funny Everyday,8697666602
Mad Brick,8699079388
UltraVS,subscriber_count
Yin Kalle,8700492175
Clyde,8701904961
Abhishek Walia,8703317747
Thiago Gravações,8704730534
Destination Tips,8706143320
Miro Football,8707556106
Jeanine Amapola,8708968893
Team Darkside,8710381679
Yakki,8711794465
Tim Schofield,8713207251
NotLuc,8714620038
Prime9 News,8716032824
Black Sabbath,8717445610
Voice of America,8718858397
GV GAMING,8720271183
Sunny Malton,8721683969
Mr Brain Junkie,subscriber_count
ASUS India,8723096756
JoshDub,8724509542
TheDC Shorts,8725922328
Toronto Sun,8727335115
Scarce,8728747901
peacocklover27,8730160687
Mental Fakir,8731573474
Twan Kuyper,8732986260
Joe Penna / MysteryGuitarMan,8734399046
Dewansh Chaturvedi,8735811833
Vishal Film Factory,8737224619
Krazy Kritters,8738637405
Tats TopVideos,8740050192
Mind Boggler,8741462978
Street Food Unlimited,8742875764
That Racing Channel,8744288551
Eagle Music Video Station,subscriber_count
Hungry Birds,8745701337
4K Urban Life,8747114123
Akyu Natural,8748526910
Northmen,8749939696
FreeDawkins,8751352482
Maddie Ziegler,8752765269
Sai Aashirwad,8754178055
VenturianTale,8755590841
BBC Sport,8757003628
Joe,8758416414
NTV Natok,8759829200
Greg Doucette,8761241986
Sibbu Giri,8762654773
Pelangi Warna,8764067559
War3Star,8765480345
Pirate Dog,8766893132
NewsFirst Kannada,subscriber_count
BBC Asian Network,8768305918
Oceanliner Designs,8769718704
SportsBD Tube,8771131491
xKito Music,8772544277
DreamWorks Madagascar,8773957063
Food Fusion,8775369850
Kidd Keo,8776782636
Aryan 2 Toonz,8778195422
VintageBeef,8779608209
Gone to the Snow Dogs,8781020995
wiwibloggs,8782433781
Chris Stapleton,8783846568
Daily Fails,8785259354
Baablu,8786672140
Bonfire Bangladesh,8788084927
Crunkz,8789497713
markcrilley,subscriber_count
Creative Science,8790910499
Sunny Garewal,8792323286
Tamil Beauty Tv,8793736072
Jipseekid,8795148858
IRSAIS,8796561645
Edmunds Cars,8797974431
Lasselsson,8799387217
James Samuel,8800800004
QISAS TV,8802212790
Zach B,8803625576
ndsuvirtualcell,8805038363
Kayley Melissa,8806451149
The Wicked North,8807863935
Loku,8809276721
KIM TAEHYUNG,8810689508
Nix Record,8812102294
Spaghetti Road,subscriber_count
Rebel HQ,8813515080
Mr. Mind Blow,8814927867
"European Space Agency, ESA",8816340653
Meditative Mind,8817753439
대한항공 (Korean Air),8819166226
MoeAndEthan,8820579012
Sho Ko,8821991798
Learn Dutch with Bart de Pau,8823404585
NOVA PBS Official,8824817371
gogo 2728,8826230157
Cake Lovers,8827642944
Emily Skye,8829055730
Attractions Magazine,8830468516
Explore Live Nature Cams,8831881303
SageTheGeminiVEVO,8833294089
Eruma Saani,8834706875
Hat Films,subscriber_count
Bollywood Sins,8836119662
M4 Tech,8837532448
Darren Wallace,8838945234
SM NEWS,8840358021
Primitive Cooking Kh,8841770807
Khushbu Style,8843183593
What Car?,8844596380
GadgetsToUse,8846009166
Avenged Sevenfold,8847421952
State of Israel,8848834739
Sergio,8850247525
Chote Miyan Arun,8851660311
Brianna,8853073098
ArtSpear Entertainment,8854485884
MANZOOR's Investigation,8855898670
Jason Nash,8857311456
Mightyraccoon!,subscriber_count
MaejorAliMusicVEVO,8858724243
Mass Appeal India,8860137029
Enjoy gaming,8861549815
Noel Miller Presents,8862962602
BadTwin,8864375388
Tanya Burr,8865788174
AWE me,8867200961
WARSOFINSECTS,8868613747
Google Spotlight Stories,8870026533
Aeon Pix Studios,8871439320
Tea Spill,8872852106
Rottweiler Life,8874264892
clockner,8875677679
Brew,8877090465
Jacek Zarzycki,8878503251
Acenix Cortos,8879916038
NASA Goddard,subscriber_count
Life StyLe,8881328824
WD Detailing,8882741610
ABC 10 News,8884154397
i-win,8885567183
Ruba Zai,8886979969
World Science Festival,8888392756
The Orphan Pet,8889805542
FOX 4 Dallas-Fort Worth,8891218328
Scott Manley,8892631115
Mud Stamp Films,8894043901
Lazada Philippines,8895456687
MDMotivator,8896869474
Kitten Lady,8898282260
Keep Your Daydream,8899695046
Nakkheeran TV,8901107833
carly tishler,8902520619
ASAPROCKYUPTOWN,subscriber_count
PlanetApes,8903933405
Hello Catie,8905346191
Ducky Extra,8906758978
Shonduras,8908171764
Emma Pickles,8909584550
Mythpat,8910997337
MyHealthyDish,8912410123
FXitinPost,8913822909
BrennFilm,8915235696
Clash Royale,8916648482
Delta Highlights,8918061268
Red Velvet,8919474055
The Fast Lane Truck,8920886841
Ha Hack,8922299627
BFI,8923712414
Dove PH,8925125200
aGamesView,subscriber_count
Tana Mongeau,8926537986
Soldier Knows Best,8927950773
Oliver Potter,8929363559
KPIX | CBS NEWS BAY AREA,8930776345
TNT Sports US,8932189132
Chris Chann,8933601918
Hand Tool Rescue,8935014704
Kaitoucchi,8936427491
Krystal Key,8937840277
The Ingham Family,8939253063
Modustrial Maker,8940665850
Vlog with EMMA,8942078636
Creative class @ SARIKA,8943491422
Beatz Instrumental,8944904209
IMPAULSIVE Clips,8946316995
Buildosaurus,8947729781
Kwame Duah V2,subscriber_count
Namaste Car,8949142568
Felicya & Hito Family,8950555354
Tamil Tech - MrTT,8951968140
ehowbeauty,8953380926
Pedguin,8954793713
Nilanjana Dhar,8956206499
SmellyBelly,8957619285
Jackson O'Doherty Vlogs,8959032072
NollywoodMoviesUpdateTV,8960444858
INDIWORLD ENTERTAINMENT,8961857644
Frogger,8963270431
BAKA NOT NICE,8964683217
Memphis Depay,8966096003
BHQ Label,8967508790
Bugha,8968921576
Moretin,8970334362
TheBackyardScientist,subscriber_count
The Honest Guys - Meditations - Relaxation,8971747149
GoldieBlox,8973159935
Nella Rose,8974572721
Taste Show,8975985508
Wolfoo Canada,8977398294
DW हिन्दी,8978811080
Urso Valen,8980223867
WorldSBK,8981636653
Kiingtong,8983049439
HuffPost,8984462226
Maximilian Dood,8985875012
carsandwater,8987287798
Abacaba,8988700585
Braille Skateboarding,8990113371
Mystery Scoop,8991526157
chunkymark,8992938944
WildBrain Fizz,subscriber_count
TeamSamuraiX1,8994351730
Tausif Khalid,8995764516
OUTTATHISWORLD,8997177303
dakblake,8998590089
greenlegocats123,9000002875
CALO,9001415661
Randolph,9002828448
SeeKen,9004241234
KISS,9005654020
Pilps,9007066807
LilBabyVEVO,9008479593
iLuvTrading,9009892379
huskymudkipz - live,9011305166
oShven,9012717952
Boeing,9014130738
MKtv Bangla,9015543525
AV Daniel Violin (九哥故事),subscriber_count
awesomeairguns,9016956311
The Voice Kids UK,9018369097
Our Beauty Tips,9019781884
First Baptist Dallas,9021194670
RJ Media Productions,9022607456
CBS Sports Golazo,9024020243
JamoPak,9025433029
Mukti's Cooking World,9026845815
Best Ever Food Review Show,9028258602
PathoFail,9029671388
Bhola Shola,9031084174
Tonde Gamer,9032496961
Dr. Tube,9033909747
CURIO,9035322533
Coast Cams,9036735320
Priyanka tyagi,9038148106
DIY Experiments,subscriber_count
Relax My Dog - Relaxing Music for Dogs,9039560892
lugeyps3,9040973679
Taylor Ray,9042386465
FaZe Rug Live,9043799251
Janice Studies,9045212038
Wolfy Playz,9046624824
Fredrik Knudsen,9048037610
PointlessHub,9049450396
TheDadLab,9050863183
GHOSTEMANE,9052275969
Jackson Galaxy,9053688755
More Lachlan,9055101542
COOK WITH FAIZA,9056514328
Jarvis,9057927114
Foekoe,9059339901
Novak Djokovic,9060752687
MLP songs,subscriber_count
Dream Stories TV,9062165473
NativeHorse,9063578260
pigmie,9064991046
Rengoni TV,9066403832
Architectural Digest India,9067816619
Cusack Creatures,9069229405
JonBellionVEVO,9070642191
Tsar Bucks,9072054978
CashNasty,9073467764
colo99,9074880550
David Firth,9076293337
Vines best fun,9077706123
All Elite Wrestling,9079118909
lionheartx10,9080531696
Max & Occy,9081944482
Mothership,9083357268
RedLetterMedia,subscriber_count
VanDeGraph,9084770055
TierZoo,9086182841
RG Entertainment,9087595627
CS Dojo,9089008414
Mike Bell,9090421200
Pinkpantheress,9091833986
TheRcSaylors,9093246773
Footasylum,9094659559
Desi Health TV,9096072345
SelectFlix,9097485131
Kangra Boys,9098897918
Candy Toys,9100310704
John Downer Productions,9101723490
Seonkyoung Longest,9103136277
Hogi! Pinkfong - Learn & Play,9104549063
The Fish Whisperer,9105961849
DavidParody,subscriber_count
Dandan Nay Shokeen,9107374636
123 GO!,9108787422
MrShah,9110200208
David King,9111612995
foxalbiazul,9113025781
Indonesian Fairy Tales,9114438567
M13,9115851354
Rehaan Production,9117264140
Darkomode,9118676926
ABS-CBN Lifestyle,9120089713
Truthunedited,9121502499
Cat Lessons,9122915285
The Jump Off,9124328072
Tom Thum,9125740858
GreatScott!,9127153644
BonBun Films,9128566431
epicsurfingvids,subscriber_count
GoldfrappTV,9129979217
RapidFireArt,9131392003
Atomic Shrimp,9132804790
JLaservideo,9134217576
Funformi,9135630362
Jarrod'sTech,9137043149
Estefannie,9138455935
emmymade,9139868721
Meet The Vloggers,9141281508
Dash Cam Owners Australia,9142694294
Adam Hamrita,9144107080
Troye Sivan,9145519866
Islam For All,9146932653
blink182VEVO,9148345439
Airliners Live,9149758225
Christen Dominique,9151171012
Official Gaming Comedy,subscriber_count
Loose Motions 99 Music,9152583798
Lorenzo F7,9153996584
VICE Life,9155409371
The Ripe Tomato Farms,9156822157
Go Natural English Lessons,9158234943
DownieLive,9159647730
Jaka Parker,9161060516
kINFINITY,9162473302
ALL THE SMOKE,9163886089
Futbol okiem Pitera,9165298875
Tabbes,9166711661
BibleProject,9168124448
Telugu Thunder Action,9169537234
BGH Music,9170950020
MARKO,9172362807
Turkish Airlines,9173775593
Neuralink,subscriber_count
Will McDaniel,9175188379
Chewkz,9176601166
INDIANGIRL BEAUTY BLOGGER TRISHA,9178013952
Wheeler Dealers,9179426738
Sherlina Nym,9180839525
Paul Joseph Watson,9182252311
Sai Krishna,9183665097
JoBlo Originals,9185077884
Frog Leap Studios,9186490670
Peter Finn the Car Doctor,9187903456
Sous Vide Everything,9189316243
Nalopia,9190729029
Toya Johnson,9192141815
SABRINA LONIS,9193554601
Prime Video AU & NZ,9194967388
Sultan Sketches,9196380174
MineCraft Awesome Parodys,subscriber_count
Travel Today,9197792960
The Coca-Cola Co.,9199205747
AlwaysHorseLove,9200618533
AronChupaVEVO,9202031319
iDubbbzTV,9203444106
Mr.Heang Update,9204856892
NathanEvanss,9206269678
THE BIG LEZ SHOW OFFICIAL,9207682465
REBOUND Football,9209095251
JomezPro,9210508037
THE FIRST TAKE,9211920824
Royalty Gaming,9213333610
JustinGuitar,9214746396
Real CJ,9216159183
DIY Ocean,9217571969
Supercars,9218984755
Kokku Entertainment,subscriber_count
BROTHERS OFFICIAL,9220397542
Neymar Jr,9221810328
Baba Dream Studio,9223223114
Akaal Channel,9224635901
Q-dance Music,9226048687
Saregama Hum Bhojpuri,9227461473
FamilyGamerTV,9228874260
The Hungry Syrian Wanderer,9230287046
Jbunzie,9231699832
little harmony,9233112619
This Old House,9234525405
878 Dream Team,9235938191
Lethamyr,9237350978
bigstackD Casting,9238763764
Gültekin Ailesi,9240176550
RAKA,9241589336
PianoChatImprov,subscriber_count
All Things Adrienne,9243002123
ALYSSA FOREVER,9244414909
SunlessKhan,9245827695
Fermilab,9247240482
Osmosis from Elsevier,9248653268
Freddy,9250066054
WWF International,9251478841
Silk,9252891627
S1R,9254304413
The Herberts,9255717200
DubStepZz,9257129986
Meg Crafters,9258542772
Jimmy Kimmel Live,9259955559
Jjust Music,9261368345
TgirlQueensland,9262781131
Clayfully Cute,9264193918
Alexander Mamaychuk,subscriber_count
NAYVA,9265606704
Ken Block,9267019490
Sambucha,9268432277
courtneybarnett,9269845063
theweeklyslap,9271257849
Gaming Tamizhan,9272670636
Guillaume,9274083422
Irene Rudnyk,9275496208
FLAIR,9276908995
joycy,9278321781
Jadh,9279734567
Vivek Talk,9281147354
TheOldrecordclub,9282560140
Corey Tonge,9283972926
Place For Mantras,9285385713
EagleTek,9286798499
Sahil joshi Vlogs,subscriber_count
Physics Videos by Eugene Khutoryansky,9288211285
胡慧冲遊泰國,9289624071
Pro Kabaddi,9291036858
FLuffeeTalks,9292449644
WaysAndHow,9293862430
JKrew Fam,9295275217
DareX,9296688003
THNKR,9298100789
BlazeTV,9299513576
MANILA GREY,9300926362
TheGamingLemon,9302339148
Marty's Matchbox Makeovers,9303751935
Cakes & Eclairs,9305164721
ElderFox Documentaries,9306577507
Shemaroo Comedy,9307990294
deathmule,9309403080
Sharma Sisters,subscriber_count
Alicia Moffet,9310815866
SBS TV동물농장x애니멀봐,9312228653
HappyConsoleGamer,9313641439
SearchlightPictures,9315054225
Andertons Music Co,9316467012
The Anime Man,9317879798
Storyful News & Weather,9319292584
Nissan USA,9320705371
The CNSR,9322118157
Veritasium en español,9323530943
One Media Entertainments,9324943730
BigGreenTV,9326356516
TommyT999,9327769302
Vivziepop,9329182089
Volpin Props,9330594875
Nick Fry,9332007661
KAYCEE WONDERLAND,subscriber_count
Quran Aur Hadees,9333420448
Ra'is,9334833234
Nonstop Dan,9336246020
Teala,9337658806
Capital TV,9339071593
PSA Sitch,9340484379
OFFICIALLY GASSED - OG,9341897165
Inanna Sarkis,9343309952
ANN STORIES,9344722738
Jingletoons Marathi,9346135524
Random.,9347548311
ChrisFix,9348961097
jmancurly Reacts,9350373883
Next9TvNews सीरियल अपडेट,9351786670
KarQ,9353199456
DannyAaronsRTG,9354612242
Airsoft CamMan,subscriber_count
MR. ILLUSTRATED,9356025029
Pingy,9357437815
SurvivorVEVO,9358850601
SG Sports TV,9360263388
1Up Gaming,9361676174
metfan4l,9363088960
cutepolish,9364501747
GEVidsTV,9365914533
"Life, Living & Nature",9367327319
Little Talks,9368740106
Slimecicle,9370152892
Filaretiki,9371565678
SullyPwnz,9372978465
FullHDvideos4me,9374391251
WOA Doll Crafts,9375804037
S3RL,9377216824
GLITCH,subscriber_count
Pants are Dragon,9378629610
Benny's Custom Works,9380042396
NN Play Town,9381455183
Bobby Moore Facts,9382867969
The Punjab TV,9384280755
GeorgeWasFound,9385693541
Prem Dhillon,9387106328
Arcade Chick,9388519114
Norris Nuts Cooking,9389931900
URDU CENTER PLUS,9391344687
AWESMR pop,9392757473
WhistlinDiesel,9394170259
British Heart Foundation,9395583046
Redfoo,9396995832
Goldmines Action Heroes,9398408618
ARIA,9399821405
Ring,subscriber_count
Hagen Toons,9401234191
Cancer Research UK,9402646977
Emirichu,9404059764
Sandeep Maheshwari,9405472550
SaveTheChildren,9406885336
Aysha Siddika,9408298123
OPPO India,9409710909
Punch Plan,9411123695
Dimension Pictures,9412536482
Petrolicious,9413949268
CRUX,9415362054
dulevoz,9416774841
We Love Animals,9418187627
HAMSTERS SHOW,9419600413
Blue Flash,9421013200
Brodie Smith,9422425986
The Domestic Geek,subscriber_count
Viva Frei,9423838772
Chris Rogers,9425251559
San Diego Zoo Safari Park,9426664345
Russell Howard,9428077131
Trek Trendy,9429489918
Cotton Candy,9430902704
Masti TV,9432315490
MasterJi,9433728276
NEFFEX,9435141063
Coffeehouse Crime,9436553849
AdamC3046,9437966635
Amina Hussain,9439379422
ZybakTV,9440792208
Cultaholic Wrestling,9442204994
Aamir Voice City,9443617781
Fliqa,9445030567
officialTUNA,subscriber_count
Marina Joyce,9446443353
Ranjit Bawa Music,9447856140
ALTER,9449268926
KidsChannel TVkids,9450681712
Perk Jai,9452094499
MM Originals,9453507285
merrelltwins,9454920071
PraveenMohan,9456332858
Vat19 Product Demos,9457745644
CloudKid,9459158430
Patrizia 1111,9460571217
Stadium Astro,9461984003
Sonam Prajapati team,9463396789
Jass Bajwa,9464809576
Make Anything,9466222362
Auto Addiction,9467635148
Soon Films 순필름,subscriber_count
THE KITO FAMILY,9469047935
Squawk rahulraj,9470460721
Mystery Hunt,9471873507
BOL Network,9473286294
Emojis,9474699080
Insider Art,9476111866
Mai Pham,9477524653
JeNeevaLove,9478937439
Learn Spanish World,9480350225
top3 world,9481763011
The Futur,9483175798
AApV - Vids For Kids,9484588584
Kyle Hill,9486001370
KIANUSH,9487414157
RJ Raunac,9488826943
denniscallan,9490239729
settime2588,subscriber_count
Chica,9491652516
limpbizkit,9493065302
Red Bull Motorsports,9494478088
BeingU Studios,9495890875
Cubehamster,9497303661
LIV Kids,9498716447
Andit Okbay,9500129234
Nischay records,9501542020
Khalid 10,9502954806
ChadWithaJ,9504367593
The School of Life,9505780379
WORKOUT,9507193165
McDonaldsMalaysia,9508605952
Mohammed Zakaria,9510018738
WB Kids,9511431524
Lehren Retro,9512844311
East India Comedy,subscriber_count
Motor Explorer,9514257097
Tom,9515669883
Gorilla Productions,9517082670
Soulja Boy,9518495456
Simply Nailogical,9519908242
Club Champion,9521321029
The Mix,9522733815
InquisitorMaster,9524146601
EXPLORER,9525559388
Mei Yu,9526972174
United Nations,9528384960
Apalapse,9529797746
Serie A,9531210533
Do It On A Dime,9532623319
Keith Sweat,9534036105
BeamNG-FUN,9535448892
NeverEnoughEpicAMVs3,subscriber_count
Wrestlelamia,9536861678
Kapil Sharma,9538274464
Noah Cyrus,9539687251
Apni Bhakti,9541100037
IBC24,9542512823
Life is Awesome Civil Engineering Plans,9543925610
Zee Music South,9545338396
World Food Programme,9546751182
Gardening Australia,9548163969
Bon Jovi,9549576755
Chloé Hayden,9550989541
iHasCupquake,9552402328
StevieVlogs,9553815114
Donkey BAR BAR,9555227900
WW2HistoryHunter,9556640687
Sarker Media,9558053473
VICE Sports,subscriber_count
LilyTrescot MSP,9559466259
Salman Khan,9560879046
BLA BLA,9562291832
Renofandub,9563704618
WholeWheatPete,9565117405
SG Road Vigilante,9566530191
ILKACASE LYRICS,9567942977
Harshit Soni,9569355764
The RawKnee Show,9570768550
Misty Chronexia,9572181336
Tayler Holder,9573594123
Q1Q2 Movie Channel Official 圈影圈外官方电影频道,9575006909
HISTORY,9576419695
Exotic Rubber,9577832481
Mike Rashid,9579245268
CarlBarronVideos,9580658054
NabilGamingTV,subscriber_count
MTL Cliff,9582070840
Brooklyn and Bailey,9583483627
LacrimMusicVEVO,9584896413
Roxxsaurus,9586309199
Asian Boss,9587721986
CreativeIdeas,9589134772
Brick Technology,9590547558
Burcol,9591960345
Quartelz,9593373131
Nigel Sylvester Live,9594785917
UEFA,9596198704
Growth Tribe,9597611490
Shekinah. fm,9599024276
Where the Hell is Matt?,9600437063
채널 NCT MUSIC,9601849849
Rare Earth,9603262635
Sun Bangla,subscriber_count
5-Minute Crafts VS,9604675422
BackpackingSimon,9606088208
JerushaCouture,9607500994
CrashBoomPunk,9608913781
Mika Salamanca,9610326567
WheresMyChallenge,9611739353
Funny Dog Bailey,9613152140
Ali Abdaal,9614564926
Pen Action,9615977712
ProZD,9617390499
Stranger Stories,9618803285
Unexampled Inderaj,9620216071
ABC7 News Bay Area,9621628858
Zach King Compilations,9623041644
Dr. Rahim Gonstead Chiropractor,9624454430
BlackstreetVEVO,9625867216
Dangoheart Animation,subscriber_count
Shyhrete Behluli,9627280003
Good Morning Britain,9628692789
Unlock Your Life,9630105575
FF Balvant Gaming,9631518362
BeyoncéVEVO,9632931148
Ayundaru,9634343934
Kris Temmerman,9635756721
Anabella Show,9637169507
Forbes Breaking News,9638582293
Top5Dude,9639995080
Royal Music Gang,9641407866
Zombies Gameplay,9642820652
123 GO! HACKS,9644233439
ICC,9645646225
Om Nom Stories,9647059011
aero.,9648471798
Trend World,subscriber_count
Amazon MX Player,9649884584
Carry Depie,9651297370
Kayla Kosuga,9652710157
Sadia Entertainment,9654122943
TIAKOLA,9655535729
Gaurav Gupta,9656948516
TheAuraGuardian,9658361302
BigBaileyBear,9659774088
Amy North,9661186875
SHORTOFANS,9662599661
Fearless Man FF,9664012447
Mongraal,9665425234
EscapeTracks,9666838020
Babili GamePlay,9668250806
Londolozi Game Reserve,9669663593
foodies aao,9671076379
Boxoffice Movie Scenes,subscriber_count
dougmar,9672489165
Peppers TV,9673901951
hirudov,9675314738
DIY Candle,9676727524
KaraFun Karaoke,9678140310
MMProductions,9679553097
J Hus,9680965883
Hero Movies 2025,9682378669
Sethical,9683791456
Manorama Music Songs,9685204242
MLive,9686617028
Katie Cung,9688029815
ML TOV,9689442601
AshStudio7,9690855387
Mustard,9692268174
Esoterickk,9693680960
MAKAVELI*MOTIVATION,subscriber_count
David Dobrik Too,9695093746
Greatest Clips,9696506533
True Crime Fix,9697919319
Bollywood pe Charcha,9699332105
CatsVSDog,9700744892
Ellbat,9702157678
Bollywood Classics,9703570464
PlayCow,9704983251
mahalodotcom,9706396037
Sparks Motors,9707808823
B/R Football,9709221610
The Fighter and The Kid,9710634396
LavenderTowne,9712047182
DetroitBORG,9713459969
BBC Music,9714872755
Captain Entertainment Co,9716285541
Scott Yu-Jan,subscriber_count
Motion Station,9717698328
Tim & Chia Vlogs,9719111114
Brave Wilderness Life,9720523900
TobyDog 7Jh,9721936686
KGF! Gaming and More!,9723349473
AK 33,9724762259
Liam Payne Official,9726175045
MovieboxMovies,9727587832
RAVEN ELYSE,9729000618
CinemaWins,9730413404
muzicclout,9731826191
MATTY MATHESON,9733238977
LollywoodClassics,9734651763
美波,9736064550
PythonGB,9737477336
Big Sean,9738890122
rechyyy,subscriber_count
Zeinab Harake,9740302909
Joma Tech,9741715695
Lady Hawk,9743128481
Moral Stories in Hindi,9744541268
Moon Cds Corner,9745954054
metaRising,9747366840
Lil Wayne,9748779627
Star ANONYMOUS,9750192413
Scrubzah,9751605199
Top 10s,9753017986
HALIDONMUSIC,9754430772
NOT YOUR TYPE,9755843558
YoungMoneyVEVO,9757256345
Spread The Islam,9758669131
Shaun Reynolds,9760081917
Mini Gear,9761494704
Periodic Videos,subscriber_count
CakesByChoppA,9762907490
AzadMedia,9764320276
Blarg,9765733063
FlyingKitty,9767145849
VoskCoin,9768558635
emojitown,9769971421
Enterr10 Rangeela,9771384208
Richard Dawkins Foundation for Reason & Science,9772796994
Childish,9774209780
Underground Reptiles,9775622567
Theo Thomas,9777035353
Screen Culture,9778448139
grav3yardgirl,9779860926
Bigtime - Free Movies,9781273712
KhrazeGaming,9782686498
Kch Multimedia Naat,9784099285
Desi Banks,subscriber_count
Crystal,9785512071
TheXclusiveAce,9786924857
ThePoliceVEVO,9788337644
Bladed Angel,9789750430
BleepinJeep,9791163216
FimoKawaiiEmotions,9792576003
African Diaspora News Channel,9793988789
FaceCulture,9795401575
Central Cee,9796814362
STUDIO CHOOM [스튜디오 춤],9798227148
Ahsante the Artist,9799639934
ilsa,9801052721
Mr.TVCow,9802465507
TellyChakkar,9803878293
ZeldaMaster,9805291080
Tom MacDonald,9806703866
Excision,subscriber_count
ThePussycatDollsVEVO,9808116652
Satyajeet Jena Official,9809529439
Real G Music,9810942225
8-BitRyan,9812355011
Tame Impala,9813767798
Kod,9815180584
Nefertiti ASMR,9816593370
Ong Squad,9818006156
Live Speedy,9819418943
Marion's Kitchen,9820831729
Shaaanxo,9822244515
dermTVdotcom,9823657302
tribbleofdoom,9825070088
Cloudy Network,9826482874
CatPusic Team,9827895661
OMGFactsOfficial,9829308447
Charlie Chaplin,subscriber_count
Illumination,9830721233
MIT OpenCourseWare,9832134020
SteveKardynal,9833546806
Ruler,9834959592
Shemaroo TV,9836372379
ScereBro PSNU,9837785165
Deborah Dworshipper,9839197951
OneTopic,9840610738
Alex Prout,9842023524
THE PREMIER PADMINII,9843436310
ClementJ64,9844849097
SHIROSUKI World,9846261883
GoldminesAction,9847674669
ChilledChaosGAME,9849087456
Joshy,9850500242
Corrupted,9851913028
speedoru,subscriber_count
Oriental Star Agencies Ltd,9853325815
Wam India Movie Talkies,9854738601
udiprod,9856151387
yoyomax12 - the diet free zone,9857564174
AbudTV,9858976960
Aditya Music Tamil,9860389746
John Legend,9861802533
via Blocks,9863215319
cocktail VP,9864628105
Pawan Singh Official,9866040891
LazarLazar,9867453678
HERO Toniket,9868866464
Best Learning Videos for Little Ones,9870279250
BeautifulBrwnBabyDol,9871692037
AllAboutBants,9873104823
Rick Beato,9874517609
COD Zombies HQ,subscriber_count
Travis Cormier,9875930396
Dancefit Live,9877343182
Professor Dave Explains,9878755968
KYRSP33DY,9880168755
Feliks Zemdegs,9881581541
JaWoodle,9882994327
Keith57000,9884407114
XDJames,9885819900
NewsClickin,9887232686
Bắp Bắp Channels,9888645473
जीवन का मूल मंत्र,9890058259
RANGERS COOKING SHOW,9891471045
Master Chef,9892883832
Xavier HUBERT-BRIERRE,9894296618
Soccer Reviews For You,9895709404
Grumbae,9897122191
Rich Ferguson,subscriber_count
CodeWithHarry,9898534977
Dan D,9899947763
AnimeUproar,9901360550
Home RenoVision DIY,9902773336
Now You See It,9904186122
Joe Allam,9905598909
Official髭男dism,9907011695
BEATBOX BATTLE®,9908424481
Javed Chaudhry,9909837268
Shyam Rangeela,9911250054
MercaderGaming,9912662840
mohammadzafar,9914075626
Haider Tv,9915488413
T-Series Health And Fitness,9916901199
Tommy's Puppet Lab,9918313985
Indian Jugad Tech,9919726772
Taylor Red TV,subscriber_count
Shehnaaz Gill,9921139558
mongchilde,9922552344
Raftaar,9923965131
Fentom,9925377917
ProKtorr,9926790703
HyundaiWorldwide,9928203490
Jitu Revolutionary Farmer,9929616276
AngryJoeShow,9931029062
Bumfris,9932441849
Emma Louise,9933854635
Lou Bliss,9935267421
Devin Caherly,9936680208
Stern DuTube,9938092994
EasyPiano,9939505780
LMA Couple Vlog,9940918567
Voice Chat Podcast,9942331353
Satrumun,subscriber_count
ProBoii,9943744139
British Pathé,9945156926
The Experiment TV,9946569712
TheBlueJerome,9947982498
Be YouNick,9949395285
Sajeer Koppam Official,9950808071
Carl Crusher,9952220857
CBC,9953633644
Priya Malik,9955046430
Daily Bald,9956459216
WrestlingNewsNow,9957872003
TechSmartt,9959284789
Janick,9960697575
Thomas In Action,9962110361
Banana Cartoon 3D Nursery Rhymes Baby & Kids Songs,9963523148
Sprouts,9964935934
Dinosaurs,subscriber_count
nptelhrd,9966348720
The Other Side,9967761507
TUBE LIGHT,9969174293
ghandifilms,9970587079
NightHawkInLight,9971999866
World of Clash,9973412652
Prothom Alo,9974825438
swampsniper,9976238225
Redskull,9977651011
Slikhaar TV - Mens hair,9979063797
DokaRyan,9980476584
Keith Warren Hunting,9981889370
Heritage Elevators,9983302156
ChetChat,9984714943
FG,9986127729
Tottenham Hotspur,9987540515
Abby Pollock,subscriber_count
Buddhist Society of Western Australia,9988953302
The Inside Line,9990366088
LispyJimmy,9991778874
David Vujanic,9993191661
TheHUB,9994604447
Lucy Edwards,9996017233
Desi Nuskhe,9997430020
Guitar Pilgrim,9998842806
Animal Adventure Park,10000255592
Ur IndianConsumer,10001668379
Still Watching Netflix,10003081165
Glam&Gore,10004493951
arzan1980,10005906738
Hetal's Art,10007319524
MILA VICTORIA,10008732310
Dubai RC Adventures,10010145096
Tesla,subscriber_count
OfficialNerdCubed,10011557883
Trevor Noah,10012970669
Jamflix Entertainment,10014383455
armxndo,10015796242
3Blue1Brown,10017209028
GOIS,10018621814
Defunctland,10020034601
Chill City,10021447387
In The Loop,10022860173
armoredvehicles,10024272960
Rajeev Raja,10025685746
Lanka YouTuber,10027098532
Subas Entertainment Pvt. Ltd.,10028511319
Tyrannicon,10029924105
Mr Creative,10031336891
AlessoOfficialVEVO,10032749678
Emmanuel N Phillip Hudson,subscriber_count
Warface: Clutch,10034162464
Crayola,10035575250
Rachel Aust,10036988037
Cleo and Cuquin in English - Nursery Rhymes,10038400823
Quasar ►,10039813609
Animation Time,10041226396
FLAGRANT,10042639182
Eddy Burback,10044051968
Pakau TV channel,10045464755
ABC Hindi - Acche Bache Channel,10046877541
Sky Sports Football,10048290327
Numberphile,10049703114
BABES by Muscle Madness,10051115900
Jack Maynard,10052528686
CNBC Television,10053941473
Jomy Production,10055354259
CaspianReport,subscriber_count
TheMatthiasRiots,10056767045
TigerTomato,10058179831
Times Infinity,10059592618
Cash Nasty Live,10061005404
MELOO,10062418190
AnwarTube,10063830977
RepresentUs,10065243763
Mahir Origami,10066656549
I Hate Everything,10068069336
Secret Base,10069482122
iPodmail,10070894908
BondiRescue,10072307695
mark dohner,10073720481
ithemepark,10075133267
Demariki,10076546054
BudgetHobby,10077958840
The Andrew Schulz,subscriber_count
Omar Esa,10079371626
ImFromDriftwood,10080784413
Edgar Muenala,10082197199
SteveGreeneComedy,10083609985
Alex Chacon,10085022772
Adult Swim,10086435558
Cartoon Hangover,10087848344
Mani Meraj Vines,10089261131
Barstool Outdoors,10090673917
Yo Soy GamerBroz,10092086703
Actually Surprising,10093499490
Gyan Manthan,10094912276
Hasley India,10096325062
Ranboo,10097737849
The Neighbourhood,10099150635
2 Danny 2 Furious,10100563421
Mr. Kate,subscriber_count
The Hoof GP,10101976208
G21 Digital,10103388994
Pushkar Raj Thakur: Stock Market Educator 📈,10104801780
Fyroah,10106214566
Princess Bánh Bao,10107627353
Zeru Desu (ゼル),10109040139
Fox Family - Official Channel,10110452925
Beautycanbraid,10111865712
Stand-up Maths,10113278498
globalvideopro1,10114691284
Falcon Aviation Channel,10116104071
Rinske Douna,10117516857
PlayStationGrenade,10118929643
Multi Electric,10120342430
SIZZULIKI,10121755216
Learn English | Let's Talk - Free English Lessons,10123168002
DigDat,subscriber_count
Tom's Roundabout Crew,10124580789
BHARTI TV,10125993575
Dr Jayapaul,10127406361
Alex Leonidas,10128819148
Vaid kumar ke gharelu nuskhe,10130231934
MobileReviewsEh,10131644720
Sips,10133057507
SoCal Theme Parks 360,10134470293
Shrimad Home Remedies,10135883079
Hiren Amin Vlogs,10137295866
SACCONEJOLYs,10138708652
Steve Owens,10140121438
BTM Farming,10141534225
Jammidodger,10142947011
BamBam,10144359797
Business Insider,10145772584
SCHOOL OF FLOW,subscriber_count
BBC Studios,10147185370
Sri Balaji Music,10148598156
Elevation Worship,10150010943
Tech 4 Malayalam,10151423729
CloudCity,10152836515
Hi-5 World,10154249301
Ricardo Gardener,10155662088
Ross Bugden,10157074874
B20baOfficiel,10158487660
Mikhandmaker,10159900447
Alex Spider [スパイダー],10161313233
CROWNED,10162726019
MR PET FAMILY,10164138806
PUBG MOBILE,10165551592
99d,10166964378
Chuns Chuns,10168377165
Shinzu Music,subscriber_count
KinoCheck.com,10169789951
The Jagriti Khurana Shorts,10171202737
Brian Tracy,10172615524
Bass Boost Everything,10174028310
Pagey,10175441096
Apni Dhun,10176853883
FUNG BROS.,10178266669
Manju Poudel,10179679455
Troom Troom Kr,10181092242
MNOGO TEHNIKI,10182505028
Houston Crosta,10183917814
jimmydiresta,10185330601
Jack Vale,10186743387
Devgn Films,10188156173
Mobile Strike,10189568960
4K Relaxation Channel,10190981746
Cinematic Me,subscriber_count
GoTraveler,10192394532
Black Sheep,10193807319
HyperJack,10195220105
Hilton,10196632891
Flea,10198045678
Movie Records,10199458464
Troydan,10200871250
julien 2,10202284036
CoinCu,10203696823
SHORT TIME SECRET,10205109609
Jackie Aina,10206522395
Patriot Campers,10207935182
SteveEarleVEVO,10209347968
Gajendra Verma,10210760754
chefkoudy,10212173541
Airrack,10213586327
Iron Pineapple,subscriber_count
AmazingFacts,10214999113
ChessBase India,10216411900
Sumit Anand,10217824686
Taylor Nicole Dean,10219237472
AgroMan Group,10220650259
Machines Work,10222063045
World Chase Tag,10223475831
Les' Copaque Production,10224888618
Nash Grier,10226301404
Mesum Abbas,10227714190
AATMA Music Haryanvi,10229126977
Sam O'Nella Academy,10230539763
K-TRAP,10231952549
Tom Baumruk,10233365336
D Block Europe TV,10234778122
Canadiens de Montréal,10236190908
KickFlix,subscriber_count
Super Hero Videos lozaus2,10237603695
Beyoncé,10239016481
FuzionDroid,10240429267
Trakin Shorts,10241842054
BBC Newsnight,10243254840
Kane Pixels,10244667626
UNESCO,10246080413
FaZe Replays,10247493199
4K Gaming,10248905985
Matt D'Avella,10250318771
Branzy,10251731558
Hajime,10253144344
ieraHDTV,10254557130
7gospeltracks,10255969917
high5toons,10257382703
Jesse Drent,10258795489
Hanby Clips,subscriber_count
Animation Domination High Def,10260208276
Woofless,10261621062
Evan Shanks,10263033848
ThatDudeinBlue,10264446635
Behemeth,10265859421
Dr.Wily,10267272207
No 1 Gramin TV,10268684994
Self Repair GURUji,10270097780
Copy Cat Channel,10271510566
shane,10272923353
zegast,10274336139
The Military Show,10275748925
Rosie McClelland,10277161712
Anaysa,10278574498
Learn English Conversation,10279987284
WinxClubPowers,10281400071
Tasty Plus,subscriber_count
Nav Haryanvi,10282812857
ChannelFrederator,10284225643
Alexa Real,10285638430
News Hour India,10287051216
Evelyn Gonzalez,10288464002
Davidsbeenhere,10289876789
Vinish FF,10291289575
YourownMusic,10292702361
Taj Tracks,10294115148
AGS Entertainment,10295527934
trnds,10296940720
Kayla Itsines,10298353506
Pinky and Panda Toys TV,10299766293
Jack Doherty,10301179079
Coffee Break,10302591865
MOVIE DHAMAKA,10304004652
Khmer Fairy Tales,subscriber_count
ItsATrap (Forever),10305417438
Parkour Twins,10306830224
aboywithwok,10308243011
Dutch NFS Gaming,10309655797
Kristino Olsen,10311068583
KaiiZoFilms,10312481370
HerbalToons,10313894156
AwesomeFaceProd,10315306942
Naty TubeFun,10316719729
statesidesupercars,10318132515
Ser Winter,10319545301
Mimine Miniature 미미네 미니어처,10320958088
Teen-Z House,10322370874
Vidol TV,10323783660
beIN SPORTS USA,10325196447
CliveNBAParody,10326609233
Human Rights Campaign,subscriber_count
RaulD33,10328022019
Onbit Kids - Nursery Rhymes and Kids Songs,10329434806
Eamon & Bec,10330847592
ZHONG.TV,10332260378
Google Cloud Tech,10333673165
WigglePop,10335085951
BENZ,10336498737
adrianisen,10337911524
Ooredoo Qatar,10339324310
CBC Sports,10340737096
By Post,10342149883
Skech Art,10343562669
TooBizz,10344975455
No Life Shaq,10346388241
Traditional Food Home,10347801028
Tyler Csatari,10349213814
Made by Google,subscriber_count
SabiSabiReserve,10350626600
Young Stunners,10352039387
The Onion,10353452173
Imagine Dragons - Topic,10354864959
John Roa,10356277746
जोश Talks,10357690532
Stop Motion Animation,10359103318
Monkey Music,10360516105
James Marriott,10361928891
Inspired by Iceland,10363341677
Wild Africa Adventure Films,10364754464
Artisticookie,10366167250
OmarGoshTV,10367580036
JackSucksAtLife,10368992823
MACMACS,10370405609
ErmmTV2,10371818395
ThrasherMagazine,subscriber_count
Islamic Hub Official,10373231182
The Producer School,10374643968
Coults,10376056754
UnseeableNinja,10377469541
Dingo Doodles,10378882327
Serenity17,10380295113
Animal Theatre,10381707900
VanessaCarltonVEVO,10383120686
LethalNeedle,10384533472
krystalized,10385946259
Echo Entertainment,10387359045
James Bruton,10388771831
GOODWILL ENTERTAINMENTS,10390184618
KRAV MAGA TRAINING,10391597404
MrCrainer,10393010190
Senpai Kush,10394422976
Football Boots,subscriber_count
Independent Television,10395835763
youtwoTV,10397248549
Wow Toons English,10398661335
Dane and Stacey,10400074122
Ruby Granger,10401486908
German Football,10402899694
Cassandra Bankson,10404312481
JLovesMac1,10405725267
Norme,10407138053
Preschool Popstars - Kids Songs,10408550840
Ride On Cars Unlimited,10409963626
B4U Movies,10411376412
Matador Network,10412789199
Goibibo,10414201985
ILoveBasketballTV,10415614771
Impulse,10417027558
Vo-Gus Prospecting,subscriber_count
Sukhdev Taneja,10418440344
LowLevelNoob,10419853130
Swadesh Entertainment,10421265917
Simply Fun Stuff,10422678703
FIA World Rally Championship,10424091489
JAY1,10425504276
Canadian Space Agency,10426917062
HopeScope,10428329848
Bethany G,10429742635
LivingLifeFast,10431155421
Defense Updates,10432568207
Miko Worldwide,10433980994
Rahasya Talk Show,10435393780
RSMSA,10436806566
Kalaippuli S Thanu,10438219353
funniflix,10439632139
mgmvod,subscriber_count
Zebra Corner (ZebraCorner),10441044925
Slogo,10442457711
JFW - Just for Women,10443870498
BrianZuk,10445283284
GiNa FamilyShow,10446696070
Drumelia Real Estate,10448108857
Mr Neel Raithatha aka The Wax Whisperer,10449521643
Don Pruthvi,10450934429
REEL ROCK,10452347216
Huma in the kitchen,10453760002
Hila Klein,10455172788
Live Action,10456585575
Filmbilder & Friends,10457998361
cwx37,10459411147
Tina Yong,10460823934
CONTINUE FOCUS,10462236720
Red Pix 24x7,subscriber_count
Lauren Babic,10463649506
Professor Live,10465062293
Be Yourself Music,10466475079
FastFoodToyReviews,10467887865
POP SMOKE,10469300652
Speedracer38,10470713438
The Critical Drinker,10472126224
Tool_Tips,10473539011
Alkaline Music,10474951797
Tiger Funnies,10476364583
KINGDOM HEARTS,10477777370
Ubqari,10479190156
theMeatly,10480602942
INSERT COIN,10482015729
VIP Records,10483428515
Brodie That Dood,10484841301
Gercollector,subscriber_count
Tom Pemberton Farm Life,10486254088
HotDiecast Garage,10487666874
Rudys Adventure and Design,10489079660
Kingfisher Packaged Drinking Water,10490492446
Missjasleenarora,10491905233
Dr Karan,10493318019
SuperSaf,10494730805
AROVCars,10496143592
DE JuN,10497556378
Josh Sidhu,10498969164
Mike Korzemba,10500381951
Vivid Films India,10501794737
ALL IN 1,10503207523
Behzinga,10504620310
OTLX,10506033096
Jonathan Pie,10507445882
Professor Messer,subscriber_count
Next9Political Byte,10508858669
The X Factor India,10510271455
JK Bros,10511684241
DanyStyle,10513097028
API Malayalam Movies,10514509814
AR News India,10515922600
WanaleeHunter,10517335387
My Simple Remedies,10518748173
OfficialGrido,10520160959
Mar ♥,10521573746
Earth Hour,10522986532
WINNI,10524399318
WishCasting,10525812105
Disney Parks,10527224891
SoKrispyMedia,10528637677
iamsega,10530050464
Animal Wire,subscriber_count
camelsandfriends,10531463250
This Esme,10532876036
TVOkids Paw Patrol,10534288823
Star Arts,10535701609
shravani's kitchen,10537114395
COSTA YT,10538527181
Top 5 Unknowns,10539939968
OFF PLANET FILMS,10541352754
Los Angeles Times,10542765540
MikePosnerVEVO,10544178327
Tyrone Magnus,10545591113
3DoorsDownVEVO,10547003899
Viva Reverie,10548416686
Star Sports,10549829472
Tangerine Travels,10551242258
Freewayjim,10552655045
Super Why - WildBrain,subscriber_count
Sea Shepherd,10554067831
Brianna Mizura,10555480617
ONE OK ROCK,10556893404
speechme9349,10558306190
LittleGlove,10559718976
HardstyleUp2Datez [HU2Dz],10561131763
ZIP TIES N BIAS PLIES,10562544549
Michael Patrick Kelly,10563957335
FiveZero Safaris,10565370122
FaZe Adapt,10566782908
Rithvin20,10568195694
Spain Revealed,10569608481
Magicbus,10571021267
Food Network UK,10572434053
South Ka Double Tadka,10573846840
Lucky Maker,10575259626
Sai Recordds Digital,subscriber_count
Chimkandi,10576672412
Palli Gram TV,10578085199
The World Movies,10579497985
Chahat Anand,10580910771
Onrust!,10582323558
Karan Randhawa,10583736344
Around The World 4K,10585149130
Tri-Joken,10586561916
Nas,10587974703
bellamoonnature,10589387489
Crayons Nursery Rhymes - Cartoons Videos for Kids,10590800275
UNDACAVA,10592213062
SiccasGuitars,10593625848
Keren Swan,10595038634
Dylan & Vincent,10596451421
Hindi Tutorials,10597864207
KSIClips,subscriber_count
Mafia Jovem,10599276993
SamSpedy,10600689780
Kalaignar TV News,10602102566
Chill Beats Music,10603515352
Paging Mr. Morrow,10604928139
KEYA'S,10606340925
Yum Yum India,10607753711
Dmh Music&Media,10609166498
One World One Ride,10610579284
Automann-TV,10611992070
ENXGMA,10613404857
AnneSoshi,10614817643
Chanakyaa,10616230429
borninparis,10617643216
ScottDW,10619056002
La La Life,10620468788
Chubbyemu,subscriber_count
Woodworking TV,10621881575
Ambition Strikes,10623294361
Secular Talk,10624707147
Dan Allen Gaming,10626119934
VitalyzdTv,10627532720
linguamarina,10628945506
Yuri Ostr,10630358293
ToyTubeTV,10631771079
American Veterans Center,10633183865
Savage Rechords,10634596651
DRJ Records Zest,10636009438
Mumbiker Nikhil,10637422224
Aman Dhattarwal,10638835010
Bhakti Video,10640247797
Uncharted Travel,10641660583
swiftor,10643073369
Nek'e Drama,subscriber_count
The Wrench,10644486156
FRONTLINE PBS | Official,10645898942
Isha Foundation,10647311728
Backhoe TV,10648724515
Jessi,10650137301
Obama Foundation,10651550087
Epic Gardening,10652962874
小乌副频道,10654375660
Corpse2,10655788446
Clouds,10657201233
Sidewalk Cops,10658614019
BEST VINES,10660026805
Valiant,10661439592
Evan Carmichael,10662852378
FredsVoice ASMR,10664265164
TechCrunch,10665677951
Jorgenfrombelgium,subscriber_count
Tessa Brooks,10667090737
mihaifrancu,10668503523
Kamp Kenan,10669916310
Dashboard,10671329096
NepentheZ,10672741882
Sarty Chaud,10674154669
MineCZ,10675567455
Sunrise,10676980241
customspraymods,10678393028
Techquickie,10679805814
Wengie's Make Life Beautiful,10681218600
Cylindr CZ,10682631386
Gang Of Heroes,10684044173
Alec Benjamin,10685456959
The Pet Collective,10686869745
pwnisher,10688282532
Paul Cuffaro,subscriber_count
Alex Outhwaite,10689695318
Tamil Health and Beauty,10691108104
Kylie Cosmetics,10692520891
VIVA,10693933677
KevinGohD,10695346463
SSDN Dubbed Movies,10696759250
Animated PixArt,10698172036
BeautyExperts,10699584822
Building Skill,10700997609
Kambi Rajpuria,10702410395
Lana LeStrange,10703823181
petraaarkaaaa1,10705235968
Melbourne Beats,10706648754
JohnVarty,10708061540
The Sea Lad,10709474327
Apple India,10710887113
위드키즈 토이즈 [With Kids Toys],subscriber_count
Canal Cahcildis,10712299899
luke wale,10713712686
LifesAGlitchTV,10715125472
Namski,10716538258
Francy Artist,10717951045
Gumbino,10719363831
Triple M,10720776617
ExtremeCostumes,10722189404
Our Stories,10723602190
Microsoft 365,10725014976
Talking Animals,10726427763
Vogue Australia,10727840549
Matthew Espinosa,10729253335
Curious Droid,10730666121
Dolly and Friends - Indian,10732078908
Treyten,10733491694
Stresmen,subscriber_count
Rational Animations,10734904480
ABP Ganga,10736317267
Man And Beast,10737730053
SuperBeats,10739142839
IFHT Films,10740555626
NinjaCharlieT,10741968412
Modest Pelican,10743381198
Talk Heathen,10744793985
James Morrison,10746206771
E;R,10747619557
Ahoy,10749032344
This Place,10750445130
Vichitra 4u,10751857916
Rahul Dua,10753270703
Snooker Planet,10754683489
Much Adventure,10756096275
The Armchair Historian,subscriber_count
XtremeGamez,10757509062
CATHUB,10758921848
pradeep potli wala,10760334634
Alex Centomo,10761747421
SkyDiverge,10763160207
FK7,10764572993
Bella Little Lullabies,10765985780
Nick DiGiovanni,10767398566
Khushi Entertainment Nepal,10768811352
Sabine Hossenfelder,10770224139
GREAT Love,10771636925
SUMMERNATS,10773049711
Filipino Vines Originals,10774462498
Headlines India,10775875284
DY365,10777288070
RandomBlackGamer,10778700856
MTV,subscriber_count
Earth Uncut TV,10780113643
Its Roman khan,10781526429
RemarkR,10782939215
Krissy Cela,10784352002
NLE CHOPPA,10785764788
Incredibles !,10787177574
ABS-CBN Sports,10788590361
My Little Pony - Official Channel,10790003147
A.L.A,10791415933
Oscar Boyson,10792828720
Triforcefilms,10794241506
Queuvisom,10795654292
Adult Swim Europe,10797067079
World of Vegan,10798479865
AreYouKiddingTV,10799892651
Full Entertainment 4 U,10801305438
Tim Tense,subscriber_count
Reaction Time,10802718224
SixPackAbs.com,10804131010
MissJane777,10805543797
Foodie Incarnate,10806956583
Ben Phillips,10808369369
OPM Love Songs,10809782156
Moonbug Kids - Lullabies For Babies,10811194942
High Tech Corvette,10812607728
Chanux Academy,10814020515
ANI News,10815433301
iCrazyTeddy,10816846087
Venom Trickshots,10818258874
GANGSTER CITY,10819671660
Avocado Couple Live,10821084446
Proko,10822497233
SPEED RECORDS BHOJPURI,10823910019
Sunny Lenarduzzi,subscriber_count
Switzerland,10825322805
POPPY,10826735591
The Halluci Nation,10828148378
EARTH PLANET,10829561164
Ras Kitchen,10830973950
ProHighlights,10832386737
LBC,10833799523
Bollywood Spy,10835212309
Luke TheNotable,10836625096
The Hill,10838037882
videogames,10839450668
Vibes Forever,10840863455
mtaOnline1,10842276241
The Bentist,10843689027
Thomas Game Docs,10845101814
kar98 Army,10846514600
GANGSTER GANG,subscriber_count
Sipover,10847927386
House & Home,10849340173
Julien Miquel,10850752959
Andy Front,10852165745
My Disney Toys Tv,10853578532
Lion Family English,10854991318
VOOVI,10856404104
FanCode,10857816891
Shudh Desi Endings,10859229677
Harrison Nevel,10860642463
Hooked On Brooke,10862055250
LoverFella,10863468036
MLG Highlights,10864880822
Fun Army,10866293609
ELpeluca XD,10867706395
Universal Orlando Resort,10869119181
Experience Egypt,subscriber_count
Loud Speaker,10870531968
Shoi Boys,10871944754
Junior Squad - Nursery Rhymes & Kids Songs,10873357540
Ollie Ritchie (ritchieollie),10874770326
Harry Hesketh,10876183113
Salmon ThePutimaas,10877595899
Jagriti Khurana Life,10879008685
smoothiethecat,10880421472
OMH News,10881834258
shgurr_,10883247044
Colin and Samir,10884659831
BrentTV,10886072617
Godzu,10887485403
Kyliann22Second,10888898190
PREET BANDRE,10890310976
BiBiPam Tv,10891723762
Frringo HD,subscriber_count
Shelby Church,10893136549
Degrassi - The Official Channel,10894549335
Sabrina Koun,10895962121
Molly Burke,10897374908
nKuch,10898787694
Chasing Cars,10900200480
DomesticMango,10901613267
Story Batao. com,10903026053
Niko Omilana,10904438839
CASAR,10905851626
JeromeASF,10907264412
MosierWorks,10908677198
Deadly True Crime,10910089985
Zee 24 Taas,10911502771
Alpha & Omega Ministries,10912915557
Howdytoons,10914328344
cricket.com.au,subscriber_count
WillNE,10915741130
Turnin Rust,10917153916
MBC global,10918566703
American Tech,10919979489
sjanaelise,10921392275
Toy Trains 4u,10922805061
ShortCircuit,10924217848
rSlash,10925630634
Piper Rockelle,10927043420
Netflix K-Content,10928456207
ElectroBOOM,10929868993
PSquareVEVO,10931281779
TheRUB,10932694566
The Villa Family,10934107352
CarWarz,10935520138
Round2hell Vlog,10936932925
Meet Kevin,subscriber_count
Brad Mondo,10938345711
DIY Useful Ideas,10939758497
Sonotek Digital,10941171284
TechZone,10942584070
Action Movies Digiplex,10943996856
Kuti Bari,10945409643
Woodsman,10946822429
Prettyboyfredo,10948235215
DaveHax,10949648002
Capital Bra,10951060788
Subaru,10952473574
Trucker Josh VLOGS,10953886361
Happy Dog And Friends,10955299147
DBeatsMusicWorld,10956711933
MGH,10958124720
Harsh gujral,10959537506
AstroKobi,subscriber_count
Stab: We like to surf,10960950292
SNAK THE RIPPER,10962363079
Rod Stewart,10963775865
DU Group,10965188651
Shree International,10966601438
WORLD ORDER,10968014224
Professional Darts Corporation,10969427010
Cj Dachamp,10970839796
Vanwives,10972252583
Jubilee,10973665369
Mike Supercars TopSpeed (Supercars Miami),10975078155
KLT,10976490942
The Perkins,10977903728
Freddy My Love,10979316514
7mlc,10980729301
Come And Play,10982142087
The Center for Investigative Reporting,subscriber_count
꼬부기아빠 My Pet Diary,10983554873
SimpleCookingChannel,10984967660
Aisha Christa,10986380446
Ayo & Teo,10987793232
Super Senya,10989206019
King Von,10990618805
Muffin Songs,10992031591
Melanie Tonia Evans,10993444378
Seatin Man of Legends,10994857164
Too Much Facts,10996269950
SPORTSNET,10997682737
ezuworld,10999095523
"Moonbug Kids - Cars, Trucks and Vehicles",11000508309
Blackman Da Traveller,11001921096
BrysonTillerVEVO,11003333882
Kazooie94,11004746668
BUDI01 GAMING,subscriber_count
Sinan Hoxha,11006159455
IMPERIA,11007572241
Being Suku,11008985027
Tyga,11010397814
Back 2 Basics Adventures,11011810600
yourchonny,11013223386
Chef Majk,11014636173
RachtaZ,11016048959
INSTARDING MOTIVATION,11017461745
Pocoyo English - Official Channel,11018874531
Bharatiya Janata Party,11020287318
Fkj,11021700104
Clay Adventure 클레이 모험,11023112890
MiAndMore,11024525677
Times Radio,11025938463
Royal Australian Air Force,11027351249
DeshGujaratHD,subscriber_count
Sanam,11028764036
Cadillac,11030176822
Treehouse Direct,11031589608
WD Wellness,11033002395
Darcy Ahrns,11034415181
Smooth McGroove,11035827967
Matt,11037240754
Eagle Premier Station,11038653540
Wowowin,11040066326
SEAN LONG,11041479113
Rumoaohepta7,11042891899
VocaVoca - Kids Songs & Nursery Rhymes,11044304685
Stylebase Studios,11045717472
Shaluzlovebook Kitchen.,11047130258
E BULL JET,11048543044
The World's Strongest Man,11049955831
kipkay,subscriber_count
RobinGaming,11051368617
French The Kid,11052781403
Scott Cawthon,11054194190
Foo the Flowerhorn,11055606976
ＴＲＡＳＨ 新 ドラゴン,11057019762
Joseph Anderson,11058432549
Apple Support,11059845335
Tasha Cobbs Leonard,11061258121
YBS Youngbloods,11062670908
Jump Cuts,11064083694
Household Hacker,11065496480
J1MZO7,11066909266
Khan Bhaini,11068322053
Teaching Tech,11069734839
Chennai Super Kings,11071147625
study for civil services,11072560412
Pipe Guy,subscriber_count
Blockbuster Movies,11073973198
SomeGoodNews,11075385984
Discovery Australia,11076798771
Jens95,11078211557
Highlight Heaven,11079624343
Jordan Lipscombe,11081037130
WEAREX,11082449916
Stubborn Facts,11083862702
Dave Movies,11085275489
Groove Bassment,11086688275
Garbage Time,11088101061
Bonnie Corban SFX,11089513848
Iraqveteran8888,11090926634
TrendMusic,11092339420
My Pale Skin,11093752207
TST APP,11095164993
YesLaughYes,subscriber_count
Guddu Bhaiya,11096577779
Not Just Bikes,11097990566
Máy đánh bài bịp mới nhất,11099403352
BuzzFeedViolet,11100816138
DOCUMENTARY TUBE,11102228925
Master_Sergeich,11103641711
Art of Creation,11105054497
Learn English with Rebecca · engVid,11106467284
Zara Larsson,11107880070
Scady,11109292856
Mark Tuan,11110705643
Life Noggin,11112118429
Mayank Singh Rajawat,11113531215
Tavarish,11114944001
Hey Nadine,11116356788
Nailea Devora,11117769574
John-Marc van Wyk,subscriber_count
Pooja Entertainment,11119182360
GTA5Videos,11120595147
Johnny Harris,11122007933
Ky Baldwin,11123420719
Woody Wonder,11124833506
Bratu Art,11126246292
Car News Central,11127659078
High Dreams,11129071865
MIXTAPE MASTER,11130484651
Lokmat Filmy,11131897437
Jayllnn,11133310224
Smile family's,11134723010
Raham TV,11136135796
Obsessed Garage,11137548583
Kat,11138961369
Terry He 何天宇,11140374155
whitewing681,subscriber_count
Azealia Banks,11141786942
B K Samant,11143199728
Ultra Class Family,11144612514
Jeremy Lynch,11146025301
Melt,11147438087
Danny MacAskill,11148850873
Christian Dior,11150263660
Trollerina OT7,11151676446
Mahindra Scorpio,11153089232
Super Supremes - Nursery Rhymes & Kids Songs,11154502019
Karunesh Talwar,11155914805
Disney Channel Animation,11157327591
HeyKids - Nursery Rhymes,11158740378
Sorenova,11160153164
Fighter. PL,11161565950
Coach Jeremy,11162978736
Paul Dinning,subscriber_count
Guitarist6494,11164391523
SLIZHENKOV l HD,11165804309
Rojgar with Ankit,11167217095
Marathi Fairy Tales,11168629882
GRANDMASTER SHIFUJI'S MISSION PRAHAR,11170042668
Samayra Narula Official,11171455454
Asianet Suvarna News,11172868241
Asad Ali TV,11174281027
thang010146,11175693813
JorRaptor,11177106600
Bwowos,11178519386
BeardMeatsFood,11179932172
Tomi Arayomi,11181344959
Smosh Alike,11182757745
Foreign On Campus,11184170531
Matt's Off Road Recovery,11185583318
Koinonia House,subscriber_count
Motorsports on NBC,11186996104
Martinez Twins,11188408890
Andromulus,11189821677
Mully,11191234463
Tim Shieff,11192647249
Intro Nepal,11194060036
Wonkabar007,11195472822
ABC Malayalam News,11196885608
Toyota USA,11198298395
baracksdubs,11199711181
Logitech,11201123967
HoppingHammy,11202536754
Bulma Bunny,11203949540
Jay’s O'Hare Aviation,11205362326
AwesomeDocumentary,11206775113
Maker's Muse,11208187899
USA Network,subscriber_count
Captain Tate,11209600685
MY DASTARKHWAN,11211013471
이용원,11212426258
LG Mobile Global,11213839044
Rels B / Skinny Flakk,11215251830
WorkSafeBC,11216664617
Fact Reality,11218077403
Chuck's Astrophotography,11219490189
The Land Before Time,11220902976
jackfrags,11222315762
DAMANTE,11223728548
Top15s,11225141335
ClayClaim,11226554121
FoodieBoy 푸디보이,11227966907
SloggerVlogger,11229379694
Gamer's Little Playground,11230792480
AlfieAesthetics,subscriber_count
VolgaMusicBox,11232205266
intheblues,11233618053
Drew Peacock,11235030839
Manny Mua,11236443625
WarpOut,11237856412
MorningTide Fishing,11239269198
InTrik,11240681984
Spy Kitten TV,11242094771
Flashgitz,11243507557
Blitz Rider Todo sobre Motos,11244920343
Visit Leavenworth,11246333130
DJ BoBo,11247745916
The Rational National,11249158702
FUNKER530 - Veteran Community & Combat Footage,11250571489
TheSmithPlays,11251984275
Creative Thinks,11253397061
Ampeterby7,subscriber_count
GoldenGully,11254809848
Toibara,11256222634
ItzLVz,11257635420
Kunal Tomar,11259048206
DONA 도나,11260460993
Aaryaa Digital,11261873779
Angry Prash,11263286565
Primetime Action Movies,11264699352
SuperCarTube,11266112138
OnePlus,11267524924
Google for Developers,11268937711
SumanTV Health,11270350497
History Buffs,11271763283
Beest Productions,11273176070
Toys And Funny Kids Play Doh Cartoons,11274588856
Supercheap Auto,11276001642
Sixty Symbols,subscriber_count
World Health Organization (WHO),11277414429
Cheese Craft,11278827215
InsideLineVideo,11280240001
PeterSripol,11281652788
Optimum Nutrition,11283065574
Dino James,11284478360
Apex Legends,11285891147
Robin Hood Gamer,11287303933
Be Inspired | STUDIO,11288716719
Also Fitz,11290129506
Sarpmitra Akash Jadhav,11291542292
JioHotstar Tamil,11292955078
SUPERCAR-HUB,11294367865
hella-flush,11295780651
Wimbledon,11297193437
Bunty Ki Kahani,11298606224
Joey Salads,subscriber_count
Brandon Butch,11300019010
Adelaines Camera Roll,11301431796
Pradeep Ranganathan,11302844583
POWER OF STOCKS,11304257369
Totej,11305670155
HuluWuluAnimations,11307082941
DudePerfectTV,11308495728
Now I've Seen Everything,11309908514
Calm Your Cat - Relaxing Music and Tv For Cats,11311321300
WhatCulture Gaming,11312734087
Christian DelGrosso,11314146873
Daily URDU Update,11315559659
MIKAVEVO,11316972446
Sparked Game,11318385232
Made in Poland,11319798018
Pablo Cimadevila,11321210805
Fitwork Nation,subscriber_count
Mr. Bill,11322623591
Jonathan Morrison,11324036377
YouAlwaysWin,11325449164
Vsauce3,11326861950
Rajshri Marathi,11328274736
everything you need,11329687523
Michelle Phan,11331100309
Typhoon Cinema,11332513095
The Shivam,11333925882
777 Records,11335338668
YTME Originals,11336751454
JustJoeKing,11338164241
Fit Media Channel,11339577027
Wabi Sab - E,11340989813
invisible super,11342402600
RussVEVO,11343815386
Chattambees,subscriber_count
Going Quantum,11345228172
Think Media,11346640959
TerminalMontage,11348053745
Pure Beauty Tips,11349466531
Daniel Kolenda,11350879318
TIP TOP WORLDWIDE LIMITED,11352292104
Seeker Stories,11353704890
Sanjeev Kumar Gupta,11355117676
dangelowallace,11356530463
张镇辉台球教学,11357943249
SuperFunReviews,11359356035
Rishi K,11360768822
Lovelyti TV,11362181608
CoreySSG,11363594394
Achievement Hunter,11365007181
CadburyDairyMilkIn,11366419967
BrothersOfDestruction22,subscriber_count
Krispy Media,11367832753
TrixyBlox,11369245540
stance,11370658326
NCT DREAM,11372071112
Eastory,11373483899
Brawadis,11374896685
Valkyrae,11376309471
Hand Built Cars,11377722258
SmallishBeans,11379135044
LOREDANA,11380547830
BD10HD,11381960617
Motorcycle.com,11383373403
Dan7,11384786189
Messi TheBoss,11386198976
Deigo,11387611762
michael jamison,11389024548
iGAMING TV,subscriber_count
Gravity Industries,11390437335
Life Stories By Goalcast,11391850121
Lavendaire,11393262907
aquadesignamano,11394675694
Kaptain Kuba,11396088480
Ervans Trains,11397501266
Sergey322,11398914053
shurap,11400326839
BoostedBoiKyle,11401739625
HawkGuruHacker,11403152411
Universal Facts,11404565198
SoCraftastic,11405977984
Pestily,11407390770
Kung Fu & Tai Chi Center w/ Jake Mace,11408803557
CarExpert,11410216343
Kritter Klub,11411629129
Big Review TV,subscriber_count
Playmaker,11413041916
Sport Legends,11414454702
EVO,11415867488
Cute Kiki,11417280275
FF ANTARYAMI,11418693061
Quadrant,11420105847
AlexandrasGirlyTalk,11421518634
Hagerty,11422931420
SsethTzeentach,11424344206
LeendaDProductions,11425756993
The Fashion Jogger,11427169779
Max Wrist,11428582565
Craftee,11429995352
Harpreet SDC,11431408138
Max The Body Philisaire,11432820924
justdenise,11434233711
Mechanical Technologies,subscriber_count
James DIY,11435646497
BILLSTMAXX,11437059283
Ecosia,11438472070
DutchMash,11439884856
Amanda Steele,11441297642
Nicovald,11442710429
VoiceyHere,11444123215
Fairbairn Films,11445536001
I'm just Stardust,11446948788
Rahasya,11448361574
megatrend007,11449774360
MONKEY LYLY,11451187146
Chiko TV,11452599933
eaJ,11454012719
Lauren Curtis,11455425505
Mike Tyson,11456838292
Jacob Lee,subscriber_count
Chris Cross,11458251078
Willzyyy,11459663864
SCENIC VIDEOS,11461076651
Ruchi and Piyush,11462489437
Terry Crews,11463902223
mercyforanimals,11465315010
T South Movie,11466727796
Walk at Home,11468140582
eHowPets,11469553369
The S,11470966155
Violin MD,11472378941
Les Verts - الخضر,11473791728
ALBUM CREATIONS,11475204514
Searching Samayal,11476617300
The Key of Awesome,11478030087
Unknown Player,11479442873
Team2Moms,subscriber_count
GYM BODY MOTIVATION,11480855659
JanaSena Party,11482268446
Shutup & Play - Guitar Tutorials,11483681232
StormXF3,11485094018
Steve Ramsey - Woodworking for Mere Mortals,11486506805
U2,11487919591
Sam Iverson,11489332377
BabyZone,11490745164
Videogyan Kids Songs & 3D Nursery Rhymes,11492157950
skinnyfabs,11493570736
Brown Studios,11494983523
Above Average,11496396309
V News27,11497809095
NissanIndia,11499221881
DiLi SHOW,11500634668
Alex Kister,11502047454
The Wheel Network,subscriber_count
panda chan.,11503460240
Filmakademie Baden-Württemberg,11504873027
Pennzoil,11506285813
ARMYTRIX,11507698599
Sri Sathya Sai Official,11509111386
Georgia Merry-Jones,11510524172
Andrew Camarata,11511936958
Elliot Crawford,11513349745
YouTube Creators,11514762531
Automotive Mike,11516175317
Megan Thee Stallion,11517588104
60 Minutes Australia,11519000890
Ferrari,11520413676
PMO India,11521826463
GT20 Canada,11523239249
Danish Sait,11524652035
Stephen Tries,subscriber_count
Future Lab,11526064822
Marshmello,11527477608
Coke Studio India,11528890394
The Beeston Fam,11530303181
courtreezy,11531715967
Healthy Hamesha,11533128753
TheLeoLegendary10,11534541540
TKO NEWIBOYS OFFICIAL,11535954326
MYSTYLEDIARYY,11537367112
Dr Ryan,11538779899
Ryan Reynolds,11540192685
Memeio,11541605471
Desi Junction,11543018258
YoBoy PIZZA,11544431044
SneakerTalk,11545843830
Yoeslan,11547256616
1OAK-TV,subscriber_count
Bebe Rexha,11548669403
Pragati Verma,11550082189
The Next News Network,11551494975
Insight Us,11552907762
Ockeroid,11554320548
superwog1,11555733334
Lakers Nation,11557146121
Brainrot1994,11558558907
EvinEdits,11559971693
Ice Cream Sandwich,11561384480
Magnus The Therapy Dog,11562797266
LinusStudios,11564210052
The Powerpuff Girls,11565622839
Melissa Merk,11567035625
CBS Miami,11568448411
Prashxan,11569861198
Dol Raj Barghare,subscriber_count
Velujazz official,11571273984
5-Minute Recipes,11572686770
Hindi Movies,11574099557
DIY Garden Ideas,11575512343
CNR Music,11576925129
Black Eyed Peas,11578337916
Aileen and Deven,11579750702
ISAB,11581163488
broncos guru,11582576275
Fynnpire,11583989061
NintendoBase,11585401847
PlagueOfGripes,11586814634
Lon.TV,11588227420
anjuz lifestyle,11589640206
Alex Goot,11591052993
Smart Media,11592465779
Workout 4D,subscriber_count
AiirSource Military,11593878565
tosh,11595291351
Mark Ronson,11596704138
Klei Entertainment,11598116924
Technology Connections,11599529710
The Wichita,11600942497
ejunky66,11602355283
Dhruv Rathee Shorts,11603768069
Cartoons for Kids,11605180856
Improvement Pill,11606593642
Exetra Beatz,11608006428
Trend Spot,11609419215
Rylo Rodriguez,11610832001
Michele Morrone,11612244787
mr bundesteam,11613657574
Etalyx,11615070360
Scenarios USA,subscriber_count
JClayton 1994,11616483146
MrGamerJay,11617895933
MightyToys,11619308719
RedHatter,11620721505
georgemichael,11622134292
PD Evolution,11623547078
Borna Hossain,11624959864
Safari,11626372651
7 News Spotlight,11627785437
TOP BASTIAN,11629198223
East2WestOfficial,11630611010
Dan Lok,11632023796
The Hockey Guy,11633436582
Gappiya,11634849369
Sia,11636262155
Tré Melvin,11637674941
Abhi and Niyu,subscriber_count
Harsha Sai - For You Telugu,11639087728
India Today,11640500514
Fresh Avocado,11641913300
The Pixel Kingdom,11643326086
Foresty Forest,11644738873
mtzionnashville,11646151659
CharlieSloth,11647564445
Blunty,11648977232
Ahmad Srwi,11650390018
Strong And Beyond,11651802804
Morphle vs Orphle - Kids Cartoons,11653215591
The Daily Aviation,11654628377
Islamic life,11656041163
George Clarkey,11657453950
Hamaji Neo,11658866736
TorvestaRS,11660279522
planbVEVO,subscriber_count
Cas van de Pol,11661692309
Beauty recipes,11663105095
Meek Mill,11664517881
NASA Jet Propulsion Laboratory,11665930668
The Midnight Screening,11667343454
Melvin PZ9,11668756240
Gee Milner,11670169027
Jeff Wittek,11671581813
yovo68,11672994599
Mini Moments,11674407386
Patriot Games,11675820172
EricTheCarGuy,11677232958
Pilot Blog,11678645745
TheMisterEpic,11680058531
MadrasMedia Studio,11681471317
Estas Tonne,11682884104
HyundaiIndia,subscriber_count
Kaushal,11684296890
TripRazer,11685709676
Today I Found Out,11687122463
Monica Church,11688535249
AdelaineMorin,11689948035
Miss K8,11691360821
Young America's Foundation,11692773608
English with Lucy,11694186394
Wonder World,11695599180
News Nation,11697011967
maajja,11698424753
PTC NEWS,11699837539
CapgunTom,11701250326
JioHotstar,11702663112
Great Indian Asmr,11704075898
Electric Future,11705488685
Desiigner LOD,subscriber_count
Clicknetwork,11706901471
ToonsTV,11708314257
HungEker,11709727044
Wildlife SOS,11711139830
Machina,11712552616
Addison Rae,11713965403
ShibeNation,11715378189
ChildrenNurseryRhymes,11716790975
Incept,11718203762
The Amagi,11719616548
Nikol mistr,11721029334
BBQ Pit Boys,11722442121
Gabi Butler,11723854907
HD Movieplex,11725267693
Yestervid,11726680480
iToonz,11728093266
Musiqclub,subscriber_count
NHK WORLD-JAPAN,11729506052
CBC News: The National,11730918839
BrandonBealVEVO,11732331625
kAN Gaming,11733744411
TheHodgetwins,11735157198
DGAesthetics,11736569984
That YouTub3 Family - The Adventurers,11737982770
Charlotte Cardin,11739395556
ItsJustNick,11740808343
AmazinG SatisfyinG,11742221129
Mitch Manly,11743633915
NightmarePB,11745046702
The Wingrove Family,11746459488
BTVRhoenrad,11747872274
MissAlex,11749285061
The Supa Strikas - Kids Soccer Cartoon,11750697847
Catfish World by Yuri Grisendi,subscriber_count
Gabriel Conte,11752110633
ZoëTwoDots,11753523420
Sonia Barton,11754936206
Nakkalites,11756348992
Spiritman Productions,11757761779
Armoured Media,11759174565
Marina Inspira Games,11760587351
Malukah,11762000138
DankScole,11763412924
The Dark Den,11764825710
Adam’s English Lessons · engVid,11766238497
Aspyn Ovard,11767651283
Ammy Virk,11769064069
sonjdradeluxe,11770476856
Little Tritans - Kids Songs and Nursery Rhymes,11771889642
TheStraightPipes,11773302428
Normani,subscriber_count
Jamie Davis Towing Official,11774715215
FSXNOOB | Games - Aviation - History,11776128001
PSG - Paris Saint-Germain,11777540787
Physics,11778953574
evasimons,11780366360
Stromae,11781779146
Mel Joy,11783191933
In The Pan,11784604719
Benn TK,11786017505
GMA Network,11787430291
MagicBox English ELS,11788843078
Dani2,11790255864
Brainwave Power Music,11791668650
itsKEVO,11793081437
Learn Korean with KoreanClass101.com,11794494223
Jon Peters - Longview Woodworking,11795907009
Guru Randhawa,subscriber_count
DW Euromaxx,11797319796
Gold Vintage,11798732582
Doctorly,11800145368
pandapia HD,11801558155
IFC knowledge,11802970941
Creative Solution,11804383727
Deep Look,11805796514
Teehee Town,11807209300
kanashiipanda,11808622086
LIV Comedy,11810034873
FilmSpektakel,11811447659
What's Good Podcast,11812860445
Hit TV Indian Health,11814273232
TrailerSpot,11815686018
MotorTrend Channel,11817098804
SophieGTV,11818511591
RCCG Continental,subscriber_count
Premier League,11819924377
Australia Zoo,11821337163
CALLMEARJ,11822749950
Stardust Vibes - Relaxing Sounds,11824162736
VetClinicGambia,11825575522
Stefan Forster,11826988309
Yippi Gaming,11828401095
Caught on Camera,11829813881
Mr. Belt & Wezol,11831226668
crawfordcollins,11832639454
Gujju bhai,11834052240
Burak Yeter,11835465026
Ultimate Javed,11836877813
8-BitGaming,11838290599
Mr.Village Vaathi,11839703385
Smile Family,11841116172
Migos ATL,subscriber_count
Arabian Fairy Tales,11842528958
쏘영 Ssoyoung,11843941744
ZaynVEVO,11845354531
edafoxx ASMR,11846767317
NewsFirst Agri,11848180103
WildBrain Bananas,11849592890
The Late Brake Show,11851005676
Chitrakutdham Talgajarda,11852418462
Crime Time,11853831249
Guych Ovezov,11855244035
Zhong,11856656821
SETH SENTRY,11858069608
Science BD,11859482394
Beautiful Places To See,11860895180
vvbasvv,11862307967
Nao FunFun,11863720753
Dr. Eric Berg DC,subscriber_count
Ryan Swaze,11865133539
JohnniRiddlin2.0,11866546326
Unchained_Off,11867959112
ARIRANG K-POP,11869371898
Ramy RC,11870784685
hors frontieres,11872197471
WagWanEntertainment,11873610257
Body Hub,11875023044
अंतरिक्ष TV by Kaushik Bhattacharjee,11876435830
Foekoe Gaming,11877848616
Rap Samurai,11879261403
Sofar Sounds,11880674189
ConnorFranta,11882086975
Dominoki Kids Songs,11883499761
Ballislife,11884912548
StormChasingVideo,11886325334
Slice of Sabby,subscriber_count
ANU TV,11887738120
Masked Wolf,11889150907
Slazo,11890563693
Sarah Z,11891976479
EXPLORE WITH US,11893389266
Geeky Medics,11894802052
PETROLHEAD MOTOR GARAGE,11896214838
Imperator FX,11897627625
McJuggerNuggets,11899040411
Bulletproof Pitbulls,11900453197
Channel Punjabi,11901865984
PantslessPajamas,11903278770
BiohazardGeek,11904691556
dustin penner,11906104343
FOX 5 New York,11907517129
CraftTheHero,11908929915
Sekhar Studio,subscriber_count
Nelli Belly Dance,11910342702
DangerouslyFunny,11911755488
Magnet Brains,11913168274
scarlxrd,11914581061
News7 Tamil PRIME,11915993847
History Matters,11917406633
Make Sushi 1,11918819420
Video Creators,11920232206
uricksaladbar,11921644992
Ivana Perkovic ,11923057779
TOY TOTO *토이토토*,11924470565
HARDSTOP LUCAS,11925883351
Donut,11927296138
Wilburgur,11928708924
Exploring Alternatives,11930121710
J. Geco,11931534496
SVF Music,subscriber_count
HOT 97,11932947283
Everything Electric CARS,11934360069
BKShivani,11935772855
Brittney Crabb,11937185642
QVCtv,11938598428
Chino's Animated,11940011214
Carly Rae Jepsen,11941424001
NewsTamil 24X7,11942836787
Bisonni Ministries,11944249573
DarthFader,11945662360
Sports Edge Cricket,11947075146
Trugetherness,11948487932
Khandesh Fun,11949900719
Zoe Sugg,11951313505
Aviencloud,11952726291
Jarvis Johnson,11954139078
The Sargi Family,subscriber_count
Best Of TRS हिंदी | Hindi,11955551864
Lisa Eldridge,11956964650
TJ AND MAC,11958377437
Mind PUMP Motivation,11959790223
The Beginners Bible,11961203009
Sam Green,11962615796
PlayofEL,11964028582
Alex Schauer,11965441368
pamtri,11966854155
Freshtastical,11968266941
Wingin’ It! Paul Lucas,11969679727
Antonio Garza,11971092514
Kerala Tourism,11972505300
Laura Angelia,11973918086
MoStack,11975330873
Mysterious Middle East,11976743659
Thomas Schwenke,subscriber_count
Liza Soberano,11978156445
KEXP,11979569231
Three Angels Broadcasting Network (3ABN),11980982018
Shane Dawson TV,11982394804
FrontYardVideo,11983807590
warned,11985220377
benny blanco,11986633163
The View,11988045949
Dan Brown,11989458736
Cleetus McFarland,11990871522
Action Tadka India,11992284308
Hitachi Brand Channel,11993697095
Fesify,11995109881
Saregama Tamil,11996522667
RAWWFishing,11997935454
dloow,11999348240
Elmapuddy,subscriber_count
Buttered Side Down,12000761026
Kick The Jet Engine,12002173813
Allen Millyard,12003586599
Proton Jon,12004999385
Amazing Video's,12006412172
MowtenDoo,12007824958
Theoatrix OSRS,12009237744
Universal Melody,12010650531
Naat Update,12012063317
Brandon B,12013476103
Matt Jones,12014888890
Deejdesign,12016301676
The Cartoonz Crew,12017714462
Gross Science,12019127249
Allie Sherlock,12020540035
IELTS Liz,12021952821
Ripple Music Studios,subscriber_count
my mechanics insights,12023365608
Free Documentary,12024778394
Toon Blast,12026191180
DESIFEED Video,12027603966
Reef Addicts,12029016753
Absorber,12030429539
The A Family,12031842325
Techniqued,12033255112
Fishing Moshi,12034667898
Media Graveyard,12036080684
Harry Styles,12037493471
5911 Records,12038906257
Amit Saini Rohtakiya,12040319043
SoMoVEVO,12041731830
Chantel Jeffries,12043144616
Haminations,12044557402
APPUSERIES,subscriber_count
Zeus The Stubborn Husky,12045970189
DreamXD,12047382975
Rizwanas Cooking,12048795761
Lauren Ostrowski Fenton,12050208548
Mind Motivation Coaching,12051621334
Kristen Hanby,12053034120
SNIPES,12054446907
Jester,12055859693
Left On Red,12057272479
Enduro KeX,12058685266
Music Nepal ,12060098052
Lounge Music,12061510838
Relm,12062923625
Zeeeko,12064336411
Parotter,12065749197
World Animal Awareness Society,12067161984
Pari's Lifestyle,subscriber_count
Independent Online Cinema,12068574770
True Crime Central,12069987556
蔡佩軒 Ariel Tsai,12071400343
M3KKY,12072813129
SoLLUMINATI,12074225915
Tolt around the world,12075638701
GAMINGwithTZ,12077051488
Abhishek Paul,12078464274
Elias Schwärzler,12079877060
Disney,12081289847
kail,12082702633
TheMeanKitty,12084115419
EpicLBPTime,12085528206
Madison Beer,12086940992
Hananya Naftali,12088353778
BBC Learning English,12089766565
PopToons,subscriber_count
Drishti IAS,12091179351
Justin RARRi,12092592137
GRELO CARE,12094004924
Muscle Factory,12095417710
Auto catalog,12096830496
Extra History,12098243283
AYLIVA,12099656069
MERPTV,12101068855
Disney Kids,12102481642
minimme,12103894428
Joyner Lucas,12105307214
Reinaldo Aguila,12106720001
XOTIC MATTR,12108132787
ZHC,12109545573
Bluey - Official Channel,12110958360
VICE Asia,12112371146
comoconfigurar,subscriber_count
iam_marwa,12113783932
Nino Productions,12115196719
MasterBucks,12116609505
KindaTV,12118022291
Diddly ASMR,12119435078
Funtastic TV,12120847864
My Sweet Ambitions,12122260650
Cineulagam,12123673436
Tech Droid Hindi,12125086223
YG ENTERTAINMENT,12126499009
Wonderful Secrets Of The World,12127911795
bp,12129324582
Cool 3D World,12130737368
MR Bhojpuriya,12132150154
MasterOv Games,12133562941
ParisVanity,12134975727
Hindi Kahaniya,subscriber_count
Trollstation,12136388513
Joonie Ya,12137801300
Pruha TV,12139214086
Dale Philip,12140626872
Total Fitness Bodybuilding,12142039659
MIND TWISTER,12143452445
Captain Disillusion,12144865231
Michael Finch,12146278018
BigB,12147690804
Satvic Movement,12149103590
MSK Movies,12150516377
Ollie Bye,12151929163
Mirima,12153341949
Bare Knuckle Fighting Championship,12154754736
Funny Animal Videos,12156167522
Mr. Jack_tv,12157580308
Jazzybum,subscriber_count
WillCrafter,12158993095
መስትያት ዓለም,12160405881
Ujjwal,12161818667
Elliot Giles,12163231454
KATURI,12164644240
HowToBasic2,12166057026
Dots DIY,12167469813
Cutest Animals,12168882599
Battle Royale Jokes,12170295385
TRONICBOX,12171708171
NCT 127,12173120958
Eva zu Beck,12174533744
Daniel Ricciardo,12175946530
Daequan Loco,12177359317
SmashBits Animations,12178772103
이노냥 inoCat,12180184889
Nature on PBS,subscriber_count
TGN Star Wars,12181597676
Naska Videos,12183010462
Dance Fruits,12184423248
BoosterKings,12185836035
HColors,12187248821
BeybladeGeeks,12188661607
INDIA MY JAAN,12190074394
Nick Drossos Defensive Tactics,12191487180
Chidinma Ekile,12192899966
KoRn,12194312753
IAMHVR,12195725539
Drew Binsky,12197138325
Sky Sports Boxing,12198551112
The Kid LAROI.,12199963898
91Tech,12201376684
HELLBANIANZ,12202789471
incT,subscriber_count
Tommo Carroll,12204202257
Real Stories,12205615043
Sofia Karlberg,12207027830
Nikita Dragun,12208440616
stacyplays,12209853402
British Airways,12211266189
Muse,12212678975
NTV Global,12214091761
Roy Woods,12215504548
Ark Encounter,12216917334
Shree Brar,12218330120
Black Atlass,12219742906
Yandere Dev,12221155693
Sonic Paradox,12222568479
SSC MAKER,12223981265
Chris Notap,12225394052
robcantor,subscriber_count
HCT,12226806838
Paddy The Baddy,12228219624
MD TV,12229632411
Xavier Mortimer,12231045197
Real Truth. Real Quick.,12232457983
INDIA EAT MANIA,12233870770
Hew Moran,12235283556
Floor Jansen,12236696342
Explore Birds Bats Bees,12238109129
Funny Pets,12239521915
Chucky,12240934701
Norris Nuts Gaming,12242347488
Adrian Gee,12243760274
Amy's Life,12245173060
Inessa S,12246585847
DougDougDoug,12247998633
The Collector,subscriber_count
Investment Joy,12249411419
Buur,12250824206
WPLG Local 10,12252236992
Mina Le,12253649778
Best of The Voice,12255062565
How to Draw Stuff,12256475351
HN Football,12257888137
DIY Garage,12259300924
Everyman Driver,12260713710
Solid Gold Aquatics,12262126496
SMART DOG TRAINING,12263539283
Tin And Jar,12264952069
Diljit Dosanjh,12266364855
MrBrain,12267777641
astro chinnaraj,12269190428
Kalamkaar,12270603214
Kittisaurus,subscriber_count
Yashita Rai,12272016000
Three Birds Renovations,12273428787
Jakerton,12274841573
Millie T,12276254359
Banden,12277667146
DIY crafts from A4 PAPER,12279079932
Hardware Unboxed,12280492718
Koenigsegg,12281905505
FullMag,12283318291
GeekyRanjit In Hindi,12284731077
ShawnMendesVEVO,12286143864
HeartCry Missionary Society,12287556650
PAHO TV,12288969436
Motorcyclist Magazine,12290382223
Craig Yopp,12291795009
Billshowto,12293207795
Eboys,subscriber_count
Naio Nails,12294620582
Heidi Zidane and Zack,12296033368
The UK07 Rider,12297446154
Alex's Corner,12298858941
Bollyywood Now,12300271727
CBS Sunday Morning,12301684513
JaidenAnimations,12303097300
JimmyBallers20,12304510086
FWF Big Shorts,12305922872
RIDE Channel,12307335659
MMAFightingonSBN,12308748445
HELPING GAMER,12310161231
DanAndPhilGAMES,12311574018
Paweł Zadrożniak,12312986804
Street Soccer International,12314399590
Nannu and Chunnu,12315812376
Sunny Jafry,subscriber_count
Chike,12317225163
WappaModa,12318637949
Ajab Gajab Desh,12320050735
Toni Olaoye,12321463522
The Sound Traveler,12322876308
Daily Village Life,12324289094
Vinny E-Mini Plays,12325701881
Hardware Canucks,12327114667
DyingLlama,12328527453
KYSTAR,12329940240
CNBC Make It,12331353026
Megaprojects,12332765812
Canadian Prepper,12334178599
Eli the Computer Guy,12335591385
Pick Up Limes,12337004171
Finger Family by LooLoo Kids - Fun Kids Songs,12338416958
Sakura Media,subscriber_count
Free Time Work,12339829744
LOKMANE DZ,12341242530
Tahini's,12342655317
[Awesome Haeun]어썸하은,12344068103
Keshia,12345480889
Fudgy,12346893676
The Joker Club,12348306462
Shan H Fernandes,12349719248
David Gilmour,12351132035
Woody & Kleiny,12352544821
CS Bisht Vines,12353957607
Tasting History with Max Miller,12355370394
YouTube Bangla,12356783180
Tekweni,12358195966
RoadTrip TV,12359608753
PhoneBuff,12361021539
Elias Hossain,subscriber_count
Gavin Webber,12362434325
PioneerPauly,12363847111
Hogwarts Legacy,12365259898
Top 10s Shorts,12366672684
New York Post,12368085470
THE INDIAN UNBOXER,12369498257
ShxtsnGigs Podcast,12370911043
CBC Docs,12372323829
Willjum,12373736616
Miniminuteman,12375149402
AARP,12376562188
Relax My Cat - Relaxing Music for Cats,12377974975
The Kits Cats,12379387761
Beh2inga,12380800547
Matthew Hussey,12382213334
Linus Tech Tips,12383626120
Sefa,subscriber_count
TOP 10 SPORTS - T10S,12385038906
BarryBeeTV,12386451693
Jamyang Pelsang - Film Fight Fanatic,12387864479
NADAFID,12389277265
Hulyan Maya,12390690052
Rick Bars,12392102838
Romina Gafur,12393515624
Crypto Ace,12394928411
Gaming Tamizhan Official,12396341197
Frenchy SungaAttack,12397753983
GommeBlog - Car & Performance,12399166770
Dacha44,12400579556
Pietro Lombardi,12401992342
pong1977,12403405129
BeFiT,12404817915
Shmee150,12406230701
Shreemani Tripathi,subscriber_count
Jen Smith,12407643488
CS99TV,12409056274
BeckBroJack,12410469060
Stay Fit,12411881846
Total Running Productions,12413294633
4BEL,12414707419
DAHIYA FILMS,12416120205
Mumbai Indians,12417532992
Eminem - Topic,12418945778
Code Bullet,12420358564
معلومة فى كتاب,12421771351
MineTronic,12423184137
Groundhopper FC,12424596923
Putther,12426009710
Huw Richards,12427422496
WOWsoAmaze,12428835282
truly,subscriber_count
Tpindell,12430248069
Popcorn Stories,12431660855
ojatro,12433073641
JISMA & VIMAL,12434486428
Faz,12435899214
Sundeep Sharma,12437312000
Future Classic,12438724787
The AFC Hub,12440137573
CoshReport,12441550359
ArtisanNewsService,12442963146
The Children's Kingdom Nursery Rhymes,12444375932
Sorted Food,12445788718
FANTOM Pro,12447201505
Redmercy,12448614291
Pawn Stars,12450027077
ROCK SQUAD,12451439864
FaZe Rain,subscriber_count
Out Of Line Music,12452852650
Oppressed Media,12454265436
TAG Art,12455678223
Australian Open TV,12457091009
PuddingFishCakes,12458503795
Berk Tanman,12459916581
Carzeyy,12461329368
Scary Teacher Joker,12462742154
Skye Wheatley,12464154940
Android,12465567727
Moonlight Jewel,12466980513
Danny's Aquariums,12468393299
FaZe Rug,12469806086
BeforeAndAfterTV,12471218872
Danny's Brickfilms,12472631658
Simply Time Pass,12474044445
Karl Jobst,subscriber_count
맛있겠다 Yummy,12475457231
Knowledgia,12476870017
  Cement Craft Ideas - DIY Creations,12478282804
ShotMechanics,12479695590
Steve Mould,12481108376
Emon Squad,12482521163
Puppies Planet,12483933949
Blixemi,12485346735
The Manadil Siblings,12486759522
Human Interests,12488172308
Easy art n craft,12489585094
Dr. Plants,12490997881
DreamWorks Spirit,12492410667
Lonely Planet,12493823453
Kayo Sports,12495236240
Bentellect,12496649026
TRILLPHONK,subscriber_count
RRILEY,12498061812
Rebel News,12499474599
DanOMG,12500887385
WeedifulTV,12502300171
Daniel Marsh,12503712958
America - The Jesuit Review,12505125744
Object,12506538530
Gabriel Traveler,12507951316
MOOMOO STUDIO [무무 스튜디오],12509364103
JamesRandiFoundation,12510776889
ThnxCya,12512189675
Mike Thurston,12513602462
Sierra Furtado,12515015248
Dan Churchill,12516428034
Moojiji,12517840821
zeldaxlove64 Christina Grimmie,12519253607
ROCKWELL OFFROAD,subscriber_count
NoDoubtVEVO,12520666393
Channel i News,12522079180
Top5s,12523491966
E&EP AUTOS,12524904752
BATTLEGROUNDS MOBILE INDIA,12526317539
SLn Mariner,12527730325
Carla Underwater,12529143111
Blender Guru,12530555898
MrBeast हिन्दी,12531968684
Play & Learn Kids Games,12533381470
Vlad SlickBartender,12534794257
PrimalKev,12536207043
Ridddle,12537619829
Kehlani,12539032616
Fe4RLess,12540445402
BBALLBREAKDOWN,12541858188
Dog Reacts,subscriber_count
딩가의 회전목마 DINGA,12543270975
Lui Calibre,12544683761
REX,12546096547
Dean Lewis,12547509334
FAPL,12548922120
Morgan Wallen,12550334906
Zhong Gaming,12551747693
Max Khadar,12553160479
Niro,12554573265
Food Ranger,12555986051
ToveLoVEVO,12557398838
Natural life,12558811624
Yellow Productions,12560224410
MIKE ROFT Records,12561637197
GQ Sports,12563049983
vkgoeswild,12564462769
FameLux ,subscriber_count
The Maple Music,12565875556
Bengali Movies with English Subtitle,12567288342
Jeff Feng,12568701128
sawyerhartman,12570113915
Afro B,12571526701
Mighty Car Mods,12572939487
CATMANTOO,12574352274
Cold Ones,12575765060
Feature History,12577177846
takisawant,12578590633
Madman Films,12580003419
Moose Toys,12581416205
JzBoy,12582828992
Handles,12584241778
cp wild Lanka,12585654564
Khabib Nurmagomedov,12587067351
PIMPNITE,subscriber_count
Universal Pictures,12588480137
Click,12589892923
MotorsportCom,12591305710
FactsForYou,12592718496
Hmelkofm,12594131282
Nitro Circus,12595544069
Deoxide,12596956855
Red FM India,12598369641
Hebbars Kitchen,12599782428
Throneful,12601195214
B Young,12602608000
Twolol,12604020786
VYRL Bhojpuri,12605433573
AppieTube,12606846359
Syndicate,12608259145
Little BoBo Nursery Rhymes - FlickBox Studios,12609671932
Tastyvibes,subscriber_count
Anna McNulty,12611084718
LITTLE PAWS,12612497504
BrodyAnimates,12613910291
ArcadeCloud,12615323077
Simply Aviation,12616735863
The Sydney Morning Herald and The Age,12618148650
Sakshi TV,12619561436
Jerold Vaz,12620974222
Comedy Captain,12622387009
ManuelRivera11,12623799795
Black Music,12625212581
SkyHooked,12626625368
Brizzy Voices,12628038154
Daniel Thrasher,12629450940
BlackBoxTV,12630863727
Cartia Mallan,12632276513
WAY AWAY,subscriber_count
DJ EBO,12633689299
SBARTSTV News Entertainment Tech,12635102086
Tanya,12636514872
Prof. Ravindrababu Ravula,12637927658
Fix This Build That,12639340445
RegisteredNurseRN,12640753231
Channel One Bangladesh,12642166017
aramco,12643578804
entertainmentone,12644991590
TmarTn,12646404376
BeautyMe Seema,12647817163
DawsenTv - Bengali Stories & Rhymes,12649229949
AP1HD,12650642735
TheGamingForce,12652055521
TJPKen O'Keefe,12653468308
Mr. Hacker,12654881094
CraftedThings | Monster School,subscriber_count
Cheryl Porter Vocal Coach,12656293880
British Vogue,12657706667
Meanwhile in the Garage,12659119453
Oddman Games,12660532239
عالم هبة Hiba,12661945026
SkinSpotlights,12663357812
Stompdown,12664770598
D'Angelo Wallace,12666183385
Brigata Curva Sud,12667596171
BMW M,12669008957
NurseryTracks,12670421744
Bageshwar Dham Sarkar,12671834530
Jan Animation Studios,12673247316
Sevdaliza,12674660103
Home of Football,12676072889
US Open Tennis Championships,12677485675
Sema Bruh,subscriber_count
TFI Creations,12678898462
Carlaylee HD,12680311248
pennyccw,12681724034
"Love, Diana",12683136821
Kiddyzuzaa: Princesses In Real Life - WildBrain,12684549607
SavageGardenVEVO,12685962393
Gates Wildlife Control,12687375180
Beauticianchic,12688787966
soniastravels,12690200752
Blippi Learns - Educational Videos for Kids,12691613539
Rammor,12693026325
Danushka Senadeera,12694439111
123 GO! SHORTS,12695851898
Niana Guerrero,12697264684
Opticle,12698677470
Special EDy,12700090256
Nina Dapper,subscriber_count
Telugu Cricket Universe,12701503043
DANNYonPC,12702915829
Shutter Authority,12704328615
Drago Galaxy,12705741402
Nomad Kids TV,12707154188
Project Life Mastery,12708566974
Sony,12709979761
Nirrmla Nehhra,12711392547
RageElixir,12712805333
TOB GANG,12714218120
Best of media channel,12715630906
Gyan Point,12717043692
The Cincinnati Zoo & Botanical Garden,12718456479
Hinduism മലയാളം,12719869265
FaZe Clan,12721282051
sashley,12722694838
aWiibo,subscriber_count
RKD Action,12724107624
Destiny,12725520410
ANDO,12726933197
1791,12728345983
Best Breed Ever,12729758769
Cleanshot,12731171556
ETTV 이티티비,12732584342
HypeMyke,12733997128
حسونة - Hassone,12735409915
MatthiasWandel,12736822701
maxmoefoegames,12738235487
HONEST GUIDE,12739648274
Channel Candy Man,12741061060
Fashion Channel,12742473846
Socksfor1,12743886633
Aditi Sharma,12745299419
AUSSIEBUM,subscriber_count
New China TV,12746712205
LAUREL,12748124991
Gamekeepers_cz,12749537778
Ved Entertainment,12750950564
NiallHoranVEVO,12752363350
Useless Duck Company,12753776137
PR Bollywood,12755188923
Tony Kakkar,12756601709
Ember Lab,12758014496
Brookfield Zoo Chicago,12759427282
PearlescentMoon,12760840068
Fruit  Decoration,12762252855
SankeyMagic,12763665641
KPRC 2 Click2Houston,12765078427
Rotten Tomatoes Classic Trailers,12766491214
Ravi Shrestha,12767904000
C4ETech Tamil,subscriber_count
#TeamTrees,12769316786
Tyre Reviews,12770729573
Beardbrand,12772142359
LiveNOW from FOX,12773555145
INEOS 1:59 Pace Challenge,12774967932
FUTURA,12776380718
ADEL et SAMI,12777793504
Lets Talk Stories,12779206291
The Body Coach TV by Joe Wicks,12780619077
News24,12782031863
AirshowStuffVideos,12783444650
Rough Hands and Unusual Ideas,12784857436
sandiction,12786270222
- The Ultimate. 13,12787683009
YouTube India Spotlight,12789095795
ChuChuTV Learning with Surprise Eggs,12790508581
Hai Creativa,subscriber_count
mosambi,12791921368
Maruvie,12793334154
Peekaboo Kidz,12794746940
Glamrs,12796159726
Virtual Planet Music,12797572513
MAI PM,12798985299
Topi The Corgi,12800398085
Yungen,12801810872
HeyDavi,12803223658
Tool Items,12804636444
HeroFunTV,12806049231
HUM News,12807462017
Fitwaffle Kitchen,12808874803
KIS KIS - keep it short,12810287590
Hevesh5,12811700376
WM Tube,12813113162
DLAN Models,subscriber_count
LiamPayneVEVO,12814525949
Ondraga Entertainment,12815938735
MMAWeekly.com,12817351521
Sideserf Cake Studio,12818764308
Kappa Kaiju,12820177094
Majedar Kahaniya,12821589880
iTest,12823002667
LifeAccordingToJimmy,12824415453
Dr. Dana Figura,12825828239
Mah-Dry-Bread,12827241026
Reality Reels,12828653812
DON XHONI,12830066598
Arising Empire,12831479385
Rose and Rosie,12832892171
Red Bull Bike,12834304957
Mad 4 Music,12835717744
A Garnish Bowl,subscriber_count
JHaps Records,12837130530
Brain Candy TV,12838543316
MariAndKids,12839956103
Joe Jenkins,12841368889
Ski Mask The Slump God,12842781675
Kelley Blue Book,12844194461
ImagineVideoclips,12845607248
IRAN TV,12847020034
Hitz Music,12848432820
TrendingTracks,12849845607
D&B Slime ,12851258393
Mohammed Saeed - محمد سعيد,12852671179
t-low,12854083966
doddleoddle,12855496752
Dream English Kids,12856909538
Destech(Deepak),12858322325
VDJ Ayush,subscriber_count
okaysage,12859735111
Denitslava Makeup,12861147897
THIRU TV,12862560684
Jon Bellion,12863973470
CottonCandyCorner,12865386256
J. Draper,12866799043
MajorLazerVEVO,12868211829
Gagan Pratap Maths,12869624615
ITJungles,12871037402
Codeer,12872450188
GoldenLane Studio,12873862974
Maqaroon,12875275761
Samuel Kim Music,12876688547
Ada Derana,12878101333
Sambhavna Seth Entertainment,12879514120
VALORANT,12880926906
The Secret Life of my Hamster,subscriber_count
nutnfancy,12882339692
Ben Eater,12883752479
Alright!,12885165265
Troll Punjabi,12886578051
Lovely asmr S,12887990838
TheKillersMusic,12889403624
CLAPBOARD FILMS,12890816410
exurb1a,12892229196
Xendrius,12893641983
Ivan Son,12895054769
Shermanator,12896467555
Health Tips Gyan in Hindi,12897880342
CRICKET 360,12899293128
TheCooknShare,12900705914
UNBOXINg dude,12902118701
PeterBjorck,12903531487
Kristen Hancher,subscriber_count
Sabin Civil Engineering,12904944273
BVBArmyVEVO,12906357060
Karl Niilo,12907769846
Dj's Aviation,12909182632
Ek Mota Hathi - Hindi Nursery Rhymes for Kids,12910595419
Shay Mitchell,12912008205
Chef Raphael,12913420991
hbomberguy,12914833778
Just Pranks,12916246564
Edgy Animation Films,12917659350
SICK INDIVIDUALS,12919072137
BeerBiceps,12920484923
6Foot4Honda,12921897709
Reginald music,12923310496
BTGL TV,12924723282
Miraculous Ladybug,12926136068
Heroine Movies 2025,subscriber_count
Surya TV,12927548855
Rosie Gabrielle,12928961641
ox_zung 원정맨,12930374427
mysticat,12931787214
NTKLife,12933200000
DizastaMusic,12934612786
Gary Washington,12936025573
aarava,12937438359
Nadeem Sarwar,12938851145
WildBrain Superheroes,12940263931
Hasan Reyvandi - حسن ریوندی,12941676718
ABC Big Kids,12943089504
Ash Magic,12944502290
High On Life,12945915077
123 GO! Kevin,12947327863
2WEI,12948740649
Ssoftoons Golpoguccho,subscriber_count
Cric7,12950153436
My Mountain Husky,12951566222
Brodha V,12952979008
Food Fatafat,12954391795
David The Baker,12955804581
jmancurly,12957217367
MIRBIG (Alexy Fofint),12958630154
Panda.m4,12960042940
Technical Yogi,12961455726
News Mx Tv,12962868513
UFD Tech,12964281299
Come To Village (கிராமத்துக்கு வாங்க),12965694085
Behindwoods Air ,12967106872
Mono Monkey,12968519658
RageGamingVideos,12969932444
Jakub Vágner,12971345231
CTV News,subscriber_count
Radicool Talent,12972758017
MrBeast 2,12974170803
shar,12975583590
Aseel,12976996376
Sanjhalika Vlog,12978409162
Urdu 1 Official,12979821949
YouTube UK,12981234735
ItsJim,12982647521
Qatar Airways,12984060308
Zono,12985473094
Neptune3 Studios,12986885880
JioCinema Sports,12988298666
House of Highlights,12989711453
Origami with Jo Nakashima,12991124239
Rachel Gardner,12992537025
Q News,12993949812
Toy For Kids [토이포키즈],subscriber_count
Crazy GkTrick,12995362598
The Dro,12996775384
Dtay Known,12998188171
Consumer Reports,12999600957
Mizyaka Dizyaka ENG,13001013743
natalikes,13002426530
PrathzRailLover #WDP Bhau,13003839316
dinoflask,13005252102
Tiny Cakes,13006664889
YouKids,13008077675
BMW Middle East,13009490461
CPL T20,13010903248
Daily Village Topic,13012316034
Cody'sLab,13013728820
worthy,13015141607
khanacademymedicine,13016554393
NorthSurvival,subscriber_count
VikatanTVTelugu,13017967179
Bobby Misner,13019379966
Zach Clayton,13020792752
Obak Khobor,13022205538
Doja Cat,13023618325
Pen Multiplex,13025031111
Supermofools,13026443897
Julio Cocielo,13027856684
light2tube,13029269470
병병병,13030682256
boburnham,13032095043
Mad Decent,13033507829
Solokiso,13034920615
Saqib Technology,13036333401
Bob Nicolas,13037746188
Yoel,13039158974
LUNAVENTURAS,subscriber_count
Dishoom Films,13040571760
BBallBeast,13041984547
Ludwig,13043397333
Practical Psychology,13044810119
Ask Muslim Teacher,13046222906
Ryan Garcia,13047635692
MyFroggyStuff,13049048478
CosmosFTW,13050461265
WOA Mew,13051874051
Vanemas,13053286837
Loepsie,13054699624
Life of Boris,13056112410
Blake Shelton,13057525196
House of History,13058937983
SurajFineArts - Abstract ART,13060350769
Bagi Bagi Shorts,13061763555
ishani videos,subscriber_count
LGR,13063176342
Evanescence,13064589128
Joel Osteen,13066001914
Nickelback,13067414701
CGP Grey,13068827487
Sooneeta,13070240273
Filmy Sins,13071653060
The RSA,13073065846
Pakistan Super League,13074478632
WEAREX Toys,13075891419
Nino's Home,13077304205
King Of The Dot Entertainment,13078716991
Lost in the swell,13080129778
Rozana Khana In Hindi,13081542564
GwenGwiz ASMR,13082955350
Jonatas Kep Apresenta,13084368136
Golden Hoops,subscriber_count
Marc Mero,13085780923
Pegbarians,13087193709
Animation cinema shorts,13088606495
Leaf Records,13090019282
Fady,13091432068
JustDustin,13092844854
Catamaran Channel,13094257641
Indoorbread,13095670427
Jon Harris,13097083213
Lenovo India,13098496000
DW Documentary,13099908786
The Voice Australia,13101321572
Kombi Life,13102734359
ElementGames,13104147145
NewJeans,13105559931
MagzTV,13106972718
Nostalgia Realm,subscriber_count
HDBroadcaster🎥,13108385504
The Korean Vegan,13109798290
MagicBox Tamil ELS,13111211077
NRL - National Rugby League,13112623863
Lucky Surprise ToysReview,13114036649
camman18,13115449436
Camryn Corabella,13116862222
IBM,13118275008
Dina Tokio,13119687795
Shanmukh Jaswanth,13121100581
Powerful Mantras,13122513367
HighlightsNepal,13123926154
RDB LA,13125338940
MysteryBen27,13126751726
Alessia Cara,13128164513
Gravycatman,13129577299
DCTC Toy Channel,subscriber_count
Cute Life Shorts,13130990085
Chrome for Developers,13132402871
Gita Savitri Devi,13133815658
Mike Fox,13135228444
Lloyd Cafe Cadena,13136641230
The Deal Guy,13138054017
FilmDice,13139466803
Dead Sound,13140879589
Official Saweetie,13142292376
5-MINUTE REPAIR,13143705162
Wikitongues,13145117948
Peppa Pig Cartoon Collection,13146530735
Samreen Ali,13147943521
Sant Shri Asharamji Ashram,13149356307
Kick Game,13150769094
MADONNAVEVO,13152181880
Navs Garage,subscriber_count
Faye Balbacal,13153594666
Zee Uttar Pradesh UttaraKhand,13155007453
Cussan,13156420239
ghori fashion designer,13157833025
IVY Bhojpuri Movies,13159245812
FloydMayweather,13160658598
Nextraker,13162071384
Wonder,13163484171
BeatsbySV,13164896957
デーモンAstari,13166309743
TG Plays,13167722530
AnthonyPit1,13169135316
Larry Wheels,13170548102
We Are One,13171960889
staceybrennan,13173373675
Red Hill Music,13174786461
Ducky Bhai,subscriber_count
Top MMA ,13176199248
Pardesi Dunya,13177612034
N2 Cat Crew,13179024820
Yasmin's Cooking & Vlogging ,13180437606
NevoMusic,13181850393
Ross Plaskow,13183263179
Imzy Vlogs,13184675965
Jamie Nyland Extra,13186088752
CrosOOvr,13187501538
Dominique Sachse,13188914324
Steven Fernandez,13190327111
Suev,13191739897
Badge 99,13193152683
Earth Touch,13194565470
Dodge,13195978256
This is Bailey,13197391042
Mike Williams,subscriber_count
Ultimate Halo,13198803829
Zac Alsop,13200216615
Kendall Rae,13201629401
Aquarium Co-Op,13203042188
ReactiCorns,13204454974
Senya Toys Review,13205867760
Elephant soul,13207280547
I Am Second,13208693333
AJ Official,13210106119
THE Vines,13211518906
Vanity Fair,13212931692
ToysPlay,13214344478
BellatorMMA,13215757265
Keegan J,13217170051
Kids Fun House,13218582837
mike diva 2,13219995624
Judicial Watch,subscriber_count
Dan Robinson,13221408410
Chiptubeofficial,13222821196
Rithu Rocks,13224233983
KYLE HANAGAMI,13225646769
Scientology,13227059555
Alexander Studios,13228472341
Pebbles live,13229885128
Homemade,13231297914
JStuStudios,13232710700
watchmyslap,13234123487
Airbnb,13235536273
TheButtingHeads,13236949059
Lessons from the Screenplay,13238361846
Agrifoto,13239774632
Primitive Technology Idea,13241187418
Primitive Survival Tool,13242600205
m2e1iriko,subscriber_count
Say Swag,13244012991
Dude Perfect Plus,13245425777
Mtashed,13246838564
Emma and Joy,13248251350
Grox,13249664136
Rawan Bin Hussain,13251076923
bestdressed,13252489709
Kid Studio,13253902495
Robert E Fuller,13255315282
PinkyPopTOY,13256728068
Oddbods & Friends,13258140854
Ujjal Dance Group,13259553641
Vidly Tourism for Kids,13260966427
Tips And Tricks Of My Kitchen,13262379213
JDM World,13263792000
Calcio Show,13265204786
Creative Mom,subscriber_count
UpIsNotJump,13266617572
Joel Corry,13268030359
Wheels,13269443145
Cosmopolitan,13270855931
Toolify,13272268718
Cas and Chary XR,13273681504
Jennifer Chiu,13275094290
Sirloin,13276507076
ROLEX,13277919863
Kanga,13279332649
MMA TV PRODUCTIONS,13280745435
HoopX Basketball PH,13282158222
SuperXavier,13283571008
Shawn Woods ,13284983794
M539 Restorations,13286396581
TearofGrace,13287809367
mike rayner videos,subscriber_count
The Food Ranger,13289222153
i-D,13290634940
VIDDAL,13292047726
Bharat Samachar,13293460512
Super Mango TV,13294873299
TheMagicMatt,13296286085
Psych2Go,13297698871
Cafe Cozy Jazz,13299111658
The Officer Tatum,13300524444
Warhorse Studios,13301937230
high frequency tribe homestead,13303350017
Minecraft,13304762803
DrawingWiffWaffles,13306175589
Devil Bona,13307588376
Twizzle Tech,13309001162
NRL on Nine,13310413948
AFGuidesHD,subscriber_count
BOKIN,13311826735
Zak George’s Dog Training Revolution,13313239521
GothamChess,13314652307
BlackOpsAmazing,13316065094
Steve “Steve'n'Seagulls” Seagulls,13317477880
Music Master | Tamil Songs | Ilayaraja,13318890666
AgrarBlick,13320303453
TinyKittens HQ,13321716239
Home Remedy ,13323129025
BeanymanSports,13324541811
John Fish,13325954598
Robert Piessens,13327367384
Christmas Songs and Carols - Love to Sing,13328780170
ONE Media Coverage,13330192957
QI,13331605743
Fancy,13333018529
x2Twins,subscriber_count
Business Casual,13334431316
DJEkkiMusic,13335844102
VADAK,13337256888
Official EA UK,13338669675
Alan's Universe,13340082461
DarkFluff,13341495247
ETimes,13342908034
motivationaldoc,13344320820
AtlanticCouncil,13345733606
Toyo Tire U.S.A. Corp,13347146393
Max & Lee,13348559179
Eric Struk,13349971965
Steve Terreberry,13351384752
ióN WILD,13352797538
Bridgitte K,13354210324
Foodie We,13355623111
Prameya News7,subscriber_count
Clean My Space,13357035897
Spanian,13358448683
Acharya Balkrishna,13359861470
Al Jazeera English,13361274256
Above & Beyond,13362687042
Beyond Science,13364099829
kNIGHTWING01,13365512615
News State,13366925401
KathleenLights,13368338188
Goldmines Premiere,13369750974
Nugget's News,13371163760
BrainfooTV,13372576546
EcksClips,13373989333
Autocar,13375402119
YouTube Originals,13376814905
Yung Filly,13378227692
Welyn,subscriber_count
DanTDM Live,13379640478
Alert Aarumugam - Tamil Automobile Channel,13381053264
PUNJABI VLOGGER,13382466051
Team Denver Racing,13383878837
Ethan Funny Family,13385291623
Paytm,13386704410
Worlds Biggest,13388117196
Darker Corners,13389529982
devinsupertramp,13390942769
ContraPoints,13392355555
Upboyraj Comedy,13393768341
Bedtime Stories,13395181128
Joey Drew Studios,13396593914
Emma Blackery,13398006700
Jeff & Alyssa,13399419487
Live from the Flight Deck,13400832273
Siham World,subscriber_count
Dan1s,13402245059
★WishingTikal★,13403657846
Josefa M. REINA,13405070632
MOHAMAD NUR MAKTABI,13406483418
Medlife Crisis,13407896205
Life Tak,13409308991
Pheonixmaster1,13410721777
ExxonMobil,13412134564
Joel Gustafsson,13413547350
CypherDen,13414960136
AM Films,13416372923
TheMalibuArtist,13417785709
Rango2M,13419198495
MrEdxwx,13420611281
FactFaction,13422024068
"Wasthi Productions ""වස්ති""",13423436854
EnfusionTV,subscriber_count
Just For Laughs,13424849640
CrowderBits,13426262427
Jamie Nyland,13427675213
ARPO The Robot,13429087999
Travelista by santos,13430500786
Alexandra Gater,13431913572
Lorraine,13433326358
ibisPaint,13434739145
FOOTBALL CULTURE (PI ALFA),13436151931
FatTV,13437564717
Knowledge is Power - Gary Lite,13438977504
4 Ever Green,13440390290
Samsung Maroc,13441803076
Everyone Matters,13443215863
VATS RECORDS,13444628649
TiffanyRotheWorkouts,13446041435
Chanda,subscriber_count
Cinecom.net,13447454222
TIKTORIKI,13448867008
BR7 Football,13450279794
Raw Appeal,13451692581
Make:,13453105367
Ashish Kant,13454518153
Legion Music,13455930940
Shoaib Akhtar,13457343726
Maha Fun Tv,13458756512
TRR official,13460169299
Pat Condell,13461582085
Undercover Cop!,13462994871
All Star Music,13464407658
Datta Benur Creation,13465820444
Kore,13467233230
Bindass Khabray,13468646016
Clickspring,subscriber_count
Sam,13470058803
Lucha Libre AAA,13471471589
AvE,13472884375
UpTop Movement Inc.,13474297162
The Questionable Garage,13475709948
drdavidkimbeverlyhills,13477122734
Rogue Hobbies ,13478535521
RiderCHO1,13479948307
Hrach Muradyan,13481361093
Learn German with Anja,13482773880
hickok45,13484186666
The Local Project,13485599452
Shamees Kitchen,13487012239
Poet Plays,13488425025
Hans Klok Official,13489837811
Pocoyo English - Complete Episodes,13491250598
Global Mountain Bike Network,subscriber_count
Android School Bangla,13492663384
Sim Mot,13494076170
Brick Experiment Channel,13495488957
Rizon,13496901743
ForgaLorga,13498314529
wifistudy Studios by Unacademy,13499727316
Joseph Vincent,13501140102
LOR Minecraft Animation,13502552888
SamDoesArts,13503965675
Dr Sam Robbins,13505378461
PetaPixel,13506791247
speedyw03,13508204034
Tech Trinkets,13509616820
Labour Law Advisor,13511029606
LUKA SULIC,13512442393
BigTasty ,13513855179
HardToonz,subscriber_count
Vidya Vox,13515267965
Arekkz Gaming,13516680751
KittiesMama,13518093538
Power Rangers Official,13519506324
Max Derrat,13520919110
Lets Test Laurence,13522331897
Maha Cartoon TV,13523744683
Tek Syndicate,13525157469
Gaur Gopal Das,13526570256
Monster Bug Wars - Official Channel,13527983042
Princess Hairstyles,13529395828
ARK: Survival Ascended,13530808615
Noodle,13532221401
Mr Bean TV,13533634187
PaulVuTV,13535046974
Art with Flo,13536459760
TheOutdoorGearReview,subscriber_count
HASI TV,13537872546
Charles Peralo,13539285333
Transcendental Meditation,13540698119
Nathan Doan Comedy,13542110905
The Family Fudge,13543523692
Tantu Beats,13544936478
Akshara Singh,13546349264
Ronny Dahl,13547762051
Movie Scenes - Angel Digital,13549174837
Elif Karaman,13550587623
FakeJake,13552000410
Mounica Bavireddi ,13553413196
Traveling Robert,13554825982
Sunflower Farm Creamery,13556238769
Czzling Roynee,13557651555
HyperXAbhyuday,13559064341
War Archives,subscriber_count
ISPR Official,13560477128
VAIBHAV SETHIA,13561889914
ViralBrothers SHOW,13563302700
A for Adley - Learning & Fun,13564715486
Saito,13566128273
ViralDark7,13567541059
Ran-D,13568953845
GIVĒON,13570366632
HarryNinetyFour,13571779418
Nicko's Kitchen,13573192204
Top Pops,13574604991
Sydney Morgan,13576017777
StopXam Live,13577430563
Kidibli (Kinder Spielzeug Kanal),13578843350
hoohoohoblin,13580256136
TechyBlox,13581668922
Munchies,subscriber_count
Callum B,13583081709
Jack54HD,13584494495
Alux.com,13585907281
Virgin Atlantic,13587320068
Republic Bharat,13588732854
Josh Pieters,13590145640
Bill Gates,13591558427
Stealth17 Gaming,13592971213
NaughtyRiders,13594383999
E&E Creations,13595796786
Cut Media,13597209572
WTA,13598622358
Deep Feelings,13600035145
MARGO FLURY | Маргарита Дьяченкова,13601447931
TikTokTunes,13602860717
TrainGuy 659,13604273504
OverSimplified,subscriber_count
exlittlebeans,13605686290
Indian Rapscallion,13607099076
KANNADA TECH FOR YOU,13608511863
Sony Sports Network,13609924649
RRC Restoration,13611337435
BlackPanthaa,13612750221
Dream Shorts,13614163008
RDC Rajasthani HD,13615575794
SimplyMyStyle!! unni,13616988580
AWIE MUSIC GROUP (AMG),13618401367
The Kid From Curaçao,13619814153
everett,13621226939
Dr Gavin Chan ,13622639726
Rakesh Yadav,13624052512
Hennessey Performance,13625465298
Need for Speed,13626878085
HISTORY TV18,subscriber_count
BraZy,13628290871
Fabio Wibmer,13629703657
Magic Journeys,13631116444
Red Child Xau,13632529230
Makeup by Parul Garg,13633942016
Goldmines Cineplex,13635354803
Jenkins,13636767589
Salim El Ouali,13638180375
Hi-Tech Islamic Naat,13639593162
The Weeknd - Topic,13641005948
HomeCookingShow,13642418734
KSI Music,13643831521
Make it Extreme,13645244307
Michi Leber,13646657093
Ford Motor Company,13648069880
The Speed King,13649482666
Sadiq Ahmed Vines,subscriber_count
Armada Electronic Elements,13650895452
ThatsHeart,13652308239
Make Joke Of,13653721025
itz explain,13655133811
Kro,13656546598
Doctor Mike,13657959384
RedOne,13659372170
LIL SIMPLE,13660784956
Ubisoft,13662197743
StarTalk,13663610529
Tommy Boy,13665023315
Misfits,13666436102
DieselD199,13667848888
Spark,13669261674
Tyler Oakley,13670674461
YugaTech,13672087247
Mark Crossfield,subscriber_count
Leafy Street,13673500033
TechPlusTube,13674912820
Wall Of Entertainment,13676325606
PIN KORO,13677738392
Ricky Glaser,13679151179
Gee Lanka,13680563965
Navaan Sandhu,13681976751
2Snacks,13683389538
WarmachineMC,13684802324
KhalidVEVO,13686215110
Cloth Map,13687627897
Romell Henry,13689040683
TNA Wrestling,13690453469
The Royal Institution,13691866256
MK8 Master!,13693279042
Christine Jewellers,13694691828
토이스페이스ToySpace - Game Vlogs,subscriber_count
Quick Simple & Delicious,13696104615
THENX,13697517401
Lauv,13698930187
MARINA,13700342974
Mayde,13701755760
Amazon Alexa,13703168546
Sugar Mamma,13704581333
lavapix,13705994119
$uicideboy$,13707406905
Catalin Fleancu,13708819691
CinnamonToastKen,13710232478
NakeyJakey,13711645264
Konstantin,13713058050
droopy,13714470837
DGHD,13715883623
One4kids,13717296409
CircleToonsHD,subscriber_count
AVD Digital,13718709196
Everton Football Club,13720121982
Grand Studio,13721534768
itsjusta6,13722947555
TSMC - Minecraft,13724360341
NBS24 TV Bulletin,13725773127
English with Emma · engVid,13727185914
EmeliaHartford,13728598700
MurkXtreme Shorts,13730011486
News18 Punjab,13731424273
OVO Sound,13732837059
Protoxx,13734249845
SBTV: Music,13735662632
SpeirsTheAmazingHD,13737075418
Scott Gairdner,13738488204
Mirchi Plus,13739900991
Galatta Pink,subscriber_count
Rainimator,13741313777
Dancehall Reggae TV,13742726563
LegitEliminator,13744139350
CS50,13745552136
New Trailer Buzz,13746964922
Klem Family,13748377709
Vincent Gao,13749790495
Jacob Colvin,13751203281
Way2go தமிழ்,13752616068
Bloop! Play,13754028854
vines squad,13755441640
Punch Newspapers,13756854426
Channels Television,13758267213
Shemaroo Telugu,13759679999
Blade HQ,13761092785
Simply Kel,13762505572
FastLaneDaily,subscriber_count
IOF - Hindi,13763918358
Kathryn Ann,13765331144
Love Island,13766743931
The Script,13768156717
PushedToInsanity,13769569503
The Dead South,13770982290
Indy Mogul,13772395076
Jelly Roll,13773807862
Sumit Patil,13775220649
Anwar Rasheed Entertainment Official,13776633435
DamnFam!,13778046221
Hmm!,13779459008
HD FL,13780871794
Jake Mitchell,13782284580
Top Shot Dustin ,13783697367
Tripwire,13785110153
MPG Music,subscriber_count
Sketch,13786522939
Rob Chapman,13787935726
TNT Sports Football,13789348512
Hanin Dhiya,13790761298
Best Sports HL,13792174085
MR. TITANIUM,13793586871
XEETECHCARE,13794999657
TRT World,13796412444
Megan's World,13797825230
Robin Seplut,13799238016
kirfin,13800650803
Wonder Quest,13802063589
Reza & Puja Khan,13803476375
WizzLearning,13804889161
VevoDSCVR,13806301948
Out of Focus,13807714734
FilmCore,subscriber_count
Jack and Jane,13809127520
The Hamilton Collection,13810540307
ONE FOR ISRAEL Ministry,13811953093
Hanala Sagal,13813365879
Washington Post,13814778666
Sivaangi Vlogs,13816191452
Styxhexenhammer666,13817604238
Mutual UFO Network (MUFON),13819017025
Friesian Horses,13820429811
RUTURAJ VFX,13821842597
Clash Apolon,13823255384
Little Lia,13824668170
GoArmy,13826080956
Giant Bully Pitbulls Rasit Kaplan,13827493743
Anish Giri,13828906529
Alex Angel,13830319315
Mary Cherry,subscriber_count
Desi Vibe,13831732102
New Vision Bd,13833144888
InShane Gaming,13834557674
MrLowlander,13835970461
Pask Makes,13837383247
Mazda USA,13838796033
Angle Music,13840208820
LayedBakDFR,13841621606
Chef Cat ChangAn ,13843034392
Shehbaaz khan ,13844447179
DIYlover,13845859965
FilmSpot Trailer,13847272751
Epic Compilation TV,13848685538
Loic Suberville,13850098324
Chloe Szep,13851511110
shotokankataman,13852923896
Dragoon,subscriber_count
David Pakman Show,13854336683
Ankur Narula Ministries,13855749469
bitbird,13857162255
YoursTruly VJ,13858575042
TechBuilder,13859987828
Lisi 4300,13861400614
Suhani Shah,13862813401
Claudius Vertesi,13864226187
JelloApocalypse,13865638973
True Root Records,13867051760
Dhruba TV,13868464546
DGN Driving,13869877332
koyation,13871290119
ChuChuTV Storytime for Kids,13872702905
Jack Payne,13874115691
Wils Pat,13875528478
EFlashApps,subscriber_count
mr-fix,13876941264
Stauffer Garage,13878354050
Oscar's Funny World,13879766837
Jay Swingler,13881179623
Stephen Curry,13882592409
JoJo Siwa,13884005196
Fiddy,13885417982
Sathya Jyothi Films,13886830768
Bros Of Decay,13888243555
Facebook,13889656341
ALEX HAYES,13891069127
Mr Frestea,13892481914
The Happos Family,13893894700
4 your kids,13895307486
Obayd Fox | عبيد فوكس,13896720273
TheProGamerJay,13898133059
CGTN,subscriber_count
Food Talkies,13899545845
FUNNY WORLD,13900958631
Top 10 Archive,13902371418
MrMEOLA,13903784204
SMii7Y,13905196990
Feekky TV,13906609777
Aj Greene,13908022563
Hyundai N Worldwide,13909435349
MJ5 Official,13910848136
Undecided with Matt Ferrell,13912260922
CarBuzz,13913673708
h3h3Productions,13915086495
9 News Australia,13916499281
Love Nature,13917912067
MattG124,13919324854
SFS Animation,13920737640
UCLA Athletics,subscriber_count
NothingButAmazing,13922150426
Hasan Minhaj,13923563213
Cornell Lab Bird Cams,13924975999
Cine Sansaar,13926388785
Wonderbot Animals,13927801572
IIHS,13929214358
TheYankeeMarshal,13930627144
inselvideo,13932039931
TIME,13933452717
Clay Kamilla,13934865503
DIY Kreativ,13936278290
Canon ANZ,13937691076
Funtastic Films,13939103862
Perun,13940516649
Odisha Reporter,13941929435
NickandCarrie,13943342221
ImKibitz,subscriber_count
Game Score Fanfare,13944755008
Telugu Filmnagar,13946167794
Lemon Craft,13947580580
The Detail Geek,13948993366
RoyalLife CZ,13950406153
TFLoffroad,13951818939
The Comments Section,13953231725
Hombale Films,13954644512
Resh,13956057298
AbisLifestyle,13957470084
Sci-Fi Central,13958882871
Doctor Mike Diamonds,13960295657
Growey,13961708443
Little Kuriboh,13963121230
Erica Griffin,13964534016
Gabe and Garrett Kids,13965946802
5-Minute Crafts HOUSE,subscriber_count
Your Discovery Science,13967359589
i-dle (아이들),13968772375
My name is Byf,13970185161
Electro Beats,13971597948
Skaymen Music,13973010734
MicBergsma,13974423520
CADE Media,13975836307
THE HANNIBAL TV,13977249093
PSV,13978661879
T-Series,13980074666
Mixer World,13981487452
cvdzijden - Supercar Videos,13982900238
tyler shelton,13984313025
NichLmao Gaming,13985725811
Srkcycles,13987138597
Anne Frank House,13988551384
Mishri Hindi HD Movies,subscriber_count
Disney UK,13989964170
Teacher's Tech,13991376956
HskyArt,13992789743
Dax,13994202529
PlayToys,13995615315
Advance Auto Parts,13997028101
CafCu Media,13998440888
Off The Ranch,13999853674
ESNEWS,14001266460
Village Show - Mix,14002679247
Islamic Solution,14004092033
Drumsy,14005504819
Insanegaz,14006917606
VOLTRON,14008330392
Journeyman Pictures,14009743178
Jeep,14011155965
Adam Something,subscriber_count
Paolo fromTOKYO,14012568751
shadab5star,14013981537
Kolanii,14015394324
Doctor Youn,14016807110
Simple Beauty Secrets,14018219896
LegalEagle,14019632683
SPOTLIGHT,14021045469
Webb Family Music,14022458255
Motherboard,14023871042
Krinkels,14025283828
Kleiner Pixel,14026696614
Dr Jiajia & BigBro's Show,14028109401
Morphle TV,14029522187
Babeez TV,14030934973
Intellipaat,14032347760
Hind Sagar,14033760546
Zeurel,subscriber_count
Explore Gadgets,14035173332
theScore esports,14036586119
ErikTheElectric,14037998905
Tyler Stalman,14039411691
Scenic Relaxation Film Music,14040824478
JABBAWOCKEEZ OFFICIAL,14042237264
Tyrodin,14043650050
Rangoli by jyoti Rathod,14045062836
Awesome TV,14046475623
RainbowToyTocToc,14047888409
Cleveland Metroparks Zoo,14049301195
Yuvraj K Videos ,14050713982
JEEZY,14052126768
Glarses,14053539554
Finger Family Songs,14054952341
KuchenTV,14056365127
Insane Prankster,subscriber_count
Gem Tunes Punjabi,14057777913
ACL – Australian Christian Lobby,14059190700
Auto Express,14060603486
How to ADHD,14062016272
BodyFit By Amy,14063429059
Bollywood Premium,14064841845
Eddsworld,14066254631
Blue Beat Bhojpuri,14067667418
ChillinIt420,14069080204
TC Rail,14070492990
Dankwheelie,14071905777
The Wall Street Journal,14073318563
Arlin Vlogger Tech,14074731349
Media Masters,14076144136
Newsfirst Sri Lanka,14077556922
Acura,14078969708
Booking.com,subscriber_count
Simran Sahni,14080382495
knobbelboy,14081795281
Maddock Films,14083208067
MOTIONHAUS,14084620854
Madani Channel,14086033640
Best Story TV,14087446426
Tekno Dimension,14088859213
brewstewfilms,14090271999
Moretoki,14091684785
GingerPale,14093097571
Sparkle Spice,14094510358
ncaoai47,14095923144
Visit The USA,14097335930
NVIDIA,14098748717
滾石唱片 ROCK RECORDS,14100161503
The World Adventures हिन्दी,14101574289
I am Maru.,subscriber_count
RZD,14102987076
Amosdoll Music,14104399862
Sapnap,14105812648
NikeWomen,14107225435
Williamson FC,14108638221
DrScrew,14110051007
chありじゃむ,14111463794
RoyalJordanian,14112876580
samuraiguitarist,14114289366
Sleep Easy Relax - Keith Smith,14115702153
Dhruva Aliman Music,14117114939
LsMeme,14118527725
DangerTV,14119940512
Kahlen Barry,14121353298
Nikki Lilly,14122766084
KADAK,14124178871
Topper Guild,subscriber_count
Baby Queen,14125591657
DEV and KIER,14127004443
CWE India,14128417230
Vhenyfire Animatics 🔥,14129830016
Brendan Kavanagh,14131242802
ECKOSOLDIER,14132655589
IndiaGlitz Tamil,14134068375
Cosmo,14135481161
Bamb Beats,14136893948
FarFromAverage,14138306734
danielharrison,14139719520
Boats vs Haulover,14141132306
TBAG [Epic Gaming],14142545093
Melody Time - Moonbug Kids Songs,14143957879
Grjngo - Western Movies,14145370665
[rescue911.eu] - worldwide emergency responses,14146783452
thymark,subscriber_count
Dom,14148196238
Saint,14149609024
রহস্যনূর,14151021811
Jonna Jinton,14152434597
DailyTrendz,14153847383
NTM Cinemas,14155260170
Woolly and Tig Official Channel,14156672956
Gunnar Deatherage,14158085742
bill wurtz,14159498529
채널 NCT DAILY,14160911315
Glitch,14162324101
Dan Patrick Show,14163736888
John Maclean,14165149674
Hard Recordzz,14166562460
Justin Timberlake,14167975247
Magizhchi Media,14169388033
Miss Matured,subscriber_count
UnstoppableLuck,14170800819
YAPTV,14172213606
Vlotour Japan,14173626392
FitnessBlender,14175039178
Problem Solved,14176451965
NOVA FM,14177864751
Olivia Jade,14179277537
The Donald Sings,14180690324
Christian Merck Grey,14182103110
ENHYPEN,14183515896
360Jeezy,14184928683
GT Hindi,14186341469
Bolly Action,14187754255
Oddly Satisfying Therapy,14189167041
Raina Mermaid,14190579828
Pihoozz,14191992614
Stokes Twins,subscriber_count
Red Arcade,14193405400
HZHtube Kids Fun,14194818187
Incognito Mode,14196230973
TheUnlockr,14197643759
First Toons,14199056546
inactive.,14200469332
musicTap,14201882118
Shawn Mendes,14203294905
Mr. Faisu,14204707691
WigoFellas,14206120477
veproject1,14207533264
furulevi,14208946050
Simply Nikki,14210358836
Waqas Pardesi,14211771623
Chonnyday,14213184409
Butters The Bean,14214597195
N&A productions,subscriber_count
Ozzy Man Reviews,14216009982
GRLVEVO,14217422768
Cadbury 5 Star India,14218835554
CommunityGame,14220248341
Birthday Candy Land Art,14221661127
Barvina Sport,14223073913
Jaspreet Singh,14224486700
Mini Ladd,14225899486
Joe Santagato,14227312272
Crowbcat,14228725059
8D TUNES,14230137845
AnimalWised,14231550631
Cartoon Network Australia,14232963418
Mrwhosetheboss Plus,14234376204
I'm Jonas,14235788990
ii music,14237201776
Workout Music Service,subscriber_count
Clash of clans - Godson,14238614563
Platinium,14240027349
Art for Kids Hub,14241440135
strafefox,14242852922
WildDogXD,14244265708
United White Flag,14245678494
Hornstromp Toon,14247091281
Sargis Ghazaryan,14248504067
Fun-Easy Crafts,14249916853
Fotty Seven,14251329640
Eddie Woo,14252742426
Horchata Soto,14254155212
Tokyosaurus,14255567999
Mariam Mokhtar Admrl-Gen (rebuildingmalaysia),14256980785
Ishtar Bhojpuri,14258393571
Epicurious,14259806358
MatMicMar,subscriber_count
Andrey Gusev,14261219144
CadillacArabia,14262631930
Film Riot,14264044717
KateReadsBooks,14265457503
Namee Park,14266870289
Wrestling WorldZ,14268283076
FightSmartTrav,14269695862
Infinity Live ,14271108648
SootHouse,14272521435
Peppa Videos,14273934221
ASMR Videos 4U,14275347007
Alexander Babu,14276759794
1-800-LOVE-U,14278172580
Peace of Mind TV,14279585366
Preity प्रेरणा,14280998153
Simon Super Rabbit [English],14282410939
abi talent,subscriber_count
Now You Know It,14283823725
Hizzer Edits,14285236511
Linor Oren - Online singing teacher,14286649298
IQ Quirks Giggles,14288062084
Titans Volleyball,14289474870
Madras Samayal,14290887657
AtheneWins,14292300443
John Heisz - I Build It,14293713229
YPD New World,14295126016
Calbel,14296538802
Dave Durham,14297951588
HumbleMechanic,14299364375
퇴경아 약먹자,14300777161
दमदार साउथ मूव्हीस,14302189947
JoBlo Movie Network,14303602734
Fab Rats,14305015520
Ultimate Revolt,subscriber_count
FRASH,14306428306
The Vibe Guide,14307841093
Animal Equality,14309253879
Box Yourself,14310666665
Shadiversity,14312079452
Cebu Pacific Air,14313492238
ToonFirst,14314905024
RobinThickeVEVO,14316317811
Cassidy McGill,14317730597
FaZe Sway,14319143383
Bob & Brad,14320556170
MehdinaTV,14321968956
YouFishTV,14323381742
FR. DOMINIC VALANMANAL OFFICIAL,14324794529
Jaltoid,14326207315
Super GT,14327620101
Navin Khambhala #crazyNK,subscriber_count
HouseOfAjebo,14329032888
Dillon,14330445674
TAFECorporate,14331858460
Shady Shae,14333271246
서은일상이야기,14334684033
Bazylland - Tractors & Excavators,14336096819
Strawberry Jam Toys,14337509605
The Baby Gang,14338922392
डिजिटल टीवी,14340335178
Fresonis,14341747964
Cameron Niemela,14343160751
FV Disco,14344573537
Disney Australia & New Zealand,14345986323
Totally Handy,14347399110
Mentour Now!,14348811896
Mantra Science,14350224682
We Wear Cute,subscriber_count
DSS Production The official,14351637469
NEGAS,14353050255
Billie Eilish,14354463041
Baddi Eddi,14355875828
Amyy Woahh,14357288614
Hindustan Gamer Loggy,14358701400
Friendly Space Ninja,14360114187
Girliyapa,14361526973
Iggy Azalea,14362939759
Senidah,14364352546
Attaché,14365765332
World Athletics,14367178118
Drawing World,14368590905
Studio100 KIDS,14370003691
Tubbo,14371416477
Shenpai,14372829264
Better Ideas,subscriber_count
NateGotKeys,14374242050
Steve Reviews,14375654836
ProfessorBiggy,14377067623
Smile 2 Jannah,14378480409
FilmIsNow Movies,14379893195
Jamilkucing TV,14381305981
Skid Kids,14382718768
Sathiyam News,14384131554
Science Day,14385544340
Vader's Fortress,14386957127
Easy German,14388369913
Adrian Chong,14389782699
CHVSE,14391195486
VISIT FLORIDA,14392608272
OLIDA  Vlogs and Vines,14394021058
AldosWorld TV,14395433845
Mad Artist Publishing CGI & Films,subscriber_count
Teeter Taught Animation - Learning Videos for Kids,14396846631
Verge Science,14398259417
DCD Odia,14399672204
urmila,14401084990
Magnus Midtbø,14402497776
Lunchbox,14403910563
EddieVR,14405323349
Blue Beat Studios,14406736135
Guitar Lessons Bobby Crispy   ,14408148922
Biographics,14409561708
POWERNATION,14410974494
Honor India,14412387281
US Digital,14413800067
Bionic,14415212853
Holo Taco,14416625640
Talis,14418038426
FrediSaalAnimations,subscriber_count
Maangchi,14419451212
Action Lab Shorts,14420863999
MB Music,14422276785
FeelTheBeat,14423689571
Chrysler,14425102358
MicklePickle,14426515144
BAPSChannel,14427927930
Cardi B,14429340716
Real Crime,14430753503
Rumble Viral,14432166289
Alfred Chan,14433579075
Nanasei Opoku-Sarkodie,14434991862
Simon's Cat,14436404648
Cool Worlds,14437817434
Big Truck Big RV,14439230221
amazon,14440643007
Andy's Fishing Wild Cook,subscriber_count
Feid,14442055793
Victor Losev,14443468580
BlobVanDam,14444881366
International Animal Rescue IAR,14446294152
Machines for Kids,14447706939
Shino Roblox,14449119725
Lt. Eddy Games,14450532511
Samsung Philippines,14451945298
TopThink,14453358084
Berd,14454770870
Don's Family Vacations,14456183657
AminOnPC,14457596443
Olivia Rodrigo,14459009229
Imaginative Guy,14460422016
Watch Punjabi,14461834802
Vrushabhadri Productions,14463247588
Dilpreet Dhillon,subscriber_count
growwithjo,14464660375
Zulushi,14466073161
Aviation Channel 2010,14467485947
Nexa Experience,14468898734
the chess nerd,14470311520
Natural Cures,14471724306
jana soss,14473137093
घमु Saran,14474549879
Rebecca Zamolo Too,14475962665
iTankid,14477375451
With Love Nagaraj Sangeetha,14478788238
Yoga with Kassandra,14480201024
BonusTank,14481613810
News18 Odia,14483026597
Shemaroo Bhakti Darshan,14484439383
TheDooo,14485852169
Kevduit,subscriber_count
Fortnite Focus,14487264956
GontaGantiHape,14488677742
Cong TV,14490090528
Max Tech,14491503315
Lit Creations,14492916101
Uyen Ninh,14494328887
NFrealmusic,14495741674
Hindi Clipz,14497154460
Relaxing Nature In 4K,14498567246
1 2 3 Create!,14499980033
optimum,14501392819
Audi,14502805605
ShotCut Cinema,14504218392
SaffronBarkerVlogs,14505631178
SweetoTOONS,14507043964
Anwar Jibawi,14508456751
CarsandCameras,subscriber_count
vpro documentary,14509869537
GirlsTToyZZ,14511282323
Olli43,14512695110
Amp World,14514107896
Gk Track,14515520682
Ligue 1 McDonald’s,14516933469
Jallow,14518346255
Screen Bites,14519759041
Lenarr Young,14521171828
drawholic,14522584614
Zachary Ryan,14523997400
Sub Zero Project,14525410186
Techupdate,14526822973
shuaib011,14528235759
KADR TV,14529648545
Cute Life Hacks,14531061332
FK Films,subscriber_count
Prof K Nageshwar,14532474118
Graser,14533886904
Samara Games,14535299691
Mark Apsolon,14536712477
Jeffrey Bui,14538125263
TheAtlanticCraft,14539538050
Startup Division,14540950836
Hope Media Network - ECD,14542363622
Magical Gamer,14543776409
Original Skateboards,14545189195
Abhishek Upmanyu,14546601981
Flicks And The City,14548014768
BLACKHAND,14549427554
Syed Shah,14550840340
Jaume Soler Movies,14552253127
MoisKeller,14553665913
Wowhobbs,subscriber_count
MERO,14555078699
Robin Lewis Makes,14556491486
Telugu techworld,14557904272
Score 90,14559317058
Gagan Nirman,14560729845
"BabyFirst Learn Colors, ABCs, Rhymes & More",14562142631
RelianceEntertainment,14563555417
ZONEofTECH,14564968204
Mahathalli,14566380990
The Legend of Maula Jatt Official Channel,14567793776
Alex Clark,14569206563
Sothanaigal,14570619349
Hang Meas HDTV,14572032135
Shan Ali TV,14573444921
A Disney World After All,14574857708
멜봉 네덜란드 MelBong,14576270494
Andrew Baena,subscriber_count
Aaj Tak HD,14577683280
Himesh Reshammiya Melodies,14579096067
Jennifer Terri,14580508853
THE NEXT STEP,14581921639
Sidhu & Shreya,14583334426
UV Creations,14584747212
Jorge Masvidal,14586159998
Play DMF,14587572785
Desh TV News,14588985571
Think SSC,14590398357
Jesse,14591811144
Danny Casale,14593223930
Steve Wallis Step 2,14594636716
WE tv,14596049503
NTV Bangla Movie,14597462289
IR GAMES,14598875075
Adele,subscriber_count
CBS Mornings,14600287862
TheCGBros,14601700648
Baby Shark - Pinkfong Kids’ Songs & Stories,14603113434
Rogue Fitness,14604526221
iGyaan,14605939007
Bethel,14607351793
SciManDan,14608764580
Aaron Fraser-Nash,14610177366
Taarak Mehta Ka Ooltah Chashmah Episodes,14611590152
Pokémon Asia Official (Hindi),14613002939
Toon Tv English - Nursery rhymes & Baby Songs,14614415725
SBSKPOP X INKIGAYO,14615828511
SimpleNailArtDesigns,14617241298
Opera,14618654084
Whitney Avalon,14620066870
Sarah Silverman,14621479656
blanc,subscriber_count
Christina Aguilera,14622892443
Flatlife,14624305229
REVEALING EYES,14625718015
Black Opal Direct,14627130802
Nutshell Animations,14628543588
Sandaisy,14629956374
Techno Craz,14631369161
Chanzes,14632781947
bhukkad dilli ke,14634194733
Hungry Foods,14635607520
Dove TV,14637020306
R3HAB,14638433092
Mahar,14639845879
FRIENDS WITH MONEY,14641258665
Ganesh Raghav,14642671451
VEM COM OZEIAS NA CONSTRUÇÃO,14644084238
Life Hacks & Experiments,subscriber_count
Tan Dulce by Grisel,14645497024
Sam's Fitness - Gym Equipment,14646909810
Legacy,14648322597
Lance Stewart,14649735383
Eastwood Company,14651148169
Funny Angulia,14652560956
The Rush Fam,14653973742
Tingman,14655386528
Red,14656799315
Home Built By Jeff,14658212101
HoomanTV,14659624887
Namma Bhoomi Namma Samy,14661037674
Austin Mahone,14662450460
LandRoverMENA,14663863246
Wouter Corduwener,14665276033
Funda Curry,14666688819
Vijay Ideas,subscriber_count
NeverNotFlying by Sieto,14668101605
トックリ00 物語　~ by Kiyo ~,14669514391
Tell It Animated,14670927178
The New Africa Channel,14672339964
Gina Shkeda,14673752750
Lisa Nguyen,14675165537
Ben Simmons,14676578323
Toy Tastic,14677991109
Live Hindi,14679403896
FriendlyMachine,14680816682
The Plain Bagel,14682229468
REWA Technology,14683642255
OGENE,14685055041
BacKoFFmyJanKz,14686467827
ItsYeBoi,14687880614
GioFilms,14689293400
Lil Nas X,subscriber_count
Mystics of India,14690706186
EYE Vision,14692118973
Dream Team House Music,14693531759
elephantnews,14694944545
Cordylobia Anthropophaga,14696357332
Bazzi,14697770118
Les Do Makeup,14699182904
History of the Universe,14700595691
chessbrah,14702008477
BradDoesBanter,14703421263
Mister Hamster,14704834050
Lomby Shorts,14706246836
Song of Solomon Ministries,14707659622
Jordan Boostmaster,14709072409
Arjyou,14710485195
Jeny_Punker,14711897981
The Studio,subscriber_count
Sargis Abrahamyan,14713310768
Ronald Kurzawa,14714723554
Variety Media,14716136340
Kyoot,14717549126
Audun Ommedal,14718961913
Unisport,14720374699
Irfan Malik,14721787485
60 Minutes,14723200272
The Kids' Picture Show,14724613058
Brooks,14726025844
Let's Crack UPSC CSE,14727438631
FRED,14728851417
Moonbug Kids - Sing Along With Me!,14730264203
Mark Felton Productions,14731676990
Daryusuke,14733089776
MinuteVideos,14734502562
tonesterpaints,subscriber_count
Kia India,14735915349
Dr. Josh Axe,14737328135
Paw Paw Kids Song,14738740921
Minecraft Iron,14740153708
Elle Mills,14741566494
dodgerfilms,14742979280
Mr. Ax : The BackBencher Experiment,14744392067
UnknownWW2InColor,14745804853
Adam Mage,14747217639
Average Indian,14748630426
Kasodus,14750043212
Ruby Golani,14751455998
S R hack,14752868785
Tech Timmers,14754281571
Discover Lexus,14755694357
Мирошка ТВ,14757107144
Sidharth TV,subscriber_count
Random Hands,14758519930
Mango TV Shows Tamil,14759932716
Peaceful Cuisine,14761345503
Flexiny,14762758289
Kasey The Golden,14764171075
Film Learnin,14765583861
NBA Insider,14766996648
UNSW,14768409434
Mango Videos,14769822220
iSportZone,14771235007
Ovela,14772647793
iSur Studios,14774060579
Jess Bunty,14775473366
Zay Hilfiger,14776886152
Emzotic,14778298938
Macaque News,14779711725
Jordan Kilganon,subscriber_count
Reckless Comedy,14781124511
Sean Hogan,14782537297
Spiritual Mantra,14783950084
Filmy Facts News,14785362870
Naisa Alifia Yuriza (N.A.Y),14786775656
Sky Sports F1,14788188443
CoComelon JJ's Animal Time - Nursery Rhymes,14789601229
Absolute Motivation,14791014015
Mr Bean World,14792426802
mr growth,14793839588
TheMusicHour,14795252374
ARN MUSIC,14796665161
Aghori Max,14798077947
Jessica Kellgren-Fozard,14799490733
Billy Bricks - WildBrain,14800903520
KidsOne Hindi,14802316306
Spill,subscriber_count
NintendoBlackCrisis,14803729092
Mahaa News,14805141879
The New Travel,14806554665
AntsCanada,14807967451
Zee Cinema,14809380238
Vikinger,14810793024
The Redmen TV,14812205810
Sanjib Parajuli,14813618596
Joe Albanese,14815031383
Zee Keralam,14816444169
Jaya Plus,14817856955
EEVblog2,14819269742
GameRiot,14820682528
The Rock Room,14822095314
TechBurner Shorts,14823508101
GRRRLTRAVELER | Christine Kaaloa,14824920887
Moviebox Record Label,subscriber_count
ProjectClarity,14826333673
Dolan Twins,14827746460
Funny Ki Vines,14829159246
Florida Georgia Line,14830572032
Peppa Pig and Friends,14831984819
Gaither Music TV,14833397605
Glen And Friends Cooking,14834810391
Taylor Shawn,14836223178
Priyanka Jazmin,14837635964
Scammer Payback,14839048750
Hosico Cat,14840461537
24 News BD,14841874323
Mr Hanan,14843287109
Guru Mann Fitness,14844699896
Patry Jordan English,14846112682
Ron Wright,14847525468
Ryans Stuff,subscriber_count
CBS Sports,14848938255
The Post Apocalyptic Inventor,14850351041
DJ Marcus,14851763827
Matthew Encina,14853176614
Kyous,14854589400
Cute Life,14856002186
Creventic Motorsports TV,14857414973
Take Part,14858827759
YG,14860240545
2nacheki,14861653331
Crypto NWO,14863066118
Japanese Food Craftsman,14864478904
MARIANO DI VAIO,14865891690
Men and Motors,14867304477
Shane Nagy,14868717263
ClevverTV,14870130049
MizzimaTV,subscriber_count
Totally Spies!,14871542836
Dan-O’s Seasoning,14872955622
Black Hole Recordings,14874368408
O.T. Genasis,14875781195
Applied Science,14877193981
EEVblog,14878606767
MarioNevJr,14880019554
B. Dylan Hollis,14881432340
channel48,14882845126
EatMyClick,14884257913
BloodhoundGangVEVO,14885670699
Ali As,14887083485
Cherdleys,14888496272
Kurt Haas,14889909058
GOAL,14891321844
Samination,14892734631
Ayra Starr,subscriber_count
Birdbox Studio,14894147417
PinkSheep,14895560203
Life To Love,14896972990
"SaraBeautyCorner - DIY, Comedy, Makeup, Nail Art",14898385776
Bible Illustrated,14899798562
The Alternative Hypothesis,14901211349
RockCityVEVO,14902624135
FIKRA DECOR,14904036921
RealHit,14905449708
Garden Answer,14906862494
Mariah Carey,14908275280
TheCrazyGorilla,14909688066
Oneindia News,14911100853
Dota Watafak,14912513639
Generation Challenge,14913926425
Anabolic Beatz,14915339212
X10sive shorts,subscriber_count
Aust,14916751998
Carter Kench,14918164784
This Old Tony,14919577571
CBS New York,14920990357
Anthony Sommer,14922403143
"마님파이브 Manim Five Co.,Ltd.",14923815930
ezY,14925228716
ToyFamily,14926641502
Jaz Hand,14928054289
Chhama Tiwari ,14929467075
SciShow,14930879861
AussieAntics,14932292648
Jannat Zubair Rahmani,14933705434
Lil Lano,14935118220
Sailing SV Delos,14936531007
Womens Workout Channel,14937943793
The19Tommy85,subscriber_count
KLT Anatomy,14939356579
KRIK KRIK,14940769366
Sailing La Vagabonde,14942182152
Andrew Wrangell Music,14943594938
Chintu Toons,14945007725
iPanda,14946420511
Wilde Westen,14947833297
UrAvgConsumer,14949246084
benjyfishy,14950658870
Mocha,14952071656
Laura Lee,14953484443
Raj Grover,14954897229
AD ITRENDING,14956310015
Oneindia Tamil,14957722801
Bloomberg Television,14959135588
The Mystica Land,14960548374
diyafavas_official,subscriber_count
Gates Foundation,14961961160
Science and fun,14963373947
Zack D. Films,14964786733
Gaadiwaadi.com,14966199519
Element Animation 2,14967612306
Whistle,14969025092
Michael Rizzi,14970437878
Bollywood Samachar,14971850665
MONEY TALKS WIRELESS,14973263451
Gearmark.TV,14974676237
Crazy Cody's Creatures,14976089024
Evolve,14977501810
Spacebound,14978914596
Shut Up & Sit Down,14980327383
BeastBoyShub,14981740169
Rich Piana,14983152955
Videogyan Shows - Cartoon Animation For Kids,subscriber_count
NitPix,14984565742
Realistic Craft,14985978528
KCAL News,14987391314
ArcadeGaming,14988804101
GMD GAMES,14990216887
VK News,14991629673
PUMA,14993042460
The Gabbie Show,14994455246
Zeltik,14995868032
Pyrobot,14997280819
Sarah Sarosh,14998693605
Bestintheworld,15000106391
KamuiCosplay,15001519178
Meshwa Films,15002931964
Paul's Hardware,15004344750
RÜFÜS DU SOL,15005757536
Kiran Family Official,subscriber_count
Apron,15007170323
ChuChuTV Bangla,15008583109
Shravan Kotha,15009995895
Jay Sea,15011408682
Asmongold TV  ,15012821468
Vodafone Qatar,15014234254
Upworthy,15015647041
Michelle Dy,15017059827
Minidisco | Kids Songs,15018472613
Black Beard Projects,15019885400
Rugby World Cup,15021298186
CandyEvie,15022710972
iFutGol,15024123759
Hobbie Stuart,15025536545
Nothing,15026949331
Shudh Desi Gaane,15028362118
The Inspired Unemployed,subscriber_count
Tails And Sonic Pals,15029774904
Ellie Watson,15031187690
BlueJay,15032600477
KBS 트래블-걸어서 세계속으로,15034013263
Sony Electronics Asia Pacific,15035426049
I Love Islam - أحب الإسلام,15036838836
Dodo Kids,15038251622
Autoportal,15039664408
Sick Puppy 4x4 Adventures,15041077195
Casey Aonso,15042489981
YouTube Social Impact,15043902767
Company Man,15045315554
IND News,15046728340
EDM City,15048141126
Art Space,15049553913
Domino Girl,15050966699
SwaySounnds,subscriber_count
easy rangoli,15052379485
MitchellReactsVlogs,15053792271
Tools In Action,15055205058
Shararti Billa,15056617844
Jessica Vu,15058030630
Kahani Har Ghar Ki by Kidlogics,15059443417
Ken Ham,15060856203
Looper,15062268989
Chaotic,15063681776
ilysm Nails,15065094562
OFF The NEWS,15066507348
BabiezTV Funny,15067920135
Epic Machines,15069332921
PigPong,15070745707
life + lyrics,15072158494
Jason Stephenson - Guided Sleep Meditation ,15073571280
mlpstopmotion,subscriber_count
Abipop,15074984066
Adam Saleh,15076396853
Wissam Seif,15077809639
BikeRadar,15079222425
Mango Telugu Cinema,15080635212
TheSportsEntertainer,15082047998
Dodoeu,15083460784
Wristwatch Revival,15084873571
Patricia Bright,15086286357
Mercedes-AMG,15087699143
emgo316,15089111930
Nicole Tv,15090524716
Anishka Khantwaal,15091937502
Wow Kidz Bangla,15093350289
HIGH OCTANE FILMS,15094763075
Hakim,15096175861
Aussie Four Wheelers,subscriber_count
Munnik TV,15097588648
MassageASMR,15099001434
apandah,15100414220
Jayden Rodrigues,15101827006
Live Smarter,15103239793
Family Gaming SHORTS,15104652579
필리핀 한량 hanRyang,15106065365
Aditya Music PLAYBACK,15107478152
Dansky,15108890938
DMAXRYNO,15110303724
TDC,15111716511
The Irrepressibles,15113129297
JONATHAN GAMING,15114542083
Vicinity360,15115954870
Smequle,15117367656
Mike + The Mechanics,15118780442
TeaTime,subscriber_count
Leopard Gecko,15120193229
London Grammar,15121606015
Bailey Spinn,15123018801
Get Handles Basketball,15124431588
Upshall,15125844374
P Money,15127257160
WallEast,15128669947
Katie Souza,15130082733
HipHopDX,15131495519
Aamchi Mumbai,15132908306
Calum Scott,15134321092
LouBegaVEVO,15135733878
LOL Network,15137146665
ESPN UK,15138559451
KLM Royal Dutch Airlines,15139972237
Elite Dolls,15141385024
Retro Ryno,subscriber_count
Kawaii Kunicorn,15142797810
Flowers TV,15144210596
Solaroo,15145623383
Do It With Dan,15147036169
Prabhubhakti Astro,15148448955
CreekValleyCritters,15149861741
Tech Master Shorts,15151274528
Venus Angelic Official,15152687314
Doobydobap,15154100100
ReNo9Prod,15155512887
JohnFMTV,15156925673
Bollywood Chronicle,15158338459
SC Reviews,15159751246
Wanderers Live,15161164032
Video Palace,15162576818
Rajat chauhan,15163989605
Key Glock,subscriber_count
Warthog Defense,15165402391
SteveAATW,15166815177
Mahendras : Online Videos For Govt. Exams,15168227964
Mercedes-Benz,15169640750
WestJet,15171053536
Balchhi Dhurbe,15172466323
Pro:Direct Soccer,15173879109
flashdeckanims,15175291895
Viva La Dirt League,15176704682
KickThePj,15178117468
SMii7Yplus,15179530254
CrazyRussianHacker,15180943041
Expleened (Storymode),15182355827
Vismai Food,15183768613
mau,15185181400
Weylie Hoang,15186594186
Sports Central by DRM,subscriber_count
Tove Lo,15188006972
American Heart Association,15189419759
Central Bass Boost,15190832545
sichenmakeupholic,15192245331
Hodge Twins,15193658118
SkillTwins,15195070904
the SUV geek,15196483690
sunday,15197896476
SKITSFUL,15199309263
Football ,15200722049
KMoments,15202134835
Great Gatsby the Corgi,15203547622
ITzDecort,15204960408
Thomas Frank,15206373194
Colgate India,15207785981
Michael Bublé,15209198767
Blake Heal,subscriber_count
ExplodingTNT,15210611553
Everything TV,15212024340
Jaaz Multimedia,15213437126
LIV Music,15214849912
simple rangoli,15216262699
shaperka,15217675485
Majically News,15219088271
itsRucka,15220501058
LowkoTV,15221913844
ModernMom,15223326630
ICOEPR Productions,15224739417
The Stig,15226152203
Kong Pham,15227564989
Relaxing Soundzzz,15228977776
Eenakshi Entertainment,15230390562
Casually Explained,15231803348
DIY Queen,subscriber_count
DNpro,15233216135
Tennis TV,15234628921
Jordan Sweeto,15236041707
Chevy Dude Shorts,15237454494
More,15238867280
Marc Gebauer,15240280066
Pink Pantsu,15241692853
Cute Animals,15243105639
ABDI ASKARI TUBE,15244518425
Madelaine Petsch,15245931211
my mechanics,15247343998
NHL on ESPN,15248756784
TNT Sports,15250169570
Celina Sharma,15251582357
RoomieOfficial,15252995143
PHP,15254407929
Land Rover,subscriber_count
CarryisLive,15255820716
TheLoLHounds,15257233502
Talk Islam,15258646288
Jhankar Music,15260059075
GoldenApple | Minecraft Animations,15261471861
Meghan Trainor,15262884647
NGWorld,15264297434
Motivation Madness,15265710220
Majorkill,15267123006
Modern Builds,15268535793
Dixie Dirt Draggers,15269948579
iKON,15271361365
Huff Paranormal,15272774152
Awesome Earthmovers,15274186938
G Series Bangla Natok,15275599724
Wendy Williams Show,15277012511
Shirrako,subscriber_count
CDA FLIX,15278425297
GTChannel,15279838083
Prashant Yadav ,15281250870
Things Craft,15282663656
OfficialCasperTNG,15284076442
Quackity,15285489229
Smart Trucking,15286902015
StarEevee,15288314801
FACT BOY,15289727588
Warhammer,15291140374
Adobe Lightroom,15292553160
TheHectorino,15293965946
Sun News,15295378733
Painful,15296791519
Spanky Cinema,15298204305
Syed Faqeer Haider,15299617092
Paani Foundation,subscriber_count
Earthling Ed,15301029878
PostmodernJukebox,15302442664
Scientific Minds,15303855451
Flicks And The City Clips,15305268237
TSN,15306681023
Kibitz and the Captain,15308093810
suckerpinch,15309506596
gbin21,15310919382
Sculpture_Geek,15312332169
Wanderers Hub,15313744955
DAZN Boxing,15315157741
WTF1,15316570528
News18 MP Chhattisgarh,15317983314
Manaweblife,15319396100
NBC News,15320808887
Raleigh Link,15322221673
Yoduvh Essentials,subscriber_count
West Coast Customs,15323634459
Jesy Nelson,15325047246
meade916,15326460032
Grace For Purpose Prayers,15327872818
Panzer Picture,15329285605
AlanBeckerTutorials,15330698391
Saam TV News,15332111177
xisumavoid,15333523964
Live To Worship,15334936750
Patterrz,15336349536
Toy Baby,15337762323
GAME OF MEMES 🐸,15339175109
SM Sadiq Studio,15340587895
NewKew,15342000681
olegcricket,15343413468
The Shows Must Go On!,15344826254
ExplainingComputers,subscriber_count
kudvenkat,15346239040
Danielle Thé,15347651827
Gam1ngNinja,15349064613
Bjørn Nyland,15350477399
Fabrizio Romano,15351890186
Girls On Top,15353302972
KIDS Z FUN,15354715758
Reigning Phoenix Music,15356128545
Donnalyn,15357541331
ChibiMangoxoxo,15358954117
Gecko's Garage - Trucks For Children,15360366904
PhoneArena,15361779690
Blusher,15363192476
Strength Arena,15364605263
Primos Da Roleta,15366018049
Get Germanized,15367430835
TestDriven,subscriber_count
Nameless Shorts,15368843622
Bing - Official Channel,15370256408
getfitbyivana,15371669194
forrestfire101,15373081981
The Rock,15374494767
For Kids TV,15375907553
Westie,15377320340
House Nation,15378733126
MoveOn,15380145912
iDubbbzTV2,15381558699
Kay,15382971485
REGGAEDUBSCENE- Reggae/Dancehall /ska Music History,15384384271
NCT,15385797058
Jon Rettinger,15387209844
Cookies Inspiration,15388622630
Asade Channel,15390035416
Tfue,subscriber_count
vagabrothers,15391448203
Future - Topic,15392860989
Make-A-Wish America,15394273775
Legasus,15395686562
Oasis,15397099348
LoliRock,15398512134
LuxuryPranks,15399924921
Binging with Babish,15401337707
AKTK,15402750493
MiniminterExtra,15404163280
"Eri-TV, Eritrea (Official)",15405576066
Catfish and Carp,15406988852
Meem Islamic,15408401639
Health & Beauty Tips With Nisha,15409814425
DC Kids International,15411227211
Tall Guy Car Reviews ,15412639998
Filmy Chaskaa,subscriber_count
Fish Hunting Fishing,15414052784
Danica DeCosto,15415465570
thejuicemedia,15416878357
Harshdeep Ahuja,15418291143
High Pressure Aviation Films,15419703929
Landon,15421116716
Tom Rosenthal,15422529502
PJ Harvey,15423942288
simply rhaze,15425355075
Amrit Maan,15426767861
Sur Music World,15428180647
ACLU,15429593434
Anim8 Games,15431006220
Ctop,15432419006
ATIF FC,15433831793
McYum,15435244579
Caillou - WildBrain,subscriber_count
Philips,15436657365
Relaxing White Noise,15438070151
USA Military Channel,15439482938
TheMoshayaFamily,15440895724
Britney Spears,15442308510
Redacted,15443721297
KittyPlays,15445134083
Modern Muscle,15446546869
Filmy Duniya,15447959656
BhavaniHD Movies,15449372442
BarsAndMelodyVEVO,15450785228
rob,15452198015
faydeetv,15453610801
VarsityGaming,15455023587
Strictly Dumpling,15456436374
Windies Cricket,15457849160
GameXplain,subscriber_count
DMsX LosTops,15459261946
PLAZA,15460674733
Noah & Lincoln,15462087519
Bala Kirthi,15463500305
travelfilmarchive,15464913092
Memefarm Rights Management,15466325878
VGS - Video Game Sophistry,15467738664
7NEWS Australia,15469151451
condsty,15470564237
Audio Library,15471977023
Luna,15473389810
ItsMyRayeRaye,15474802596
NunReacts,15476215382
Marvel Studios Movies,15477628169
NAMASTE PLUS,15479040955
Lvcas Dope,15480453741
Meditation & Relaxation - Music channel,subscriber_count
Gorgeous Movies,15481866528
OpTic Pamaj,15483279314
Frimizen,15484692100
Tanzeel Khan,15486104886
EthioMod,15487517673
Bangkok 112,15488930459
Jooj Natu ENG,15490343245
Self Sufficient Me,15491756032
Gerald Undone,15493168818
Kavra Backup,15494581604
Project Atticus | Our DIY Homestead,15495994391
Dasha,15497407177
Popcornflix,15498819963
Denk0,15500232750
TZ Hindi,15501645536
NAVVEVO,15503058322
Baby Animals World,subscriber_count
Moonbug Kids - Kids Learning Videos,15504471109
Kyle Istook,15505883895
Wonder Of Stories,15507296681
Crafter Aditi,15508709468
Exploring Abandoned Mines and Unusual Places,15510122254
Senza Tempo Cane Corso,15511535040
Brat TV,15512947827
TheTrends Animated,15514360613
KATJA KRASAVICE MUSIC,15515773399
Chirayu Payal Malik ,15517186186
Llama Arts,15518598972
Phantaboulous,15520011758
Void Gamer,15521424545
Mistry MakeTool,15522837331
EmKay,15524250117
Tamil Tech Central,15525662904
JustsisTV,subscriber_count
Indie Folk Central,15527075690
Somewhat Awesome Games,15528488476
Major League Soccer,15529901263
sixtyfiveford,15531314049
Jay Kapoor,15532726835
Archie Hamilton Racing,15534139621
CalebCity,15535552408
Dane Boe,15536965194
Graham Stephan,15538377980
Zanar Aesthetics,15539790767
The Fun Squad,15541203553
Lance Thirtyacre,15542616339
Allen Pan,15544029126
NTV Kenya,15545441912
Kara and Nate,15546854698
Mykoreandic,15548267485
LitCrypto,subscriber_count
The Endless Adventure,15549680271
Morphle’s Magic Universe - Kids Cartoon,15551093057
Malayali Vartha,15552505844
Something Witty Entertainment,15553918630
8 Miles from Home,15555331416
VIDEOHOLIC,15556744203
Cool Food,15558156989
Tech of Tomorrow,15559569775
Seen Through Glass,15560982562
DragCarTV,15562395348
MMA WORLD,15563808134
Chris Bumstead,15565220921
Shaan Geo,15566633707
SeaNanners Gaming Channel,15568046493
Super Siah,15569459280
DD News,15570872066
4WD Supacentre,subscriber_count
AsianCrush,15572284852
DRIVETRIBE,15573697639
Benatar,15575110425
Pakistani truck,15576523211
BR Bhai,15577935998
Fun Place,15579348784
Mighty Noob,15580761570
NorthGaming,15582174356
muchelleb,15583587143
Shree Krishna International,15584999929
MobileTechReview,15586412715
AllAttack,15587825502
Muslim Community Radio,15589238288
Aba N Preach,15590651074
seeVi la,15592063861
Mad Stuff With Rob,15593476647
The Kazz Show,subscriber_count
Little Ruby Rue,15594889433
Jazza's Vlog,15596302220
TECH-iELA Shorts,15597715006
Samsung Pakistan,15599127792
Car and Driver,15600540579
IFRC,15601953365
Broken Window Theory,15603366151
"Amelia, Avelina & Akim",15604778938
EwE - Experiment Test,15606191724
JentPlays,15607604510
LTT Game Nerf Guns,15609017297
EileMonty,15610430083
Groove Records,15611842869
RiChannel,15613255656
Trap Crew,15614668442
OnePath Network,15616081228
SalmanXavier,subscriber_count
ABC News (Australia),15617494015
Asvi Malayalam,15618906801
Anesti Danelis,15620319587
Scotty Kilmer,15621732374
DutchPilotGirl,15623145160
FunnyMike Live,15624557946
Billy X,15625970733
AJTHEBOLD,15627383519
Redline Reviews,15628796305
MARWEN NORDO,15630209091
myLPSpetworld,15631621878
Polly Pocket,15633034664
Artist Shikha Sharma,15634447450
JaySeanVEVO,15635860237
Tamil Teazle,15637273023
Thunderwatch,15638685809
Jazza,subscriber_count
AstroSam,15640098596
DJ DISCRETION,15641511382
CobraEmergency,15642924168
ISRO Official,15644336955
CranesEtcTV,15645749741
2B Gamer,15647162527
nbaworthy,15648575314
Outside Xtra,15649988100
Goodwood Road & Racing,15651400886
Biography,15652813673
Creator Maali,15654226459
Cole and Marmalade,15655639245
Jesse Heffels,15657052032
Koo Koo TV Bengali,15658464818
Ayesha's Kitchen,15659877604
Neo News,15661290391
Guldies,subscriber_count
MovieGasm‍․com,15662703177
Rotten Tomatoes Indie,15664115963
undercoverdudes,15665528750
OfficialPradeepChapagain,15666941536
The Office,15668354322
BushraAnsariOfficial,15669767109
JackieMT,15671179895
BLive Music,15672592681
The Style Theorists,15674005468
Andy Elliott Craft & Creations,15675418254
20 Music,15676831040
Nursery Rhymes for Babies - Moonbug Kids,15678243826
Saregama Telugu,15679656613
The Boys,15681069399
Nat and Essie,15682482185
DAZN Canada,15683894972
RnB Singing Lessons - Rached Hayek,subscriber_count
Who Your Best,15685307758
Sky Does Everything,15686720544
serv1ce,15688133331
The Project,15689546117
Photonicinduction,15690958903
ToyTocToc,15692371690
PINAY USA ,15693784476
BoostLust,15695197262
KHDfootball,15696610049
Tony Crynight,15698022835
Royal Music,15699435621
Tech YES City,15700848408
Ronnie7M,15702261194
ZAZABoo TV,15703673980
Gudu 005,15705086767
SunrisersIPL,15706499553
LTT Nerf War,subscriber_count
MotoJitsu®,15707912339
ASUS,15709325126
Mahjabeen Ali,15710737912
ZhasniMotivation,15712150698
Lara Of Bosnia Save Our Planet,15713563485
GoogleDoodles,15714976271
NEVER TOO SMALL,15716389057
Daddy Rimbaud,15717801844
Brianna Renee,15719214630
Village Vihari,15720627416
Zaika Dilli 6,15722040203
Karate Kid & Cobra Kai,15723452989
Fight Hub TV,15724865775
Aashqeen,15726278561
FFUNTV,15727691348
VOA Learning English,15729104134
Arnie Negrete,subscriber_count
Real Mechanic Stuff,15730516920
Celcom Berhad,15731929707
SilentoVEVO,15733342493
AstroBackyard,15734755279
Linda Raynier,15736168066
Jason Aldean,15737580852
TechRadar,15738993638
TRACKS - Travel Documentaries,15740406425
Justt Ally,15741819211
That's why MMA!,15743231997
Just Planes,15744644784
Kilian Bron,15746057570
ESC Baig,15747470356
juicystar07,15748883143
THE BOAT SHOW,15750295929
IDLEGLANCE,15751708715
Bebexo,subscriber_count
Mark Knopfler,15753121502
Julie Prophetic,15754534288
Xefox Music,15755947074
E- Spot Light,15757359861
Soliloquy,15758772647
Shemaroo Filmi Gaane,15760185433
johnlennon,15761598220
Domo Wilson Music,15763011006
Hamish & Andy,15764423792
SalmoN TheBrownFish,15765836579
Кладовая Бэкста,15767249365
Arun Panwar,15768662151
Late Night with Seth Meyers,15770074938
Extreme Trends,15771487724
DoubleClickDota2,15772900510
Import Race,15774313296
Fainted,subscriber_count
Techno Ruhez,15775726083
Gurunathaa,15777138869
Great Queens and Kings Family ,15778551655
CarsGuide,15779964442
noelle,15781377228
JunsKitchen,15782790014
Where's Chicky? - Cartoon in English,15784202801
TopMovieClips,15785615587
FunFun Toy Doll TV,15787028373
VTV Gujarati News and Beyond,15788441160
Adam Petroff,15789853946
FunnyMike,15791266732
Earth 24,15792679519
Genius Production,15794092305
Lex Clips,15795505091
BBlocks,15796917878
Bars and Melody OFFICIAL,subscriber_count
Sports Illustrated Swimsuit,15798330664
Jared Owen,15799743450
Craftdan,15801156237
Cricket SuperFans,15802569023
DJ ICE Dancesport Music,15803981809
BCpov,15805394596
BTS - Topic,15806807382
The Engineering Mindset,15808220168
Zee Marathi,15809632955
Zama Voice,15811045741
Ty Moss,15812458527
KITSCHKRIEG,15813871314
Maaya Films,15815284100
BEME News,15816696886
Cine Digiplex,15818109673
AlternateHistoryHub,15819522459
Dhruv Rathee Vlogs,subscriber_count
Timestorm Films,15820935245
Overtime SZN,15822348031
Right Side Broadcasting Network,15823760818
Kaleidow,15825173604
IAMCHINOVEVO,15826586390
Wolfoo - Educational Videos Shorts ,15827999177
TechRax,15829411963
CBC Kids,15830824749
Meme mentom,15832237536
Lolweapon,15833650322
Cars.co.za,15835063108
Dice Media,15836475895
Official Deep Kaur Shorts,15837888681
Queenwonyoung,15839301467
Timmy White,15840714254
BestInSlot,15842127040
Sernando,subscriber_count
Joel Creates,15843539826
Roxy Boxy Channel,15844952613
Oxidize,15846365399
Joy Joy World,15847778185
Chante,15849190972
Boom Slime,15850603758
Sapphiamur,15852016544
ZEE5,15853429331
The Grumps,15854842117
Elgin,15856254903
Loup Solitaire,15857667690
Brox Shorts,15859080476
redminus,15860493262
Formula,15861906049
Scrumdiddlyumptious,15863318835
TIFF Originals,15864731621
Subby,subscriber_count
RS 1313 LIVE,15866144408
UNCOVER STORY ,15867557194
Insider Tech,15868969980
Ian Boggs,15870382766
Indonesian Idol,15871795553
Pakilinks News,15873208339
Justin Bieber - Topic,15874621125
Turn Music,15876033912
SS Music,15877446698
Yeah Jaron,15878859484
Anurag Dwivedi,15880272271
FamousVideo,15881685057
Empire Of The Sun,15883097843
Yrrah,15884510630
Tom and Mimi,15885923416
Aww Animals,15887336202
Reveil TV SAT,subscriber_count
sbrebrown,15888748989
피식대학Psick Univ,15890161775
Tobuscus,15891574561
মায়াজাল,15892987348
Haggard Garage,15894400134
MR. INDIAN HACKER Vlogs,15895812920
Rachel Ballinger,15897225707
Pazjor,15898638493
Tricky Maths Education Adda,15900051279
Ciara,15901464066
One Voice Children's Choir,15902876852
Wild Journey,15904289638
Little Z,15905702425
Fantasy Football,15907115211
Mescia Twins,15908527997
DRJ Records Play,15909940784
Allana Davison,subscriber_count
Anonymous Official,15911353570
Vikkstar123HD,15912766356
Sander Bauwens,15914179143
Muhammad Qaseem (M.Qaseem Photography),15915591929
British GQ,15917004715
DJ GIG,15918417501
Oflow,15919830288
Daniel Kim,15921243074
Cosplay Chris,15922655860
Sanchita Mitra Shorts,15924068647
Dr. Becky,15925481433
clayitnow,15926894219
BANG Music,15928307006
التجمع الدولي لأصدقاء الحسون,15929719792
rekjavicxxx,15931132578
Alan Thrall (Untamed Strength),15932545365
MacDannyGun,subscriber_count
Dobre Cars,15933958151
The Ninja Fam!,15935370937
Massachusetts Institute of Technology (MIT),15936783724
Magic Monk,15938196510
Jist,15939609296
Double Up Entertainment,15941022083
jorjais,15942434869
Malaysia Truly Asia,15943847655
Bhìľwàŕà Bõÿś,15945260442
Iliass TiiwTiiw,15946673228
ALL IN,15948086014
MacADVentures,15949498801
Rich Brian,15950911587
MotiveMax,15952324373
The club,15953737160
DAMO,15955149946
stevecashblog,subscriber_count
MrFudgeMonkeyz Studios,15956562732
GunWebsites,15957975519
PK BIKES,15959388305
Bubblegummonsters,15960801091
Emma Heesters,15962213878
RØDE,15963626664
PuraVidaVideos,15965039450
arunj224,15966452236
CoCosToy 꼬꼬스토이,15967865023
Lilly Sabri,15969277809
Cottereau,15970690595
Sparkles,15972103382
Atlas Genius,15973516168
Museum of The Future متحف المستقبل,15974928954
Big Bang Music,15976341741
DropsteR,15977754527
Fastoye,subscriber_count
Hashtag Mumbai News,15979167313
OUTLORE with Eleanor Neale,15980580100
Wildlife Footage,15981992886
Cook With Fem,15983405672
DUST,15984818459
trivago,15986231245
BabyTedster,15987644031
Reader's Digest,15989056818
Doordarshan National,15990469604
SMOL WOW,15991882390
Chris Pirillo,15993295177
TechJoint,15994707963
Rule'm Sports,15996120749
Kaspersky,15997533536
youngerdays,15998946322
Jack Ü,16000359108
Imbrandonfarris,subscriber_count
Rang TV,16001771895
truTVEps,16003184681
myco Sports,16004597467
1A Auto: Repair Tips & Secrets Only Mechanics Know,16006010254
thedarkknightofsteel,16007423040
Just One More Watch,16008835826
Bangla News,16010248613
The Wire,16011661399
Gungnir,16013074185
Elissa,16014486971
Baby's Adventure,16015899758
HitoriVEGA,16017312544
酷看獨播劇場 - KUKAN Drama Channel,16018725330
Taskmaster,16020138117
SETC,16021550903
Lana Rose,16022963689
InstaGyan ,subscriber_count
SHAYTARDS,16024376476
SpeedyLio,16025789262
YTSunny,16027202048
Lakewood Church,16028614835
Sarah Therese,16030027621
DIY,16031440407
Pencilmation Features,16032853194
Lauren Southern,16034265980
T.I.,16035678766
Danny Duncan,16037091553
Sabrina Carpenter,16038504339
CBBC,16039917125
Kirsty Partridge Art,16041329912
Stillcraft Animations,16042742698
GTA Series Videos,16044155484
花花与三猫 Cat Live,16045568271
Cheru,subscriber_count
Oggy Hindi - हिन्दी,16046981057
Fame Focus,16048393843
chuggaaconroy,16049806630
Node,16051219416
MICHAELHICKOXFilms,16052632202
One More,16054044989
Mrunal Patel Unacademy,16055457775
Shahveer Jafry,16056870561
Grill,16058283348
Rayvanny,16059696134
AJ Tracey,16061108920
COPA90,16062521706
NickV Ministries,16063934493
PAWsitive,16065347279
March Madness,16066760065
Basheer Bashi Productions,16068172852
HeyParis,subscriber_count
TGG,16069585638
rafipuff,16070998424
Wah!Banana,16072411211
F For Facts,16073823997
Chocolate Entertainment,16075236783
FUNwithPRASAD,16076649570
Sy TV,16078062356
Camelworks,16079475142
V.K.Y.,16080887929
ThatWasEpic,16082300715
Boram Tube Vlog [보람튜브 브이로그],16083713501
RKD Prime Time,16085126288
ICICI Bank,16086539074
Viki Global TV,16087951860
Hairstyle Tutorial,16089364647
Valuetainment,16090777433
Factshala,subscriber_count
RealPars,16092190219
Cookies Cupcakes and Cardio,16093603006
Invisible People,16095015792
Tube Survival Wilderness,16096428578
Live Hindustan,16097841365
Moose,16099254151
TheDiaryofJake,16100666937
Huggbees,16102079724
Fireship,16103492510
Timelab Pro,16104905296
Master Wong,16106318083
Idan David Animations,16107730869
Eyewitness News ABC7NY,16109143655
Art of Engineering,16110556441
Eran Amir,16111969228
Greenpeace International,16113382014
CuteC3,subscriber_count
Yuki Music,16114794800
Cookin Soul,16116207587
Adam Ondra,16117620373
MAD Science Hacks,16119033159
TARANG MUSIC,16120445946
Okefenokee & Satilla Expeditions LLC,16121858732
realme India,16123271518
Killem,16124684305
Rishabh Pokhriyal,16126097091
Netflix India,16127509877
Brut India,16128922664
Eric Davis,16130335450
Bakchod BaBa Ji,16131748236
Aayush ssm,16133161023
Shemaroo Bhakti,16134573809
Corridor Crew,16135986595
Filmi Indian,subscriber_count
Trade with Gayatri,16137399382
Two Creative Chicks,16138812168
Nicholas Renotte,16140224954
Danielle Mansutti,16141637741
Cooking tree 쿠킹트리,16143050527
Paralympic Games,16144463313
MTV AUSTRALIA,16145876100
Gaia,16147288886
Symbio Wildlife Park,16148701672
Magmuz,16150114459
SUFISCORE,16151527245
Electro-Light,16152940031
Martin Karner,16154352818
Sebuniel,16155765604
Teen-Z,16157178390
Fairy Tales and Stories for Kids,16158591176
Zee Cine Awards,subscriber_count
IndiaMarvel,16160003963
Beast Philanthropy,16161416749
Santa Studio,16162829535
BYJU'S IAS,16164242322
New Jersey Outdoor Adventures,16165655108
The Frustrated Gamer,16167067894
Rachel's English,16168480681
AB TV Movies,16169893467
MyNamesChai,16171306253
SHANT TV Armenia,16172719040
Dahir Insaat,16174131826
Lee Hardcastle,16175544612
I Like To Make Stuff,16176957399
Mercedes-Benz Middle East,16178370185
William Wei,16179782971
SpeedSilver,16181195758
Amberry,subscriber_count
Chanou Azmara,16182608544
Amazing Toys & Colors Review,16184021330
Kauan Clash,16185434117
YesSmartyPie,16186846903
MostTechy Shorts,16188259689
Rabbert,16189672476
Jugnu Kids - Nursery Rhymes and Best Baby Songs,16191085262
Thunderdome,16192498048
Ayesha Curry,16193910835
JAPAN Motorcade Police Car Fire Engine @trh200v1tr,16195323621
massadmusic,16196736407
50 Cent,16198149194
“獨生子的日常”YouTube官方頻道,16199561980
Adventure,16200974766
Savage Garage,16202387553
War Robots [WR],16203800339
BluMaan,subscriber_count
Jack ManleyTV,16205213125
123 GO! SCHOOL,16206625911
Kout,16208038698
MJ2KALLDAY,16209451484
Morris Time Cooking,16210864270
Mercedes-Benz USA,16212277057
ESO,16213689843
Paint,16215102629
Stan Browney,16216515416
RIN,16217928202
Beautiful Destinations,16219340988
SV2,16220753775
DJDiscoCat,16222166561
LM10,16223579347
Shabab Alqithara | شباب القيثارة,16224992134
Any Given Day,16226404920
TwisterNederland,subscriber_count
TBJZL,16227817706
Marley,16229230493
Raiyuden,16230643279
The Independent,16232056065
Tim Dessaint,16233468852
The Hall of Advertising,16234881638
Macrame School,16236294424
LimeTube_Brasil,16237707211
dope2111,16239119997
Explore Potohar,16240532783
Seniac,16241945570
Underwater Ireland,16243358356
World Surf League,16244771142
Louie The Beagle,16246183929
The 85 South Comedy Show,16247596715
Roddy Ricch,16249009501
Udayabharatham മലയാളം,subscriber_count
MEM,16250422288
Andy Guitar,16251835074
DaBaby,16253247860
BroScienceLife,16254660646
Ice Cream Rolls,16256073433
Animalogic,16257486219
Patty Shukla Kids TV - Children's songs,16258899005
Michelle Crossan,16260311792
Max Fosh,16261724578
Food Wishes,16263137364
RcFrenzy,16264550151
مصطفى عنبه _ Mostafa 3enba,16265962937
Alphablocks,16267375723
Timeline - World History Documentaries,16268788510
LimeAndToys,16270201296
Hi-Tech Pakistani,16271614082
Real Madrid,subscriber_count
Nouman Ali Khan - Official - Bayyinah,16273026869
Samcrac,16274439655
1Rod1ReelFishing,16275852441
Skill Up,16277265228
GameClips,16278678014
Craft Factory,16280090800
Elmi TV,16281503587
OliviaRodrigoVEVO,16282916373
Baumgartner Restoration,16284329159
MechanicZ,16285741946
dillongoo,16287154732
Matt Lobster,16288567518
A.M. Hoops,16289980305
Bob the Builder,16291393091
Under Armour,16292805877
Peppa Pig's Pretend Play,16294218664
Fiago,subscriber_count
Coffeezilla,16295631450
Justin Schmidt,16297044236
Five Finger Death Punch,16298457023
Newsmax,16299869809
Islamic Guidance,16301282595
Amaury Guichon,16302695381
VMComix,16304108168
Conan Gray,16305520954
Children's Hospital Los Angeles,16306933740
Davis Diley,16308346527
Tarish Music,16309759313
RubberNinja,16311172099
The Rest Of Us,16312584886
Sami Media74,16313997672
annablutube,16315410458
Diana Belitskay,16316823245
spamsafe,subscriber_count
Thugesh Unfiltered,16318236031
shubhangi anand,16319648817
Wild Wolf Telugu,16321061604
Banijay Crime - Crime Documentary,16322474390
BIBO TOYS,16323887176
RIPFILMS,16325299963
Amazon Prime Video UK & IE,16326712749
Weird Stuff,16328125535
SAAIHALILINTAR,16329538322
Twin Tag - Ayesha Firoz,16330951108
Jefferson Lab,16332363894
radius,16333776681
Mama with Babyma,16335189467
Mattjestic MultiGaming,16336602253
TopSpeedGermany,16338015040
Axwell Λ Ingrosso,16339427826
Made in Andhra Music,subscriber_count
Trillion,16340840612
Mellavelli,16342253399
DRIVESHOW,16343666185
BoatTube,16345078971
Public News,16346491758
Chev B.,16347904544
Leo Slime,16349317330
KalashVEVO,16350730116
mimiyuuuh,16352142903
Aylo,16353555689
SGCrawlers RC / MyHonchoSG,16354968475
Amazing Discoveries,16356381262
Sound Field,16357794048
HYPEN - Tops & More,16359206834
AstroLOLogy,16360619621
Michael Mwakibolwa 🇹🇿,16362032407
Villatic Foods Official,subscriber_count
Free Refills,16363445193
Christoph Rehage,16364857980
SportsCenter NEXT,16366270766
The Cappening Channel,16367683552
Chaos,16369096339
Ministry of Sound,16370509125
Coolest Thing,16371921911
Prime Asia TV ,16373334698
Kids Play,16374747484
Pardesi Squad,16376160270
T-Series Regional,16377573057
TheToeBro,16378985843
Welch Labs,16380398629
SubSoul,16381811416
saint rebecca 📖,16383224202
deefizzy,16384636988
Nasher,subscriber_count
Armenia TV,16386049775
Grrt,16387462561
XOXO,16388875347
Mr. GK,16390288134
MattColbo,16391700920
NickAMV,16393113706
cark,16394526493
iNerdSome,16395939279
Professor Of How,16397352065
PrincessPiaMiaVEVO,16398764851
aloneintokyo,16400177638
Moneytips,16401590424
Jiemba Sands,16403003210
The Lazy Studio,16404415997
Lifebuoy Pakistan,16405828783
Kid Channel,16407241569
Bry,subscriber_count
Soccer AM,16408654356
Cross I Bear,16410067142
NileRed,16411479928
Fox Business,16412892715
Madani Channel Urdu Live,16414305501
ISSEI / いっせい,16415718287
xNestorio,16417131074
Artology,16418543860
Oracle Red Bull Racing,16419956646
Fear: The Home Of Horror,16421369433
5-Minute Fun,16422782219
Tiddlytubbies - WildBrain,16424195005
Noob1234,16425607792
Tasty Home,16427020578
Carbuyer,16428433364
Tani Malayali,16429846151
Africa Wild Animals,subscriber_count
WrzzerPlays,16431258937
Davidjustinn Shorts,16432671723
Kunal monu,16434084510
Inder Chahal,16435497296
Onespot Gaming,16436910082
Machine Fastest,16438322869
GadgetMatch,16439735655
24 News HD,16441148441
The Tribune,16442561228
Adriana Show,16443974014
kesha,16445386800
Angry Birds,16446799586
What If,16448212373
Mastar,16449625159
MoBro94 Production,16451037945
Tinker Man Mick,16452450732
JPeltsi,subscriber_count
Watch Me,16453863518
Crafting guys,16455276304
ABC15 Arizona,16456689091
PW OnlyIAS,16458101877
Mr Creator ,16459514663
McRooster,16460927450
I'm the party,16462340236
The Voice Global,16463753022
Jamie Zhu,16465165809
Ford Racing,16466578595
BrainStuff - HowStuffWorks,16467991381
Jeffrey Chang,16469404168
Mayo Clinic,16470816954
I AM HARDSTYLE,16472229740
Nandighosha TV,16473642527
Hildegard von Blingin',16475055313
Truseneye92,subscriber_count
Vyhodne,16476468099
Kobra K.A.I.,16477880886
GMC,16479293672
Santa Cruz Bicycles,16480706458
The king of DIY,16482119245
New Heights,16483532031
Mazz Tom,16484944817
Spodermen,16486357604
Live Insaan,16487770390
Nomadic Fanatic,16489183176
GlitterForever17,16490595963
Lion Animal,16492008749
Explained In Hindi,16493421535
Chipflake,16494834321
VLOG ZONE 01,16496247108
Tampa Bay 28,16497659894
Wayne Goss,subscriber_count
Dipika Ki Duniya,16499072680
Chris Travels,16500485467
Yanagi19871,16501898253
Vanemas2,16503311039
Kosh,16504723826
secureteam10,16506136612
OmarIsuf,16507549398
CookingBomb 袁倩祎,16508962185
Mechanical Principle,16510374971
Total War,16511787757
李子柒 Liziqi,16513200544
Pretty Pastel Please,16514613330
Storysium,16516026116
MMA in SHORT,16517438903
IVORIAN DOLL,16518851689
GS DIY MAKER,16520264475
DIY Creators,subscriber_count
TheVincentMottola (TVM),16521677262
Bloomberg Originals,16523090048
WHAT'S INSIDE? FAMILY,16524502834
Insider Food,16525915621
G-Eazy,16527328407
DawinVEVO,16528741193
EthGoesBOOM,16530153980
Gringo Entertainments,16531566766
Maasranga News,16532979552
DaMus,16534392339
VJ4rawr2,16535805125
Doug the Pug,16537217911
PAS Magic,16538630698
BassBoosterz ,16540043484
CreedVEVO,16541456270
Max and Katy,16542869056
PTZtv,subscriber_count
Jayas Kumar,16544281843
Tech Horizon HD,16545694629
Mern,16547107415
Koopekool,16548520202
Peekaboo Parrots,16549932988
Mathologer,16551345774
Praja Chaithanyam,16552758561
T7pro,16554171347
boardnews / official,16555584133
USA Gymnastics,16556996920
Astrum,16558409706
MrDalekJD,16559822492
Dennis Collins,16561235279
Mood Makers,16562648065
MAXADO FF,16564060851
PBS Space Time,16565473638
BBOY WORLD,subscriber_count
Skippy 6 Gaming,16566886424
SeanDoesMagic,16568299210
Smash Stunts,16569711997
Intellect Digest,16571124783
Facts Junkie,16572537569
Pea Pea,16573950356
Anas Officiel,16575363142
Pencilmation Live,16576775928
Singga,16578188715
Rowan Atkinson Live,16579601501
Moonbug Kids - After School Club,16581014287
Revengeofthemask Film,16582427074
GCN Racing,16583839860
Raikujo,16585252646
TeaWap,16586665433
Sam Golbach,16588078219
Fun with Sara,subscriber_count
SeaWattgaming,16589491005
officialcricket,16590903791
NTV Health,16592316578
Flywheel by Hani Musthafa,16593729364
Bangla InfoTube,16595142150
Ben Cristovao,16596554937
JamJammies - Nursery Rhymes & Kids Songs,16597967723
Chris Ramsay,16599380509
SevenTunes Entertainment,16600793296
kellyclarksonVEVO,16602206082
Naked Science,16603618868
Kaidoz,16605031655
Story Time Animated,16606444441
Karwan-e-Kamran,16607857227
Madhuri Dixit Nene,16609270014
Kandee Johnson,16610682800
True Crime News,subscriber_count
INQUIRER.net,16612095586
Wayne,16613508373
Bretman Rock,16614921159
KaanPhod Music,16616333945
MTV India,16617746732
4 Heads,16619159518
Top10List,16620572304
Cơm Trắng,16621985091
Baww,16623397877
Architectural Digest,16624810663
Regular Car Reviews,16626223450
Howl Of A Dog,16627636236
Yellow,16629049022
MC STΔN  ,16630461809
juniorpetjua,16631874595
AndreasChoice,16633287381
Mobile News 24,subscriber_count
Wildlife World,16634700168
Journey to the Microcosmos,16636112954
20th Century Studios AUNZ,16637525740
Jake TheGardenSnake,16638938526
Radiohead,16640351313
Dylan Anderson,16641764099
Aahil sonu,16643176885
Gizzy Gazza Cartoons,16644589672
Make it Extreme Shorts,16646002458
SmB Boxing,16647415244
Motonosity,16648828031
U1 Records,16650240817
The Easter Egg Hunter,16651653603
90 Second IQ Boosters,16653066390
stop4game,16654479176
TheRubber,16655891962
Invented Ideas,subscriber_count
DP World Tour,16657304749
AKTV,16658717535
MattyB727 - Car Videos,16660130321
Pedro Miranda,16661543108
Rainy Bass,16662955894
ournameismagicVEVO,16664368680
"Beep Beep - DIY, Life Hacks, Pranks",16665781467
Music Travel Love,16667194253
Clevver Style,16668607039
Sahil Khan,16670019826
AWESOME ANIMALS TV! ,16671432612
ma ko,16672845398
Deny Montana,16674258185
Dr. Glaucomflecken,16675670971
Stefan Drury,16677083757
DirtBike Lunatic,16678496544
Hope For Paws - Official Rescue Channel,subscriber_count
Fantasy Blade,16679909330
Uber Eats,16681322116
Scotty's Gone Walkabout,16682734903
Squidrito,16684147689
Natural Ways,16685560475
Jay Palfrey,16686973261
Alan Chan,16688386048
Rap City,16689798834
ViralMediaTube,16691211620
Adam Ragusea,16692624407
GrandLineReview,16694037193
Kenny Sebastian,16695449979
Dark anti,16696862766
Zendaya,16698275552
Loose Women,16699688338
SupItsIgor,16701101125
Will Tennyson,subscriber_count
Saga Music Haryanvi,16702513911
Lunch Club,16703926697
GhostNinja,16705339484
RobertIDK,16706752270
VTA - Garden ART,16708165056
JonTronShow,16709577843
theScore,16710990629
Gateway Church,16712403415
Calvin & Habs,16713816202
RealNewsBD,16715228988
QualiaSoup (archive),16716641774
Prince of Zimbabwe,16718054561
Honest Game Trailers,16719467347
Mixed Reactions,16720880133
Afghan Smart,16722292920
SomethingAnimal,16723705706
Ultra Cinema,subscriber_count
Brendan van Son,16725118492
Grace Report,16726531279
Disneycollectorbr ,16727944065
Dark Beauty Secrets,16729356851
FOX Soccer,16730769638
maximemusqua,16732182424
Lauren Allport,16733595210
Juliana LePine,16735007996
TPH MEDIA,16736420783
Joey Graceffa,16737833569
PsycheTruth,16739246355
জীবন-সমস্যার সমাধান,16740659142
Ninja Official,16742071928
Twins and Toys,16743484714
Jasoprakas Debdas,16744897501
My Smart Support ,16746310287
Chikn Nuggit,subscriber_count
Boishakhi Tv News,16747723073
TVOkids,16749135860
Nonstop,16750548646
Josh -  Hindi Stories Comedy Videos,16751961432
Captain,16753374219
Chatty And Scatty,16754787005
carlrogers,16756199791
riserecords,16757612578
EthosLab,16759025364
MySabah,16760438150
Dr Zakir Naik,16761850937
skillgaming,16763263723
The Weather Network,16764676509
Fathimas Curry World,16766089296
Zomation,16767502082
Korchach,16768914868
More Gillian Bower,subscriber_count
Bolly Kick,16770327655
Rtv News,16771740441
True Geordie,16773153227
NoahJ456,16774566014
Deerstalker Pictures,16775978800
savagegeese,16777391586
MoreMuselk,16778804373
Carfection,16780217159
Drone Racing League,16781629945
MoreSidemen,16783042731
Life Of Crocodile,16784455518
Jayden King (Canking),16785868304
JohnNewmanVEVO,16787281090
Real Men Real Style,16788693877
World War Two,16790106663
Crash Adams,16791519449
Sonam Wangchuk,subscriber_count
Anglo-Link,16792932236
Creezy,16794345022
BestAtNothing,16795757808
HouseImprovements,16797170595
ParanormalX,16798583381
Creative Thinks Adventure,16799996167
Rapid Trailer,16801408954
Major Hamster & Friends,16802821740
Meet Arnold,16804234526
South Main Auto LLC,16805647313
ChrisAwake,16807060099
Cartoon Animals Family,16808472885
Terso Isler,16809885672
Sniperbuddy Fabi,16811298458
Teletubbies - WildBrain,16812711244
Kleintjes,16814124031
Rick Shiels Golf,subscriber_count
New Zealand Cricket,16815536817
Kiddiestv Bangla,16816949603
WIZ COAL,16818362390
CTL LYRICS - SIO,16819775176
Yaseen Media,16821187962
Sajjan Adeeb,16822600749
Super Crazy Kids,16824013535
Kaif,16825426321
Hometalk,16826839108
Green Ham Gaming,16828251894
MadFit,16829664680
Project Farm,16831077466
Summoning Salt,16832490253
Bite Size Psych,16833903039
Pipo,16835315825
Czech Vibes Sound,16836728612
Rooster Time,subscriber_count
Jordan Sandhu,16838141398
Cocomelon Slime,16839554184
Urdu Lab,16840966971
Magic Compass,16842379757
ZendayaVEVO,16843792543
News Be Funny,16845205330
OrokanaWorld,16846618116
Chillhop Music,16848030902
Blonded,16849443689
Treyten Live,16850856475
Rob Bob's Aquaponics & Backyard Farm,16852269261
Nouveau Riche Music,16853682048
9to5Mac,16855094834
TheLoudDude,16856507620
Kiloo Games,16857920407
Aloona Larionova,16859333193
Go Experimental,subscriber_count
Lilifilm Official,16860745979
Kolkata Knight Riders,16862158766
HaileeSteinfeldVEVO,16863571552
DappyTKeys Piano Worship,16864984338
Future House Cloud,16866397125
National Dastak,16867809911
JET Crew,16869222697
EvenOut,16870635484
Euro Football Daily,16872048270
HeavyMetalLyricss,16873461056
Burna Boy,16874873843
Pak Tv24,16876286629
Moto Stars,16877699415
Goubtube,16879112201
Kabul Fans,16880524988
CDawgVA,16881937774
Temponaut Timelapse,subscriber_count
The Overlap,16883350560
ChippyGaming,16884763347
Cineplex,16886176133
KREW,16887588919
NonStampCollector,16889001706
BodyRock TV,16890414492
Brilliant Classics,16891827278
Monterey Bay Aquarium,16893240065
Denver7,16894652851
RITVIZ,16896065637
The illest illuminator,16897478424
RichardGaleFilms,16898891210
Mr Producer Animation,16900303996
Lil Peep,16901716783
OpenAI,16903129569
EminemExplicit,16904542355
Xyz Gyan,subscriber_count
Fact Side,16905955142
A&Ω Productions,16907367928
HealthNut Nutrition,16908780714
goonzquad,16910193501
JacksonWangVEVO,16911606287
edureka!,16913019073
LEVO,16914431860
Bobby Moore Funny,16915844646
SCP Animated - Tales From The Foundation,16917257432
Linges Blogs,16918670219
thirdphaseofmoon,16920083005
ImAllexx,16921495791
Dhar Mann Studios,16922908578
Townsends,16924321364
Gordo Drummer,16925734150
MoosePlays,16927146936
Remus Bujor,subscriber_count
Jordan McCann,16928559723
Shemaroo Movie in Parts,16929972509
PBR,16931385295
Katya and Dima,16932798082
ArsenalVideosHD,16934210868
Zac Perna,16935623654
HRzero8,16937036441
Haramain,16938449227
Mark Freeman #408,16939862013
King Science,16941274800
GottaDoIndia,16942687586
ShapeYOU,16944100372
TALENTKINGHD,16945513159
All Blacks,16946925945
European truck spotting,16948338731
Go4x4,16949751518
平衡术-王业坤,subscriber_count
Top Viral News,16951164304
Miss Julina ,16952577090
Olga Soby,16953989877
Siasat Daily,16955402663
Oye it's Uncut,16956815449
Purina Pro Plan,16958228236
Radio Tele Shalom,16959641022
The Ocean Cleanup,16961053808
MenAtWorkVEVO,16962466595
Homing Pigeon Races,16963879381
Colby Brock,16965292167
P110: Music,16966704954
Damn Seconds,16968117740
ThreeDaysGraceVEVO,16969530526
GmanLives,16970943313
GTBOARD.com,16972356099
Cricbuzz,subscriber_count
Sierra Kidd,16973768885
Crispy Hut,16975181671
Gnawi,16976594458
Genshin Impact,16978007244
FactoFusion,16979420030
Omni 10 Games,16980832817
Vigyan Tv India,16982245603
TSTyoutube,16983658389
Fru,16985071176
Tata Motors,16986483962
Waggle TV,16987896748
Suyash Fashion,16989309535
Hatsy,16990722321
Jagriti Khurana,16992135107
Nelly Furtado,16993547894
Raymar Football,16994960680
Cleveland Clinic,subscriber_count
SocialPost TV,16996373466
JO Channel,16997786253
ArtzLaxper,16999199039
Tannar,17000611825
Mateusz M,17002024612
Defensive Offence,17003437398
Freedom in Thought,17004850184
Michelle Majuru,17006262971
RCHeliJet,17007675757
Satisfying Cakes,17009088543
CineVibe Studio ,17010501330
Awesome Machi,17011914116
Naysy,17013326902
RNLI,17014739689
IVY Yashi Music,17016152475
Wisecrack,17017565261
Hobo Bros,subscriber_count
iLance7i,17018978048
Arsenal,17020390834
Sky Tip Top CD Official,17021803620
Chris Sails,17023216406
GREENCROSS FOUNDATION,17024629193
hoser,17026041979
Minaj Khan Official,17027454765
Dolly and Friends - USA,17028867552
Little List Project,17030280338
Neebs Gaming,17031693124
LALIGA EA SPORTS,17033105911
STRIKE AND DEFEND,17034518697
SmurfingGhoul,17035931483
Sustainable Human,17037344270
Kids TV India Hindi Nursery Rhymes,17038757056
mgk,17040169842
Caden MacDonald,subscriber_count
MY FIRST SHOW,17041582629
MINDS EYE DESIGN,17042995415
Monkey Daily,17044408201
AiSh,17045820988
HUBA후바,17047233774
FaZe Banks,17048646560
howtoPRANKitup,17050059347
MiGFlug,17051472133
Videogyan Telugu - Nursery Rhymes & Kids Songs,17052884919
Squarespace,17054297706
LawkSam,17055710492
Hunting with Stu,17057123278
5-Minute Crafts TEENS,17058536065
Boy & Dragon - WildBrain,17059948851
Midbeast,17061361637
SmallAnt Clips,17062774424
福茂唱片,subscriber_count
Tomas Pasie,17064187210
KBDProductionsTV,17065599996
4 You Recipes,17067012783
martincitopantsLIVE,17068425569
SouljaBoyTellemVEVO,17069838355
ELLA RECORDS,17071251141
GBNews,17072663928
Vitalius Space,17074076714
Nirami,17075489500
Lahore News HD,17076902287
Odin the German Shepherd,17078315073
Nicki Minaj,17079727859
RKD Filmplex,17081140646
Gyani Bol,17082553432
cavetown,17083966218
CNET,17085379005
Sufiyan and Nida,subscriber_count
Hypixel Server for Minecraft,17086791791
SMP Films,17088204577
Gulzaar Chhaniwala,17089617364
Alvin Zhou,17091030150
The Church of Jesus Christ of Latter-day Saints,17092442936
JiDion,17093855723
In-Ear Studio,17095268509
Matt Chessco,17096681295
Cameron Dallas,17098094082
Michelle Choi,17099506868
Molang,17100919654
CVP,17102332441
Bella Fiori,17103745227
Cimorelli,17105158013
Simplynessa15,17106570800
MasterClass,17107983586
Idea Creative,subscriber_count
Ben Morris,17109396372
Real Responders,17110809159
Pingu - Official Channel,17112221945
ZigWheels,17113634731
Indisputable with Dr. Rashad Richey,17115047518
PinCode | KikoRiki,17116460304
KMC News,17117873090
My Singing Monsters,17119285876
Crypto Baba,17120698663
Pjdivya Official,17122111449
Learn French With Alexa,17123524235
Niomi Smart,17124937022
Sab Kuchh Sekho Jano,17126349808
Haramain gifts,17127762594
Life of Hadil,17129175381
TED Ideas Studio,17130588167
Nike Football,subscriber_count
Anna and Lucy,17132000953
BBC Children in Need,17133413740
Did you expect a name?,17134826526
Polo G,17136239312
Vancouver Sun,17137652099
Furious Pete Vlogs,17139064885
Tiger FurryEntertainment,17140477671
Amber Scholl,17141890458
2CELLOS,17143303244
[햄지]Hamzy,17144716030
Dekap,17146128817
ThirtySecondsToMarsVEVO,17147541603
Nancy Ajram,17148954389
Cool Tool Shorts,17150367176
BlacktipH,17151779962
JayZVEVO,17153192748
Lumi_N0va,subscriber_count
Wilbur,17154605535
Deepak Facts 4U,17156018321
The 8-Bit Guy,17157431107
imrankhanworld,17158843894
Nandu's World,17160256680
Noah Kane,17161669466
Grind Hard Plumbing Co,17163082253
Corbin Maxey,17164495039
Alex Costa,17165907825
CarSutra,17167320611
Six Pack Shortcuts P4P,17168733398
davidjellis,17170146184
Yummy Cookies,17171558970
Stereokroma,17172971757
PapadakisRacing,17174384543
Shab's Creation,17175797329
Gumbys Imerial Media,subscriber_count
Andante Records,17177210116
ColdplayDaily,17178622902
Steven He,17180035688
Fireball Tool,17181448475
Randumb,17182861261
Green Gold Kids,17184274047
Engineer BrunS,17185686834
Domo Wilson,17187099620
Baumi,17188512406
Ms Rachel - Toddler Learning Videos,17189925193
Lucy Garland,17191337979
Scorpions,17192750765
Tech Guide,17194163552
NutritionFacts.org,17195576338
Drag Media UK,17196989124
NerdMeme,17198401911
The Castiel,subscriber_count
Honestly by Tanmay Bhat,17199814697
Lil Tjay,17201227483
Mat Armstrong,17202640270
PlayGuin,17204053056
The Promise Official,17205465842
Drae,17206878629
Rhett & Link’s Wonderhole,17208291415
Mylo the Cat,17209704201
TheHealthyCow,17211116988
Red Leaf Music,17212529774
VintageDawkins,17213942560
Rovena Ibrahimi Official,17215355346
Wunderbar Films,17216768133
Avocado Couple I Crazy Comics,17218180919
AnimaSEA - Monsta,17219593705
BJS Music,17221006492
FWFOriginals,subscriber_count
Institute of Human Anatomy,17222419278
Roy Jones Jr. Official,17223832064
Netflix Is A Joke,17225244851
Steel Wool Studios,17226657637
Kavitha Samayalarai கவிதா சமையலறை,17228070423
ScumHouse,17229483210
Pixlriffs,17230895996
Freelee The BananaGirl,17232308782
Wegz ويجز,17233721569
Candide Thovex,17235134355
Eben Ezer,17236547141
Jimmy Barnes,17237959928
Bilal Khan,17239372714
Elvish yadav,17240785500
Ron Spina,17242198287
Zuuks Games,17243611073
MoneyBagg Yo,subscriber_count
Mr. Benz,17245023859
nature tv Lothar Lenz,17246436646
Toddler Fun Learning,17247849432
Ed Sheeran - Topic,17249262218
SmashMouthVEVO,17250675005
Greg The Gardener,17252087791
Lucas MotoVlog,17253500577
The Viral Indian,17254913364
Aditya Narayan,17256326150
Snuff Puppets,17257738936
Chiro Core,17259151723
Australia's Got Talent,17260564509
Munawar Faruqui,17261977295
Jenn Im,17263390081
Mokso,17264802868
Malala Fund,17266215654
HalseyVEVO,subscriber_count
Epic Compilation,17267628440
ThatcherJoe,17269041227
Fuba Tamang,17270454013
Peppa's Best Bites,17271866799
HONOR Arabia,17273279586
Dr. Bilquis Shaikh,17274692372
Money Kicks,17276105158
Mikaela Luv,17277517945
Voilà! Digi,17278930731
Mike's Mic,17280343517
Bullbosphorus,17281756304
Máy Nông Nghiệp Toàn Cầu,17283169090
American Justice Warriors,17284581876
zayn,17285994663
Rarri,17287407449
The Tech Chap,17288820235
YouTube Viewers,subscriber_count
Dwaraka Creations,17290233022
Volleyball World,17291645808
World Best News,17293058594
Second Thought,17294471381
Allari Aarathi,17295884167
Marilyn Manson,17297296953
Blorick1206RRG,17298709740
BrickBrosProductions,17300122526
My Chemical Romance,17301535312
MarilynMansonVEVO,17302948099
Cutebunny992 ASMR,17304360885
Darlene Zschech,17305773671
Sanjivani Buti,17307186458
Scott The Woz,17308599244
Roland S. Martin,17310012030
Isaac Butterfield,17311424816
The Daily Show,subscriber_count
MSD Official HD,17312837603
Fascinating Horror,17314250389
OliWhiteVlogs,17315663175
Every Frame a Painting,17317075962
Davy Leyland,17318488748
SpongeBob SquarePants Official,17319901534
BBC Earth Explore,17321314321
Jamie Oliver,17322727107
Legacy Records,17324139893
NicandroVisionMotivation,17325552680
Jay and Mark,17326965466
SZA,17328378252
Cam Casey Shorts,17329791039
Collete Davis,17331203825
ESPNcricinfo,17332616611
tbobborap1,17334029398
GamerFleet,subscriber_count
Nick Eh 30 Shorts,17335442184
HowardFreeman Motivation,17336854970
Reigarw Comparisons,17338267757
Mana Stars,17339680543
element14 presents,17341093329
Sharivari,17342506116
THE RACE,17343918902
NileBlue,17345331688
CrazyBadCuber,17346744475
PAQ,17348157261
Born2Kill,17349570047
Fact FC,17350982834
TaxTheRich100,17352395620
ckan98,17353808406
Little Book Owl,17355221193
StoryPedia,17356633979
PTC PUNJABI GOLD,subscriber_count
Sarah Jeffery / Team Recorder,17358046765
Bengali Movies - Channel B Entertainment,17359459551
SatireDaily,17360872338
ChaBoyyHD,17362285124
The Wick,17363697910
Furry Tails,17365110697
SuperHouseTV,17366523483
RAN Sailing,17367936269
Kluna Tik 2,17369349056
Julian O'Shea,17370761842
YoYo English Channel,17372174628
Food Ward Fyz,17373587415
AMPISOUND,17375000201
Jon Lajoie / Wolfie’s Just Fine,17376412987
Haydn Bagtas,17377825774
Goldmines,17379238560
MX Player,subscriber_count
Lewis Howes,17380651346
A Boogie Wit da Hoodie,17382064133
Satya Hindi सत्य हिन्दी,17383476919
Crazy Boris Productions,17384889705
NQRMAN,17386302492
Deepthi Sunaina,17387715278
SUPEReeeGO,17389128064
Superiority,17390540851
PBS KIDS,17391953637
Victony,17393366423
Nandu Ramisetty,17394779210
JerryPop,17396191996
땅콩 Peanut,17397604782
LYMusics,17399017569
Him-eesh Madaan,17400430355
Afro Dance,17401843141
aCookieGod,subscriber_count
FoneTech,17403255928
Louise Pentland,17404668714
The Yogscast,17406081500
Naharu,17407494286
FusionZGamer,17408907073
Browney,17410319859
cyriak,17411732645
Expoza Travel,17413145432
SIIMA,17414558218
Ben Nuttall,17415971004
Thought Café,17417383791
The Indian Express,17418796577
Duggu Cinema,17420209363
BabyDino,17421622150
C4D4U,17423034936
OMEGA,17424447722
NE-YO,subscriber_count
Royal Challengers Bengaluru,17425860509
Angèle,17427273295
Ray BLK,17428686081
talkSPORT,17430098868
Italy Made Easy,17431511654
Rachelleea,17432924440
AnimalLove Stories,17434337227
The Telegraph,17435750013
Lasse Gjertsen,17437162799
Fight Films Clips,17438575586
Arcade Matt Shorts,17439988372
CycleCruza,17441401158
Jimmy is Promo,17442813945
EckhartsLadder,17444226731
Flamuri & Iliri,17445639517
BFBS Forces News,17447052304
Ben Foster - The Cycling GK,subscriber_count
MIRACULOUS CHIBI,17448465090
Loud Oli Tech,17449877876
alexrainbirdMusic,17451290663
GEN HALILINTAR,17452703449
BaltimoreAndOhioRR,17454116235
Lord Aleem,17455529021
"Mark Hyman, MD",17456941808
superkian13,17458354594
Milica Begecki,17459767380
Sharkee,17461180167
envyworldwide,17462592953
Harry Pinero,17464005739
Kanaal 24,17465418526
Lets create craft,17466831312
CartoonHooligans,17468244098
JablinskiGames,17469656885
Syrex,subscriber_count
J.T. Sexkik,17471069671
AmusementInsider,17472482457
PlanetLord,17473895244
Walmart,17475308030
JulianspromosTV | Soca Music,17476720816
Jakarta Diecast Project,17478133603
Ahmed Riabi,17479546389
LilyLikecom,17480959175
Ssoftoons Horror And Crime Bangla,17482371962
Manni-Gaming,17483784748
Nerf War Movies,17485197534
DIL Music,17486610321
RZIM HQ,17488023107
Magnus Walker,17489435893
farfromsubtle,17490848680
HSN Entertainment,17492261466
farahdhukai,subscriber_count
Steven Schapiro,17493674252
JOLLY,17495087039
Little Toys TV,17496499825
Collin Abroadcast,17497912611
Upchar Nuskhe,17499325398
Caroline Girvan,17500738184
Zodiacgraph Media,17502150970
Surprise Collector & Sunshine,17503563756
Law By Mike,17504976543
Ninja Kidz TV,17506389329
Bhad Bhabie,17507802115
James Joseph Stenson,17509214902
Cradle Of Filth,17510627688
أبشر أيها التائب,17512040474
Wendover Productions,17513453261
India News,17514866047
ARMWRESTLING TV,subscriber_count
Rammstein Official,17516278833
Darrell Braun Guitar,17517691620
Trump Nation,17519104406
Sublimator,17520517192
The Laymen Daily Show,17521929979
Travel Beans,17523342765
William Singe,17524755551
Zaty Farhani,17526168338
leokimvideo,17527581124
CORPSE,17528993910
FoundFlix,17530406697
Daily TV Mass,17531819483
Kanhaiya Kumar Fan Club,17533232269
The Points Guy | Departures,17534645056
PM Creation tv,17536057842
Suits Official,17537470628
Andrei Jikh,subscriber_count
diecrewplayz,17538883415
MrGear,17540296201
Music by Slaiman,17541708987
yeagar,17543121774
The Grade Cricketer,17544534560
Parrot Studio (Official),17545947346
SurpriseJoe - Nursery Rhymes & Kids Songs,17547360133
Zee Music Company,17548772919
Globe44HD,17550185705
TheOdd2sOut,17551598491
iFixit,17553011278
Kaskobi,17554424064
agoverseasfan,17555836850
Fireman Sam,17557249637
GMA Integrated News,17558662423
MortaL,17560075209
RAIDEN ϟ MOTIVATION,subscriber_count
Awakenings,17561487996
SmoothMarky,17562900782
NSG,17564313568
PILLOW PILOTS,17565726355
Meow Royale,17567139141
MosoGourmet 妄想グルメ,17568551927
Sam Pilgrim,17569964714
VIDSTORM,17571377500
FPSRussia,17572790286
 bleedem,17574203073
igor30,17575615859
Afro Bros,17577028645
Busted,17578441432
TMS | Global Entertainment,17579854218
My Primary Solution,17581267004
Maximov Ro,17582679791
WILDCAT,subscriber_count
Peachybbies,17584092577
Woa Parody,17585505363
A State Of Trance,17586918150
Puppy Lovers,17588330936
TheCulinarycorner,17589743722
Learn Kurooji,17591156509
Quantastic,17592569295
123 GO! GOLD,17593982081
Rotten Tomatoes Family,17595394868
raptor5120,17596807654
FitnessFAQs,17598220440
MrX,17599633226
ToastedShoes,17601046013
Aditya Dumdaar Dubbed Movies,17602458799
WDW News Today,17603871585
Peepal Farm,17605284372
AugustAlsinaVEVO,subscriber_count
KOTSUMET,17606697158
Azad Chaiwala,17608109944
Clare Siobhán,17609522731
Isaac Arthur,17610935517
TechAltar,17612348303
Jaclyn Forbes,17613761090
Adi Fishman,17615173876
Star Light Kids,17616586662
Whitelight,17617999449
More Elle Mills,17619412235
The Kakande Ministries,17620825021
Aama Agni Kumari Media,17622237808
Inferno Central,17623650594
Donut Operator,17625063380
Goldie's Kitchen,17626476167
CNA,17627888953
Alex & Ksyu,subscriber_count
In59seconds,17629301739
holsteincowboy,17630714526
Leo Koutakis,17632127312
Rappler,17633540098
Adventure Time,17634952885
LilXanVEVO,17636365671
JayzTwoCents,17637778457
Miller Wilson,17639191244
SuperWowStyle,17640604030
villfood,17642016816
Killer Bean,17643429603
Athletic Interest,17644842389
DamianMarleyVEVO,17646255175
Lucifer was innocent ,17647667961
CorruptCarnage,17649080748
ScannerDanner,17650493534
Pushing Pistons,subscriber_count
Brains techKnowlogy,17651906320
Cecilia Blomdahl,17653319107
Fun Caboodle,17654731893
Worthikids,17656144679
Priyanka Deshpande,17657557466
88rising,17658970252
Koo Koo TV Kannada,17660383038
AppleInsider,17661795825
Study With Jess,17663208611
JuicyMagic TV,17664621397
हाम्रो मूमिन,17666034184
InKhabar Official,17667446970
lukelabeat,17668859756
Vibe Music,17670272543
Little World - Kids Songs & Nursery Rhymes,17671685329
One Islam Productions,17673098115
Nullzee,subscriber_count
Morten Rustad,17674510902
MasterMilo,17675923688
Ryan Williams,17677336474
DAZN SPORT,17678749261
The Originals OZ,17680162047
GLAM GIRL ,17681574833
sn1giggs1,17682987620
DubVision,17684400406
ninebrassmonkeys,17685813192
lightsen,17687225979
LcLc,17688638765
Pramod`s Life,17690051551
Tyler Nolan,17691464338
ikinamo,17692877124
Big Ten Network,17694289910
Slime Cat,17695702696
Young Don Animations,subscriber_count
Dawko,17697115483
Morat,17698528269
The NK,17699941055
Target Study IQ,17701353842
King,17702766628
Ted Nivison,17704179414
Hungry FAM,17705592201
India Talks,17707004987
ALB in whisperland ASMR,17708417773
gorsky,17709830560
Movies Nepal Dot Com,17711243346
Miracle Music,17712656132
Cardboard Design,17714068919
JK Brickworks,17715481705
Tabletop Weekly Archive,17716894491
crariyo,17718307278
Natan Facts,subscriber_count
The Young Man and The Three,17719720064
Anton Petrov,17721132850
dayta,17722545637
Mary J Blige,17723958423
SapnapLIVE,17725371209
The Closer Look,17726783996
Speed Records,17728196782
Mr. NK,17729609568
Kurzgesagt – In a Nutshell,17731022355
UnGraduate Gamer,17732435141
London Real,17733847927
Play List,17735260714
TechBar,17736673500
Kosta RST,17738086286
snowcat,17739499073
Official OFB,17740911859
Honkai: Star Rail,subscriber_count
Off-Grid with Curtis Stone,17742324645
Battle.Royaleclips,17743737431
Bhavya Gandhi,17745150218
Volcano Video Hawaii,17746563004
ScoutNation,17747975790
YRF Punjabi,17749388577
Annies Forget Me Knots,17750801363
Nimboo Kids - Cartoon Videos for Children,17752214149
Arishfa Khan,17753626936
Tomzo,17755039722
Drew Talbert,17756452508
Epimetheus,17757865295
MauLer,17759278081
Wavy Boats,17760690867
Final Cut News,17762103654
Rakib Hossain,17763516440
20th Century Studios UK,subscriber_count
FlightReacts,17764929226
MC Naveed - Minecraft,17766342013
Hudson's Playground Gaming,17767754799
REPORTER LIVE,17769167585
Jamie Dupuis,17770580372
Dead by Daylight,17771993158
Manny Khoshbin,17773405944
Karikku Fliq,17774818731
Family Fizz,17776231517
Nicks,17777644303
iQIYI 爱奇艺 - Get the iQIYI APP,17779057090
PatrickStarrr,17780469876
The Trump Organization,17781882662
Rich Rebuilds,17783295449
YoungBoy Never Broke Again - Topic,17784708235
T&H - Inspiration & Motivation,17786121021
Ruby Bonnie Granny,subscriber_count
wafflepwn,17787533808
SarahBethYoga,17788946594
Ali Productions,17790359380
Best of Dr Steven Greer,17791772166
Mai Thuận,17793184953
WORLD of Bodybuilding,17794597739
Zoos Victoria,17796010525
ChrisMD,17797423312
Min Leo,17798836098
Sami Yusuf,17800248884
Buckin' Billy Ray Smith,17801661671
Japanagos（ジャパナゴス）,17803074457
Euphoric Eugene,17804487243
Fooster,17805900030
Mike van den Hardenberg,17807312816
Kazzy Official,17808725602
The Modern Home Project,subscriber_count
EMP MUSIC,17810138389
Stylo G,17811551175
PiXimperfect,17812963961
Calum,17814376748
OneRepublic,17815789534
Teachingmensfashion,17817202320
Dave2D,17818615107
kiddies tv,17820027893
Moonbug Kids - Tiny TV,17821440679
The Golden Family LIVE,17822853466
SIMON LEE,17824266252
Matti Haapoja,17825679038
Thế Giới Wibu,17827091825
Ally Sheehan,17828504611
SourceFedNERD,17829917397
MotivationHub,17831330184
RAHASYA Tv India ,subscriber_count
dimsimlim,17832742970
Janobot,17834155756
Razzbowski,17835568543
MotoGP,17836981329
The Theorist,17838394115
Nic and Pancho,17839806901
Paramount Pictures,17841219688
Boldmethod,17842632474
Mostly True,17844045260
Rug Burn,17845458047
shottysteve,17846870833
rctestflight,17848283619
I'm A Celebrity... Get Me Out Of Here!,17849696406
an0nymooose,17851109192
Cyr,17852521978
JT Casey,17853934765
Chad Zuber,subscriber_count
RupalChoudhary TD,17855347551
ILYA BORZOV,17856760337
Sade,17858173124
Alt Shift X,17859585910
Kris Diamond,17860998696
2011ACVVV,17862411483
Busy Beavers - Kids Learn ABCs 123s & More,17863824269
Maha Cartoon TV XD,17865237055
South Dubbed Movies,17866649842
NoNonsenseKnowHow,17868062628
Paige Zilba,17869475414
Embaixadores de Cristo Oficial Ani Caroline,17870888201
Maya Loka,17872300987
PUMBA,17873713773
Samsung India,17875126560
BREADSWORD,17876539346
AtinPiano,subscriber_count
Caroline ASMR,17877952132
STRANGE ÆONS,17879364919
K-Pop Dance Mirror,17880777705
Eskay Movies,17882190491
Historic Royal Palaces,17883603278
Leah Ashe,17885016064
A Plus Entertainment,17886428850
MyVoxSongs Nursery Rhymes,17887841636
Ed Bassmaster,17889254423
Adam Riemann,17890667209
Cooking With Lynja,17892079995
ATN News,17893492782
AO KIDS,17894905568
Orange Juice - Live,17896318354
Tanner Fox,17897731141
Gillian Bower Slime,17899143927
TwistedGrim,subscriber_count
BravoCompanyUSA,17900556713
Karol_Karf,17901969500
Lord's Cricket Ground,17903382286
Parithabangal,17904795072
Nogla,17906207859
Survivalkloe Primitive ,17907620645
Oats Studios,17909033431
Mint Blitz,17910446218
Fox Cricket,17911859004
Crufts,17913271790
St. Patrick's Cathedral NYC,17914684577
So Tasty,17916097363
Som ET,17917510149
Sandy Hook Promise,17918922936
Geo Cricket,17920335722
Anjali Dhariwal,17921748508
Ultra Action Hits,subscriber_count
Miniature Cooking Ideas,17923161295
Chill Pannu Maapi,17924574081
THELIFEOFPRICE,17925986867
NAWRAN,17927399654
ElGrandeToto,17928812440
VaasuTechVlogs,17930225226
RCCG,17931638013
CartoonNetworkEps,17933050799
Domain of Science,17934463585
VK,17935876371
Dumb TV,17937289158
Artem Plays Toys,17938701944
TheBlueBlur - 3D Sonic Animations ,17940114730
MasakoX,17941527517
MMA Videos,17942940303
Boy Boy,17944353089
Super Planet Dolan,subscriber_count
Joel Eli,17945765876
IBC Mangai,17947178662
Hannah Meloche,17948591448
PS Entertaimment,17950004235
Adin Live,17951417021
TrapWolves,17952829807
Herrouchi,17954242594
gattu,17955655380
Anastasia Kingsnorth,17957068166
Nora Fatehi,17958480953
Joel Sunny,17959893739
Spider Tv,17961306525
Disguised Toast 2,17962719312
Exam Preparation,17964132098
The Wilsons,17965544884
FunVideoTV,17966957671
The CAN Family,subscriber_count
G.R.L.,17968370457
Zic Zic,17969783243
CoolMitra,17971196030
Ryhan Family,17972608816
VaderOG,17974021602
vTuned garage,17975434389
SLAPTrain,17976847175
Chaseroony,17978259961
AUTO MOTO,17979672748
Nat's What I Reckon,17981085534
Kastro,17982498320
crustery,17983911106
imkavy,17985323893
Click Info,17986736679
JMX,17988149465
SmallAnt,17989562252
Freyjinn,subscriber_count
Harper's BAZAAR,17990975038
Nought,17992387824
TSK-24,17993800611
Project Better Self,17995213397
TigiBoo,17996626183
Sean Beardon,17998038970
DillonFrancisVEVO,17999451756
Blue Monkey,18000864542
Crazy Cherryboy,18002277329
Ivanita Lomeli,18003690115
No Frills Twins,18005102901
Potential History,18006515688
PurpleMatter,18007928474
Crashalong,18009341260
MS KOMAL,18010754047
BakLol Video,18012166833
Havana Brown,subscriber_count
CINEMAWALA,18013579619
Global Degree,18014992406
Jatt Prabhjot,18016405192
China Uncensored,18017817978
PS Fit ,18019230765
Johnny Orlando,18020643551
Hugh Jeffreys,18022056337
BrandonKent Everything,18023469124
Marcus House,18024881910
The Rajdharma,18026294696
Creativity,18027707483
Android Developers,18029120269
Garima's Good Life,18030533055
Bazerk,18031945841
GamerLists,18033358628
Matt Jordan,18034771414
Nature loop ,subscriber_count
Babbu Maan,18036184200
The Story of Stuff Project,18037596987
SA Records,18039009773
Supermassive,18040422559
Ant & Dec's Saturday Night Takeaway,18041835346
Windows,18043248132
MrMatador,18044660918
Skinny Recipes,18046073705
Beyond Slow Motion,18047486491
Azam Abdallah,18048899277
HappyLoo - Nursery Rhymes & Kids Songs,18050312064
Neil Cicierega,18051724850
NOVRITSCH,18053137636
DeSinc,18054550423
LittleKellyPlayz,18055963209
moviemaniacsDE,18057375995
"Let's ask Shogo | Katana, Budo, & Kimono",subscriber_count
Oh Emma,18058788782
OfflineTV,18060201568
Danger Dolan,18061614354
Kevin LaSean,18063027141
David Dobrik,18064439927
HRVY,18065852713
Michelle Hendra,18067265500
iFL TV,18068678286
Charly Jordan,18070091072
BaronVonGames,18071503859
Awesome News,18072916645
Option Auto,18074329431
Ekattor TV,18075742218
이과형,18077155004
LizNm,18078567790
History Time,18079980576
UnidiscMusic,subscriber_count
ZimoNitrome,18081393363
The Thought Emporium,18082806149
Sports Tak,18084218935
Tati&Ruf,18085631722
Mat Watson Cars,18087044508
epSos.de,18088457294
DarkViperAU,18089870081
Poppy,18091282867
Matt Dillahunty,18092695653
Wave of Trend,18094108440
TysyTube Restoration,18095521226
Is He Dead?,18096934012
Toy Jelly,18098346799
Guns N' Roses,18099759585
SR Brothers,18101172371
Macro Room,18102585158
Kannada Movie Junction,subscriber_count
Maya Mia,18103997944
Animals So Cute,18105410730
Chanux Bro,18106823517
Desmond Dennis,18108236303
AyoandTeoVEVO,18109649089
Jaski Music Mixes,18111061876
Vindooly,18112474662
GamerGirl,18113887448
"Singing, I learn to Speak",18115300235
gooflol,18116713021
GetMadz,18118125807
Geet MP3 Haryanvi,18119538594
euronews,18120951380
Saregama Bengali,18122364166
Keep the Heat,18123776953
Rusty Restore,18125189739
Baby Shark Official,subscriber_count
LORD Ahmed,18126602525
Soufian,18128015311
The Notorious B.I.G.,18129428098
MyGo! Sign Language for Kids - ASL,18130840884
Kelly Clarkson,18132253670
Linkinpop13,18133666457
E4 Entertainment,18135079243
Beastly,18136492029
the bootleg boy,18137904816
querly,18139317602
Toddler World TV ®,18140730388
Kuhang,18142143175
Cavy Fishing,18143555961
MMG,18144968747
MASTER MILAN,18146381534
Zohan Farooqui Official,18147794320
alexelcapo,subscriber_count
j33REN,18149207106
NNKH 2,18150619893
TIME MACHINE,18152032679
Fastrack IELTS,18153445465
Travel Thirsty,18154858252
Hand Work,18156271038
Sargon of Akkad,18157683824
Ivana Raymonda van der Veen,18159096611
DribletX,18160509397
Jarrett Stod,18161922183
T-Series Kids Hut,18163334970
Daniel Tiger's Neighbourhood - 9 Story,18164747756
Animais Selvagens do Pedro Têia,18166160542
Laughing Ananas,18167573329
GMJ - Global Music Junction - Bhojpuri,18168986115
mainevent,18170398901
Be Smart,subscriber_count
IFLScience,18171811688
Ava Max,18173224474
Rithika Tamilselvi,18174637260
Pink Floyd,18176050046
Plumbella,18177462833
Raj Kapoor Hits,18178875619
SpiceGirlsVEVO,18180288405
Daniel Caesar,18181701192
Awakening Music,18183113978
ABS-CBN Star Cinema,18184526764
THE WILD ELEPHANT,18185939551
Naka and Dom,18187352337
Animal Facts (Fun Animal Videos) ,18188765123
TOP 3,18190177910
Home Of Games,18191590696
Whitney Simmons,18193003482
Justicul,subscriber_count
DJ Gimi-O,18194416269
Tech Spurt,18195829055
Herr Fuchs,18197241841
Chevrolet Arabia,18198654628
System Of A Down,18200067414
Toy Review TV,18201480200
3D Printing Nerd,18202892987
The Frringo,18204305773
Share My Story (Honey Entertainment),18205718559
Kiranime,18207131346
MSArenaOfficial,18208544132
VuxVux,18209956918
Melvin Louis,18211369705
MacRumors,18212782491
Play Date,18214195277
Davina Michelle,18215608064
Nick and Helmi,subscriber_count
ANATOLY,18217020850
BeamNG Nation,18218433636
SnazzyNikki,18219846423
Tannerites,18221259209
Experiment at Home,18222671995
Nick Zammeti,18224084781
PelMen,18225497568
Eider 2,18226910354
alkss20,18228323140
Club Baboo,18229735927
lil' monkey media,18231148713
Renault India,18232561499
Popcorn TV,18233974286
DollMotion,18235387072
News18 Rajasthan,18236799858
Learn English with EnglishClass101.com,18238212645
Vibe Check TikToks,subscriber_count
Amazon India,18239625431
the tea library,18241038217
The Focking Team,18242451004
Pehchan Music,18243863790
Chris Smoove,18245276576
Morph,18246689363
TEST DRIVE FREAK,18248102149
Mixtape Madness,18249514935
AaronsAnimals,18250927722
Discover The World,18252340508
Bhootha Kannadi,18253753294
Tech Future,18255166081
Pablo Bruschi,18256578867
Like Nastya GB,18257991653
Mok Saib,18259404440
The Wildlife World,18260817226
CupofTJ,subscriber_count
Cayinator,18262230012
Gurdas Maan,18263642799
YSYL Films,18265055585
Google Local Guides,18266468371
Maneesh Vishnu,18267881158
Planned Parenthood,18269293944
youresoloud,18270706730
Team Naach,18272119516
The Yoga Institute,18273532303
Games For Children,18274945089
Piemations,18276357875
DooM49,18277770662
Proper Printing,18279183448
Hit TV Telugu News,18280596234
RC MEDIA WORLD,18282009021
Life Care,18283421807
KnowledgeHusk,subscriber_count
Mhd Officiel,18284834593
Doctor D.S.,18286247380
STUDY 91,18287660166
Armenian Public TV,18289072952
United Music Events #weareonthemission,18290485739
Bogdan's Show,18291898525
Jenni’s Hacks,18293311311
Torbjörn Åhman,18294724098
Afrimax English,18296136884
Salonayyy,18297549670
Hyperdream Studios,18298962457
SoundEffectsFactory,18300375243
Young Dolph,18301788029
Sneaky Zebra,18303200816
NICKMERCS,18304613602
Girl With The Dogs,18306026388
Kekker,subscriber_count
Slayy Point,18307439175
The Tube Family,18308851961
Engineering Facts,18310264747
MinuteEarth,18311677534
Funk Roberts,18313090320
doctor4t,18314503106
The Bee Family,18315915893
Phonk Club,18317328679
FatSongsong and ThinErmao,18318741465
과학드림 [Science Dream],18320154251
Azerrz,18321567038
Mindvalley Talks,18322979824
Elaine Carroll,18324392610
Stan Sport,18325805397
Celtic Warrior Workouts,18327218183
Online Study Point,18328630969
CHRIS HERIA,subscriber_count
Shani Grimmond,18330043756
Family Playlab,18331456542
World of Longplays,18332869328
bharatzkitchen,18334282115
AR12Gaming,18335694901
Samantha Ravndahl,18337107687
Faffapix Shorts,18338520474
Luke's Goldies,18339933260
vivo - India,18341346046
Tibees,18342758833
JioHotstar Reality,18344171619
Banglar Rannaghor,18345584405
Kurulus Osman Urdu by atv,18346997192
ITV Reality,18348409978
Nick Graauwmans,18349822764
RDC Rajasthani,18351235551
Garn.,subscriber_count
Easy Sewing for Beginners,18352648337
Dj3P51LON,18354061123
Kitboga,18355473910
aha videoIN,18356886696
Dr Zeus,18358299482
David Animations,18359712269
Car Wizard,18361125055
Jiboner Golpo,18362537841
Sonic Jets,18363950628
Meghan McCarthy,18365363414
Jhanzou,18366776200
Study In Hindi,18368188986
PRISM,18369601773
Creflo Dollar Ministries,18371014559
SuperHorrorBro,18372427345
Lunatic,18373840132
AirwaveMusicTV,subscriber_count
Sleepy Wolf,18375252918
스위트티비 SweetTV,18376665704
StrictlyBBall,18378078491
Primitive Tool,18379491277
Movie Central,18380904063
Zeramations,18382316850
Filmy Crazy,18383729636
WonderWhy,18385142422
dynmk,18386555209
ABC,18387967995
United India Exporters,18389380781
수리노을SuriNoel,18390793568
MeatCanyon,18392206354
Kane and Pia Muehlenbeck,18393619140
Binge Society,18395031927
Nanalew,18396444713
脑洞乌托邦,subscriber_count
DIY DUDE,18397857499
Man City,18399270286
The Bachelor Australia,18400683072
TwinkieMan,18402095858
Duane Chandler,18403508645
Super Simple ABCs,18404921431
Strain Hunters,18406334217
Silo Entertainment A2,18407747004
Anthony Joshua,18409159790
Kul Farm,18410572576
Home Team Hoops,18411985363
DNCR Dance Tutorials,18413398149
Crazy Is Crazy,18414810935
Friend,18416223721
Marimo,18417636508
Spice Bangla,18419049294
BabyLeague,subscriber_count
Nat and Friends,18420462080
1 Minute Talk Show,18421874867
GAMERS NETWORK,18423287653
Tej India,18424700439
hibyepeachy,18426113226
Thugesh,18427526012
IrixGuy's Adventure Channel,18428938798
KIDS TOYS CHANNEL,18430351585
ColinandConnor,18431764371
UNILAD Adventure,18433177157
Carspotter Jeroen,18434589944
Lena Slime,18436002730
ESL Counter-Strike,18437415516
Maikel6311's Nightcore,18438828303
MNcompsJR2,18440241089
Nines,18441653875
Amisha Arts,subscriber_count
AlmazanKitchen,18443066662
Animal HT,18444479448
Tural Ali Music,18445892234
Mikluka,18447305021
The Ink of scholars channel,18448717807
Skeppy,18450130593
SoSorry,18451543380
1st508th Airborne,18452956166
Troycandy,18454368952
Accent Beats,18455781739
News18 Kannada,18457194525
Samantha Maria,18458607311
PBS,18460020098
CoolVision,18461432884
T Pain,18462845670
FOX 13 Tampa Bay,18464258456
Channel 24,subscriber_count
Alex Moukala Music,18465671243
Scary Teacher Troll,18467084029
JellyBean,18468496815
Prag News,18469909602
JOSH WADE,18471322388
The Fast Saga,18472735174
Fox League,18474147961
Practical Wisdom - Interesting Ideas,18475560747
City 42,18476973533
V Horror,18478386320
Mini Cooking,18479799106
Pramod Premi Entertainment,18481211892
Funny and Beautiful,18482624679
DIS Unlimited,18484037465
RiT Riding in Tandem,18485450251
MAY-A,18486863038
GetsetflySCIENCE by Gaurav Thakur,subscriber_count
FamilySearch,18488275824
InsecthausTV (Insecthaus),18489688610
Mechanic Steve,18491101397
TDBarrett,18492514183
Noel Deyzel,18493926969
Charlie Berens,18495339756
Curiosity Incorporated,18496752542
YouTube Canada,18498165328
ALLEN Career Institute,18499578115
CultureClubVEVO,18500990901
mayratouchofglam,18502403687
The Crosbys,18503816474
OasisOnOverwatch,18505229260
Arxiv Insights,18506642046
NateWantsToBattle,18508054833
Mozzy,18509467619
Thee BlackBadger,subscriber_count
The Mike,18510880405
aquul,18512293191
Hindustan Times,18513705978
Slavik Junge,18515118764
Roy Purdy,18516531550
Sofian Medjmedj,18517944337
lakshmi paakashaale,18519357123
Amit Bhadana,18520769909
HeroVoltsy,18522182696
CRIC11 FORECAST,18523595482
Super Polina,18525008268
simonandmartinabonus,18526421055
Positive couple. Позитивная парочка.,18527833841
MEDCARS,18529246627
Chris Cohen,18530659414
Elisabeth Rioux,18532072200
Showtek,subscriber_count
Scott's Marble Runs,18533484986
TVOkids Preschool,18534897773
FINEM,18536310559
hmtv Telugu News,18537723345
Vaaho Entertainments,18539136132
ZAN OMG,18540548918
Ayan Mechanic,18541961704
Studio C,18543374491
ElleAndTheBirds,18544787277
ssin 씬님,18546200063
Kyle Le Dot Net,18547612850
Jacky Phan,18549025636
DIVINE,18550438422
RnK All Day,18551851209
Amy Macedo,18553263995
Philosophies for Life,18554676781
DOODLAND,subscriber_count
القرآن_الكريم AlQuranHD,18556089568
Madd Carl,18557502354
mYTH Tv India,18558915140
OnePotChefShow,18560327926
Costa Titch,18561740713
Mcpl Bhojpuri Entertainment,18563153499
yebook,18564566285
Kanan Gill,18565979072
Nikolai Aksenov,18567391858
Séan Garnier World freestyle football champion,18568804644
VideoFromSpace,18570217431
ADOPIX,18571630217
CrossFit,18573043003
Cutting Edge Engineering Australia,18574455790
Ruhaan Arshad official,18575868576
Crochet with Clare,18577281362
GoingCrazy201,subscriber_count
Jugnu Kids - Bangla Nursery Rhymes & Baby Songs,18578694149
Vadact,18580106935
MattyB Vlogs,18581519721
River Monsters™,18582932508
Recipe30,18584345294
SNAK,18585758080
Tooy Egg Videos,18587170867
Cinema Vikatan,18588583653
Nicky and Pierre ,18589996439
Daniel Cutting,18591409226
World Affairs by Unacademy,18592822012
5MadMovieMakers,18594234798
UnJaded Jade,18595647585
AM Feel Good Films,18597060371
Find Your Passion Hindi,18598473157
Wouva,18599885944
BaptismOnFire,subscriber_count
Zerkaa,18601298730
Massive Mix Records,18602711516
VVS Films,18604124303
Creative Etc.,18605537089
Strang Entertainment,18606949875
Payal Panchal,18608362661
Kenhub - Learn Human Anatomy,18609775448
Ayush More,18611188234
theDOMINICshow,18612601020
Titi Toys and Dolls,18614013807
EA SPORTS FC,18615426593
Spechie,18616839379
RomanAtwood,18618252166
Prashant Sharma Entertainment,18619664952
Oli White,18621077738
Cauvery News,18622490525
Abijit Ganguly,subscriber_count
ASMR Janina NO TALKING,18623903311
Entertaining Central,18625316097
Yummy Food World,18626728884
mryeester,18628141670
Shippiddge,18629554456
Enzo English Bulldog,18630967243
Braemar Media,18632380029
Kakoa's World,18633792815
Wishtrend TV,18635205602
Mahaa Bhakti,18636618388
Anomaly,18638031174
Dave and Ava - Nursery Rhymes and Baby Songs,18639443961
KSI,18640856747
Mumbo,18642269533
Bloomberg News,18643682320
Red Ted Art (Maggy Woodley),18645095106
Taylor Swift - Topic,subscriber_count
Ya - Alisa,18646507892
TOP Topics,18647920679
S8UL,18649333465
Vince Del Monte,18650746251
HelloMaphie,18652159038
FilmCow,18653571824
Mia Maples,18654984610
The Finest,18656397396
Surfnboy Shorts,18657810183
KitchenTigress,18659222969
Times Of India,18660635755
Canis Major ,18662048542
SKizzle,18663461328
Nux Taku,18664874114
ZipZapPower,18666286901
Naomi Jon,18667699687
YMH Studios,subscriber_count
Dilan Sabah,18669112473
Nerd City,18670525260
The Joint Forces Channel,18671938046
Neetesh Praliya,18673350832
Whealth by Slaiman,18674763619
bestdestination,18676176405
RamblinAround,18677589191
Shattered Paradise,18679001978
LegitStreetCars,18680414764
Joel G,18681827550
Mark Dice,18683240337
TheLazyPeon,18684653123
IRATE Productions,18686065909
CARS 4 CARS,18687478696
One Music Originals,18688891482
Boom Buddies - Nursery Rhymes & Kids Songs,18690304268
Tate McRae,subscriber_count
WTO,18691717055
OzzaMusic,18693129841
IKW Akshay,18694542627
GYMCHON,18695955414
Toys King,18697368200
Marian Ungureanu,18698780986
Sleepyhairman,18700193773
JackSucksAtStuff,18701606559
DotaCinema,18703019345
Cesar Millan,18704432131
Khushi - Hindi Stories Super Comedy Videos,18705844918
Ph1LzA,18707257704
Berywam,18708670490
Ryan Kung,18710083277
Animalz TV,18711496063
DeadlySlob,18712908849
8ball Dance,subscriber_count
NASCAR,18714321636
Aniko Dobiasz,18715734422
Simone Giertz,18717147208
TOBOT English,18718559995
Christy Anne Jones,18719972781
Prashant Nakti Official,18721385567
M4 TECH VLOG,18722798354
CookingTime 🇨🇦,18724211140
Jack Massey Welsh,18725623926
Facto Pradeep,18727036713
RNickeyMouse,18728449499
Shyam Tomar,18729862285
Kung Fu Food,18731275072
Picture Anime,18732687858
David Pawson - Official,18734100644
Dario D'Aversa,18735513431
I am Desi World,subscriber_count
Sailing Nandji - Frothlyfe,18736926217
Cartoon Network UK,18738339003
Chandoo Gadu,18739751790
Chaitra Reddy,18741164576
Both Sides of Phil Collins,18742577362
MadRam11,18743990149
SKELETIK ツ ,18745402935
Mayapolarbear,18746815721
FREDOPG,18748228508
MiniWarGaming,18749641294
speedkar99,18751054080
G2 Esports,18752466866
The Barkers,18753879653
Frozen Kitten,18755292439
Good Morning America,18756705225
AndreoBee,18758118012
Baby Sensory – Calming Bedtime Songs for Babies,subscriber_count
CNA Insider,18759530798
Saad Al Qureshi,18760943584
Mike WiLL Made-It,18762356371
Fiiber Hindi,18763769157
Quest TV,18765181943
That's Amazing,18766594730
KTLA 5,18768007516
GloZell Green,18769420302
Brown Town Music,18770833089
Kurtis Conner,18772245875
KHORnime,18773658661
Millionaire Syndicate,18775071448
外務省 / MOFA,18776484234
Nim C,18777897020
Aussie Arvos,18779309807
One Sports,18780722593
AIDC,subscriber_count
Bongo Movies,18782135379
Isaiah Garza,18783548166
Crown Rick Auto,18784960952
superspeedersRob,18786373738
Muse Asia,18787786525
Malayalam Comedy Movies,18789199311
Brendan Meyers,18790612097
VybzKartelRadio,18792024884
Lachlan Kell,18793437670
VINwiki,18794850456
Veggie Paaji,18796263243
Viral Bhayani,18797676029
腾讯视频 - Get the WeTV APP,18799088815
Timmy & Friends,18800501601
DiEM25,18801914388
World Archery,18803327174
Tracy Chapman,subscriber_count
LaterClips,18804739960
Lawrence,18806152747
Kirsten Dirksen,18807565533
Punjabi Bass Boosted,18808978319
Nadira Puchi,18810391106
Greg and Mitch,18811803892
BeautyTakenIn,18813216678
Jaden Sprinz,18814629465
Captain XLAB,18816042251
MercBenzKing,18817455037
XXXTENTACION - Topic,18818867824
Starbucks Coffee,18820280610
Alicia Keys,18821693396
Aslay,18823106183
Checkpoint,18824518969
TechTablets,18825931755
Top 5 Scary Videos ,subscriber_count
MattDoesFitness,18827344542
Zee Sarthak,18828757328
Ordinary Things,18830170114
Hunny Sharma,18831582901
AutoTrader Canada,18832995687
OMGitsTiesto,18834408473
Monto,18835821260
Potter Payper,18837234046
NPR's Skunk Bear,18838646832
Lazy Masquerade,18840059619
Bajan Canadian,18841472405
Careem,18842885191
TV Punjab,18844297978
Holly Boon,18845710764
Johanna Clough,18847123550
mymillionTV,18848536336
tiehole,subscriber_count
Dutch Train Channel,18849949123
Amma Ki Thaali,18851361909
Luke Alexander,18852774695
Knowledge Power,18854187482
Epic Meal Time,18855600268
The British Royal Family,18857013054
HistoryLegends,18858425841
Robocar POLI TV,18859838627
OttawaNow,18861251413
Dom Tracy,18862664200
DEF LEPPARD,18864076986
Arirang Radio K-Pop,18865489772
TLC Australia,18866902559
LIVESTRONG,18868315345
AmazingPhil,18869728131
Gyaan ki Duniya ,18871140918
CREATIVE FASHION,subscriber_count
Claro the Third ,18872553704
RoadPlanet,18873966490
ABC - All Babies Channel,18875379277
Rufus,18876792063
Samra,18878204849
Karissa Pukas,18879617636
Power of Gameplay,18881030422
Power Studios,18882443208
Lawrence Kenshin Striking Breakdowns,18883855995
Spookiz - Cartoons for Everyone,18885268781
Roblox,18886681567
RABIA SKINCARE,18888094354
DasTactic,18889507140
samspace81,18890919926
Titan Humor,18892332713
The way of Chi,18893745499
JREG,subscriber_count
DMX,18895158285
Aashish & Nahee (AANA) 아나부부,18896571071
Jake Chudnow,18897983858
Street Cat,18899396644
The Chalkeaters,18900809430
stampylongnose,18902222217
It Gets Better,18903635003
ProBoiz 95,18905047789
Dolan Dark,18906460576
Kerrigan Skelly,18907873362
Wisp,18909286148
Hammy and Olivia,18910698935
Kalaignar TV,18912111721
Vidly,18913524507
Bangla TV.com,18914937294
Renju,18916350080
Caboose,subscriber_count
SwagItUp [ARCHIVED],18917762866
VoteSport,18919175653
Own Gaming,18920588439
Stormzy,18922001225
SAEYET TV,18923414012
CHHEWANG,18924826798
Funk You,18926239584
Dasito,18927652371
Meditation and Healing,18929065157
The Local Train,18930477943
Sonam Topden,18931890730
R3ZIDENCE,18933303516
Simply Red,18934716302
brian david gilbert,18936129089
TLDR News,18937541875
Ranveer Allahbadia,18938954661
BlueHands,subscriber_count
CookMuk,18940367448
ProPlanty,18941780234
ClownPierce,18943193020
EscapePlan Skateboarding,18944605806
Smart Kids,18946018593
Tamasha Music,18947431379
Aroma Split,18948844165
Silman Saleem,18950256952
Unicorn Tingles,18951669738
Dr Muhammad Ibrahim (True Skills),18953082524
Laff Shorts,18954495311
Leviathan,18955908097
Harry101UK,18957320883
Siasat.pk,18958733670
Funny Videos,18960146456
Flor The Frenchie,18961559242
DutchMotorsport,subscriber_count
dutchsinse,18962972029
Volvo Trucks,18964384815
Tech & Design,18965797601
Mediatime Network,18967210388
Magsplay,18968623174
PM Recordings,18970035960
Alex Aiono,18971448747
Primal Gameplay,18972861533
Tech Travel Eat by Sujith Bhakthan,18974274319
House Gamers,18975687106
The Liberators,18977099892
Darknebolian,18978512678
Walk With Me Tim,18979925465
Chapati Hindustani Gamer,18981338251
DAILY ART BOX,18982751037
X Games,18984163824
Kappa TV,subscriber_count
Kinetic Kennons,18985576610
Weird World,18986989396
Fifth Gear,18988402183
Fun Friend Indian,18989814969
News Samrat,18991227755
GOLD 24K ,18992640541
Tofuu,18994053328
NM2255 | Raw Car Sounds,18995466114
Ashy Bines,18996878900
Vandiril,18998291687
92NY Plus,18999704473
Datrie,19001117259
bakerXderek,19002530046
TastyLine,19003942832
Guga Foods,19005355618
Rabbitholebd Sports,19006768405
Amazing Places on Our Planet,subscriber_count
Lexi Hensler,19008181191
DAN7EH,19009593977
Randy El Don,19011006764
HASfit,19012419550
More Meg,19013832336
Bini the Bunny,19015245123
Atlet,19016657909
DulceCandy ,19018070695
PIB India,19019483482
PeanutButterGamer,19020896268
Little Baby Bum - Nursery Rhymes & Kids Songs,19022309054
PAW Patrol Official & Friends,19023721841
DOM Studio,19025134627
ViralSnare Rights Management,19026547413
Rio Ferdinand Presents,19027960200
bicsmalln channel  (wannabes),19029372986
Tasha Leelyn,subscriber_count
TOY FACTORY,19030785772
EchoBeluga,19032198559
Songs With Simon,19033611345
Sachin Mann,19035024131
FreshBaked!,19036436918
Discovery,19037849704
Calvary Media,19039262490
N - Isai,19040675276
FightHype.com,19042088063
Shane Miller - GPLama,19043500849
EasyHomePlus,19044913635
RJ News Hindi,19046326422
SferaEbbastaVEVO,19047739208
Ricky Berwick,19049151994
Tiger Productions,19050564781
SEPL VIDEO,19051977567
Nicolle's Dreams,subscriber_count
Super Games,19053390353
manoramaMAX,19054803140
Redstone Records,19056215926
sWooZie,19057628712
DutchHPfan1992,19059041499
Drama Loop,19060454285
Kings and Generals,19061867071
Cookd,19063279858
HooplaKidz TV - Funny Cartoons For Kids,19064692644
Poisnu washere,19066105430
Ramiz Speaks,19067518217
PrinceZam,19068931003
Movieunleashers,19070343789
ForlornCreature,19071756576
Aishwarya Mohanraj,19073169362
TimbalandVEVO,19074582148
Happy Raikoti,subscriber_count
Teaser PRO,19075994935
Baseball Doesn't Exist,19077407721
PBS NewsHour,19078820507
TetraBitGaming,19080233294
iDream Media,19081646080
YELLOWIKI,19083058866
English Connection,19084471653
Jigar Studio,19085884439
Farhana Oberson,19087297225
Daen's Kitchen,19088710011
The Film Theorists,19090122798
BIRDS 360,19091535584
CharlieDaDog,19092948370
ZHC Crafts,19094361157
BabyBus - बच्चों के गीत&कार्टून एनीमेशन,19095773943
Wood Mood,19097186729
iDeactivateMC,subscriber_count
21 Savage,19098599516
RKD Multiplex,19100012302
Anna Bey,19101425088
Two Minute Papers,19102837875
Bassjackers,19104250661
That's Amazing Shorts,19105663447
Alex Crafted,19107076234
UDY,19108489020
UndercoverTourist.com,19109901806
SHISHIR YONJAN,19111314593
Raiti's Rides,19112727379
Angerfist,19114140165
Fact Danish,19115552952
Super South Movies,19116965738
JerryVsHarry,19118378524
Super Toons TV,19119791311
The Explore Life,subscriber_count
ABC 7 Chicago,19121204097
Andy Cooks,19122616883
Mia Sayoko,19124029670
Real Engineering,19125442456
Youngster Music,19126855242
Saregama Dice (TV Shows) Tamil,19128268029
GameToons,19129680815
Alex TubeFun,19131093601
Born Free Foundation,19132506388
"SLICK SLIME SAM - DIY, Comedy, Science",19133919174
PressTube,19135331960
K pets,19136744746
Curious George Official,19138157533
LpsAce,19139570319
办公室小野 Ms Yeah,19140983105
Heath Hussar,19142395892
Dadusak,subscriber_count
Voice of the Martyrs USA,19143808678
Primitive Survival,19145221464
Avatar,19146634251
MPX PLAYS,19148047037
SamYoung4x4,19149459823
Pinoy Big Brother,19150872610
G Series Music,19152285396
Calixo,19153698182
Trey Songz,19155110969
Zee Yuva,19156523755
Akshon,19157936541
MrCreepyPasta,19159349328
Tiger Media,19160762114
FilmComicsExplained,19162174900
Samsung Egypt,19163587687
trickshotdav,19165000473
James Shrestha,subscriber_count
Fluffle Puff,19166413259
Lex Fitness,19167826046
Experiment Ahong,19169238832
The Official Gummibär Channel,19170651618
mychonny,19172064405
Mix Select,19173477191
MakeupWearables Hairstyles,19174889977
SpectreSoundStudios,19176302764
TGF - The Guiding Factor,19177715550
Little Princess,19179128336
Liza Koshy Too,19180541123
Wildlife Films by Dereck and Beverly Joubert,19181953909
Sansad TV,19183366695
Baby Dinosaurs - Excavators,19184779481
MMA Zone,19186192268
Scott Ste Marie,19187605054
Darryl Mayes,subscriber_count
Sharky,19189017840
Facts 100M,19190430627
Underrated Hijabi,19191843413
Indian National Congress,19193256199
Bayashi TV,19194668986
Luke Korns,19196081772
HollywoodRecordsVEVO,19197494558
Joel Haver,19198907345
GeoBeats Science,19200320131
The Diary Of A CEO,19201732917
iDream News,19203145704
Neel Kolhatkar,19204558490
GLAMZILLA,19205971276
Ty Dolla $ign,19207384063
LOSTyGIRL,19208796849
jr Mr Bean,19210209635
Lakhneet Vlogs,subscriber_count
The Mannii Show,19211622422
SpaceBalls,19213035208
TV9 Marathi,19214447994
truthorange,19215860781
Real Wild,19217273567
PeterLife,19218686353
LazarShorts,19220099140
TV5 Kannada,19221511926
ZacharyZaxor,19222924712
The DIS,19224337499
Inventus,19225750285
Without Music,19227163071
nojroom zero,19228575858
Fera Animations,19229988644
Anna Akana,19231401430
Camilla Frederikke,19232814216
Stephanie Bailey,subscriber_count
RMH,19234227003
URBAN DANCE CAMP,19235639789
Little Treehouse Nursery Rhymes and Kids Songs,19237052575
Tim Pool,19238465362
Killercrock88,19239878148
Eliana Ghen,19241290934
Megan Nicole,19242703721
DJ Mag,19244116507
Alissa Violet,19245529293
Jacob Geller,19246942080
DoctorOz,19248354866
Mark Wiens,19249767652
pilotdynan,19251180439
J.J. McCullough,19252593225
The Storm Chasing Channel,19254006011
ElSmosh,19255418798
The Furrha Family,subscriber_count
HH TQN,19256831584
AutoGuide.com,19258244370
Blacktail Studio,19259657157
LAUCS,19261069943
Top Battle Clips,19262482729
Shirahaha,19263895516
Britec09,19265308302
The Wiggles,19266721088
The Scran Line,19268133875
Citi Heroes,19269546661
Talking Tom & Friends TV,19270959447
N10IHD,19272372234
PolyMars,19273785020
deepesh zo,19275197806
Ansel Kunert,19276610593
Business Today,19278023379
Tyler and Todd,subscriber_count
ashens,19279436165
Bodybuilding.com,19280848951
Mia and me,19282261738
Travis Hunter,19283674524
NOW UNITED,19285087310
GaryVee,19286500097
LOL (Life of Limbachiyaa’s),19287912883
SHALOM BLAC,19289325669
GiovyHobby,19290738456
Anthony AS - Lenny Patrick Footballer ,19292151242
Restore It,19293564028
Let's Make Education Simple,19294976815
Mariah and Bill,19296389601
Harvey Rothman,19297802387
Heather Lindsey,19299215174
JohnnyQ90,19300627960
GradeAUnderA,subscriber_count
EBS ENGLISH,19302040746
Principles by Ray Dalio,19303453533
HIU 하이유,19304866319
MrRoflWaffles,19306279105
Song des Tages,19307691892
SL Geek,19309104678
Infantry Pictures,19310517464
NITIN FREE FIRE,19311930251
Jens Larsen,19313343037
DavidParodyPlays,19314755823
Langfocus,19316168610
ZephPlayz,19317581396
MostlySane,19318994182
The Elevation Church,19320406969
Jon B.,19321819755
ShadowApples,19323232541
Freya Ridings,subscriber_count
YouFact Live,19324645328
Element Animation,19326058114
m171562,19327470900
Enduro Life Media,19328883686
Nerdwriter1,19330296473
Grace Digital Network,19331709259
Shammi Vlogs,19333122045
Motorcycle Throttle,19334534832
James Veitch,19335947618
Football World,19337360404
Potato Warrior,19338773191
Exploring the Unbeaten Path,19340185977
Zee Music Bhojpuri,19341598763
AlondraDessy (alondradessy),19343011550
Sri Lanka Cricket,19344424336
Andy Jiang,19345837122
Expedia,subscriber_count
Funhaus,19347249909
Ayngaran,19348662695
Blue's Clues & You!,19350075481
eDewcate,19351488268
bowser12345,19352901054
Nepali Touch Australia,19354313840
UnspeakablePlays,19355726627
Top Pakistani Dramas,19357139413
Sam Harris,19358552199
Mohammad Khalid Crypto,19359964986
BarbarianBody,19361377772
SXSBlog,19362790558
Rup Fashion point,19364203345
LazyPurple,19365616131
The Verge,19367028917
Physics Girl,19368441704
AxwellIngrossoVEVO,subscriber_count
MarioVEVO,19369854490
Gyan-The Treasure,19371267276
Will Darbyshire,19372680063
Keyboard Cat!,19374092849
One Percent Better,19375505635
ATC Android ToTo Company,19376918421
Marty and Michael,19378331208
PFL MMA,19379743994
Lowe's Home Improvement,19381156780
PowerModz,19382569567
Balaji Telefilms Ltd,19383982353
How To Cook That,19385395139
Karan Aujla,19386807926
AltaConsignaVEVO,19388220712
iTemp Plays,19389633498
Victoria Stilwell Positively,19391046285
The Damage Report,subscriber_count
Veshremy,19392459071
Allblanc TV,19393871857
KOCOWA TV,19395284644
Yasmin Huma Khan,19396697430
KWOOWK,19398110216
Kaizer News Telugu,19399523003
Top Rank Boxing,19400935789
Alexander Volkanovski,19402348575
AC Milan,19403761362
Hichem Smati,19405174148
Wild Kratts - 9 Story,19406586934
Pokelawls,19407999721
SocksReact,19409412507
What's Inside?,19410825293
Magic Cartoon Animals! - Morphle TV,19412238080
Doug DeMuro,19413650866
Best Party Videos | ZM,subscriber_count
Bleacher Report,19415063652
Life Stories,19416476439
WeLoveFootball,19417889225
Habib Belk,19419302011
GAINSBYBRAINS,19420714798
Jonas Brothers,19422127584
Panty Droppaz League,19423540370
Robin Sharma,19424953156
SiriusXM,19426365943
NerfBoyProductions,19427778729
RC Tanks & Trucks 24/7,19429191515
Pinkbike,19430604302
Hard Science,19432017088
Tommy Winkler,19433429874
Noal Farm,19434842661
Swati Mallick,19436255447
Aidn Shorts,subscriber_count
Obviously ASMR,19437668233
ItMustBeCollege,19439081020
• Moonlight Forever •,19440493806
Popcorn,19441906592
Honda Cars India,19443319379
Stanford,19444732165
Teyana Taylor,19446144951
Don't Hug Me .I'm Scared,19447557738
Himmat Sandhu,19448970524
TGN Minecraft,19450383310
BadWolf,19451796097
ScottieDTV,19453208883
TS Creative,19454621669
PWR,19456034456
Olly Murs,19457447242
Westen Champlin,19458860028
MindofRez,subscriber_count
HER GARAGE,19460272815
SPEAK,19461685601
newslaundry,19463098387
George Harrison,19464511174
Wild 'N Out,19465923960
BADMASH icON,19467336746
Bingoo Box,19468749533
ChuChuTV Hindi,19470162319
Bindass Kavya,19471575105
HooplaKidz - Official Nursery Rhymes Channel,19472987891
DJ Akademiks,19474400678
Marius Hornberger,19475813464
Take A Break,19477226250
AgentJayZ,19478639037
My World,19480051823
RoCars,19481464609
Say Yes to the Dress,subscriber_count
Supertone Digital,19482877396
Ninja Sex Party,19484290182
aSongScout,19485702968
Sir Meows A Lot,19487115755
Google Canada,19488528541
Alice Merton,19489941327
magmablock,19491354114
HappyBerry Crochet,19492766900
Crypto Blessing,19494179686
Kevin Tran 陈科伟,19495592473
FIFTY VINC - HIP HOP & RAP BEATS,19497005259
Singapore Airlines,19498418045
CaptainSparklez,19499830832
The Guardian,19501243618
Samsung,19502656404
Rohail Voice,19504069191
Hyun,subscriber_count
Piano Phantom,19505481977
Donate Media,19506894763
Jason A,19508307550
mathantics,19509720336
HAHNS ATELIER,19511133122
VoiVoi TV,19512545909
TimTheTatman,19513958695
Dogs Inc,19515371481
EvanEraTV,19516784268
EJLad,19518197054
Kids,19519609840
Michael Cowan,19521022626
Hella Cash,19522435413
Dark Monkey Music,19523848199
Fight SCIENCE,19525260985
gardea23,19526673772
Yoti,subscriber_count
PokerGO,19528086558
Helical,19529499344
Sam and Colby,19530912131
Harley the cockatoo,19532324917
Christian Hull,19533737703
Funny Vine Videos | FVV,19535150490
David Diga Hernandez,19536563276
NBA Zone,19537976062
Faouzia,19539388849
influenceatwork,19540801635
Matthew Beem,19542214421
Howdytoons Extreme,19543627208
TrichJournal,19545039994
World Bank,19546452780
Engineering Explained,19547865567
Adda247 ,19549278353
MySmartPrice,subscriber_count
Hailey Reese,19550691139
Rulof Maker,19552103926
Strell In Malayalam,19553516712
ASMR Miss Mi,19554929498
Behindwoods O2,19556342285
FM247 HD,19557755071
BettyL Club,19559167857
CD MLP scratch,19560580644
Alex The Rambler!,19561993430
wcolby,19563406216
Fit Tak,19564819003
Growth Academy,19566231789
animated james,19567644575
Facts Digger Official,19569057361
Blender Studio,19570470148
JackSucksAtGeography,19571882934
The Kiboomers - Kids Music Channel,subscriber_count
Darsequran.com,19573295720
heartfulness,19574708507
The United Stand,19576121293
Cesar Pantoja,19577534079
FlippyCat,19578946866
Lucky Lopez ,19580359652
Lele Pons,19581772438
WION,19583185225
See Jackson Hole,19584598011
Kevin Rose,19586010797
chetanvlogs ,19587423584
The Paayal Jain,19588836370
LifebyMikeG,19590249156
CREATIVE,19591661943
Australian Ninja Warrior,19593074729
William C. Fox,19594487515
MCM TV2,subscriber_count
SUB. DELINQUENT,19595900302
Ultra Kids Zone,19597313088
Dawid Does Tech Stuff,19598725874
The Star,19600138661
Primitive Village,19601551447
KIDZ BOP,19602964233
Independent Institute,19604377020
Riddhi Skin Care Spa,19605789806
Live at Sri Lanka,19607202592
stormfrenzy,19608615379
Gary Turk,19610028165
Matthew Moniz,19611440951
Telugu Comedy Club,19612853738
Donald J Trump,19614266524
Mark Passio,19615679310
Heavy Spoilers,19617092096
VaatiVidya,subscriber_count
Chu Chu Ua TV - Nursery Rhymes,19618504883
Katie OnTheRoad,19619917669
AutoMotoTV,19621330455
Islamic Teacher Official,19622743242
Ledri Vula,19624156028
Salesforce,19625568814
Animalist,19626981601
Beat-Club,19628394387
Outstanding Screenplays,19629807173
Chad Chad,19631219960
Quirkology,19632632746
ZAMination,19634045532
Sue DJ,19635458319
scribblejuice,19636871105
MathFootball,19638283891
Averro,19639696678
Bronzo,subscriber_count
Uncle Roger Shorts,19641109464
B Major,19642522250
Hamsterious,19643935037
bigtractorpower,19645347823
SM TV,19646760609
Excelsior News,19648173396
Sumedh Mudgalkar,19649586182
Yammy,19650998968
Wait For It,19652411755
Emily The Engineer,19653824541
Royal Caribbean,19655237327
Hindi Kahaniya Funny Comedy Stories,19656650114
Baby Zoo | Kids Songs,19658062900
Adam Trent,19659475686
Star Music India,19660888473
WesleyAPEX,19662301259
Bestie Health,subscriber_count
Troom Troom,19663714045
꧁Qonny꧂ (Qonn),19665126831
Mego,19666539618
Harry Potter,19667952404
Soccer Stories - Oh My Goal,19669365190
Spitting Image,19670777977
College Music,19672190763
Minimal Group,19673603549
Gigguk,19675016336
SuperDuper!,19676429122
NHL,19677841908
Original Films Studio,19679254695
WODE MAYA,19680667481
SHIROSUKI,19682080267
The Reptile Zoo,19683493054
Magnetic Games,19684905840
shabeer dbz,subscriber_count
Team7 Picture,19686318626
The Epidemic,19687731413
AIRBOYD,19689144199
Off The Hook,19690556985
Wad2ee,19691969772
Matan Jr,19693382558
mingweirocks,19694795344
Dunamis TV,19696208131
BD Views,19697620917
TAOFLEDERMAUS,19699033703
DSC,19700446490
Roxette,19701859276
ALL URBAN CENTRAL,19703272062
Nitro Rad,19704684849
Monster Energy,19706097635
UNTV News and Rescue,19707510421
TV BINI,subscriber_count
Talia Mar,19708923208
딩고 뮤직 / dingo music,19710335994
Kadz,19711748780
DOLLAR,19713161566
Alex Crish,19714574353
ini vindy,19715987139
MattHDGamer,19717399925
Scary Teacher Family,19718812712
Make Science Fun,19720225498
GoPro World,19721638284
Princ1 Music,19723051071
Built By Gamers,19724463857
Jesse Lee Peterson,19725876643
Lloyd Evans,19727289430
Auto Expert John Cadogan,19728702216
Mums Daily,19730115002
Mystical Sciences,subscriber_count
MochaMilk,19731527789
650ib,19732940575
The Funky Farmer,19734353361
360 Vacation VR,19735766148
SuperKanzaki,19737178934
Crusoe the Dachshund,19738591720
Anastacia,19740004507
Kashvi Adlakha,19741417293
outsidexbox,19742830079
 ShortHax,19744242866
Manish Jodhpuri,19745655652
Eagle Multiplex,19747068438
Learn Japanese with JapanesePod101.com,19748481225
Grian,19749894011
Fish For Thought,19751306797
BIGBANG,19752719584
NEIL SEAN'S DAILY NEWS HEADLINES,subscriber_count
TimTeemo,19754132370
Tess Begg,19755545156
Dannie Riel,19756957943
Gurudev Sri Sri Ravi Shankar,19758370729
SpaceRip,19759783515
Blue1leader,19761196301
Emerald Joy MLP,19762609088
Facts to Know,19764021874
Granny Animation,19765434660
Funny Stop Motion videos,19766847447
Freethink,19768260233
SethEverman,19769673019
PrathapGTech,19771085806
Fact5 Wrestling,19772498592
LifeOfShark,19773911378
NintenU,19775324165
UN Women,subscriber_count
Ky27,19776736951
iDeviceHelp,19778149737
Jalals,19779562524
CarlyRaeJepsenVEVO,19780975310
PrestonShorts,19782388096
Gem Tunes Haryanvi,19783800883
ExperGamez,19785213669
Toby Randall,19786626455
Gohar Khan,19788039242
Legends Of Gaming,19789452028
DireStraitsVEVO,19790864814
T10 League Official,19792277601
TarraDarraBros,19793690387
ostacruiser,19795103173
RDCworld1,19796515960
ifaw,19797928746
Aventura - Topic,subscriber_count
Sonam Gujari HD,19799341532
Mat Armstrong MK2,19800754319
Karina Kurzawa,19802167105
PerramCrowe,19803579891
Timcast IRL,19804992678
Halsey,19806405464
Your Bong Guy,19807818250
Galatta Tamil | கலாட்டா தமிழ்,19809231036
UFO CENTRAL,19810643823
Victoria Baldesarra,19812056609
白沙屯媽祖網路電視台,19813469395
MMA TODAY,19814882182
VolcanoShow,19816294968
WhatTheHai,19817707754
draval8295479,19819120541
vidIQ,19820533327
Zee TV UK,subscriber_count
Greg Renko,19821946113
Ben and Holly’s Little Kingdom – Official Channel,19823358900
Bharatiya Touring Party,19824771686
StormCloudsGathering,19826184472
SickickMusic,19827597259
RS 1313 SHORT STORIES,19829010045
sansCARi sumit,19830422831
Pinkstylist,19831835618
Knights of Columbus Supreme Council,19833248404
suhass997 Cricket,19834661190
Kendrick Lamar,19836073977
PsiSyn,19837486763
HARD with STYLE,19838899549
Sweet Impact,19840312336
Dhruv Rathee,19841725122
teddiefilms,19843137908
Red Bull Snow,subscriber_count
Nicole Laeno,19844550695
SimpleSexyStupid,19845963481
Jay Canada,19847376267
Maja Dreams TV - Hindi,19848789054
Fortnite Cinema,19850201840
AsapSCIENCE,19851614626
Moonbug Kids - Preschool Learning ABCs and 123s,19853027413
Connor,19854440199
Tucker Budzyn,19855852985
Mr. Duck,19857265771
Better Life - الحیاة الأفضل,19858678558
Manchurek Triplets,19860091344
CjTheseDays,19861504130
Kingston Signals Official,19862916917
Rudra Home Remedies,19864329703
Amazon Web Services,19865742489
Maya and Mary,subscriber_count
Nikan,19867155276
Gezen Adam,19868568062
tomjoetwins,19869980848
Essential RC,19871393635
Laksh Dadwani,19872806421
Hulu,19874219207
T3rr0r,19875631994
BODYBAGMEDIA,19877044780
Raaj Kamal Films International,19878457566
Ebadu Rahman ,19879870353
Titan Pictures,19881283139
Kerem Usta ve Kepçe Videoları,19882695925
nature video,19884108712
Big Story World,19885521498
Kia America,19886934284
DailyDrivenExotics,19888347071
Xiran Jay Zhao,subscriber_count
Prime Cut Pro HD,19889759857
Brooke Monk,19891172643
Punjab Kesari TV,19892585430
AADYA News,19893998216
The Players' Tribune,19895411002
Katerina Williams,19896823789
Laura in the Kitchen,19898236575
LT.LICKME,19899649361
Access Hollywood,19901062148
Comic Relief: Red Nose Day,19902474934
Black Gryph0n,19903887720
SB737+,19905300506
Behindwoods Hits,19906713293
GeneralEnglishHelp,19908126079
Sham Idrees Studios,19909538865
EPICA,19910951652
Tamil Pokkisham,subscriber_count
Shyguymask,19912364438
Stromedy,19913777224
JayLaw,19915190011
NoahsNoah2,19916602797
David MeShow,19918015583
RACER TV,19919428370
Kairali News,19920841156
Coronation Street,19922253942
Moscow Spider,19923666729
UrduPoint.com,19925079515
Rainbow Tinkle's World,19926492301
JAMIEvstheVOID,19927905088
Travel with Heshitha ,19929317874
MrBon,19930730660
iTops,19932143447
Keara Graves,19933556233
PrimeCutProTV,subscriber_count
Budha Subba Digital,19934969019
My Village Show,19936381806
Nita Shilimkar,19937794592
J Utah,19939207378
FIA,19940620165
Yellowtooths,19942032951
Tom Daley,19943445737
Kurt Caz,19944858524
JFcombat,19946271310
YTV,19947684096
영국남자 Korean Englishman,19949096883
Erika Costell,19950509669
PETA (People for the Ethical Treatment of Animals),19951922455
CraftyWill,19953335241
World Wildlife Fund,19954748028
wbpstarscom,19956160814
Democracy Now!,subscriber_count
Bina Butta,19957573600
Gone with the Wynns,19958986387
Hoop Reports,19960399173
JaRuleVEVO,19961811959
OwlCityVEVO,19963224746
keshaVEVO,19964637532
RRcherrypie,19966050318
IQuTech,19967463105
NintendoMovies,19968875891
SurrealSelf Music,19970288677
Machine Thinking,19971701464
Nursery Rhyme Street - Kids Songs and Rhymes,19973114250
Green Papaya,19974527036
Les Meilleurs Tops,19975939823
Peppy Tots TV,19977352609
NoobSchool,19978765395
Karel,subscriber_count
4WD 24-7,19980178182
WildEarth,19981590968
RemyInTheSky,19983003754
PKMUSICHITS,19984416541
Your Mate Tom,19985829327
Little Big Shots Aus,19987242113
Global Triathlon Network,19988654900
Bellular Warcraft,19990067686
Bundesliga,19991480472
Pomtoy Anurag,19992893259
Anthomnia,19994306045
Katie Price,19995718831
Adesh icON,19997131618
Saregama Karaoke,19998544404
ShreeMan LegenD,19999957190
RK PATTARAI,20001369976
budleewiser,subscriber_count
Caters Clips,20002782763
Danielle Kirsty,20004195549
gotyemusic,20005608335
ashswag,20007021122
Life with Beans,20008433908
Blockbuster English Movies,20009846694
Milkair,20011259481
TWOSYNC,20012672267
caribbeanpot,20014085053
Flying Kell,20015497840
Fresajapomex,20016910626
Think Like A Horse,20018323412
CapitalCitiesVEVO,20019736199
Jiedel,20021148985
Amma Chethi Vanta,20022561771
SergiuHellDragoonHQ,20023974558
ThaRixer,subscriber_count
DJ Ravine,20025387344
Ben Echo,20026800130
Pooja Luthra,20028212917
engineerguy,20029625703
Click Entertainment,20031038489
Google Search Central,20032451276
ShuffleGamer,20033864062
Pixl Networks,20035276848
Tito4re,20036689635
Cena Recipes,20038102421
Anil Geela Vlogs,20039515207
Soundtek,20040927994
Theme Park Review,20042340780
Vice Ganda,20043753566
Tory Lanez,20045166353
Saffron Barker,20046579139
TPMvids,subscriber_count
Milad Mirg,20047991925
Tom Stanton,20049404711
SoccoLoco TV,20050817498
ThreadBanger,20052230284
Harry Main,20053643070
Inspire To Make,20055055857
糖餃子Sweet Dumpling,20056468643
CityNews,20057881429
spellbooked,20059294216
Machinery Restorer,20060707002
Spencer Elmer,20062119788
Ekta Sound,20063532575
Simnett Nutrition,20064945361
Primitive Technology,20066358147
KP Active,20067770934
Twins,20069183720
TechKaboom,subscriber_count
Noel Philips,20070596506
GoHerping,20072009293
Smart Communications,20073422079
Salice Rose,20074834865
Josh Horton,20076247652
Dead Can Dance,20077660438
Jrose11,20079073224
Made with Layers (Thomas Sanladerer),20080486011
SLS,20081898797
TheDissRapper,20083311583
Desi Tips hindi,20084724370
hotdiggedydemon,20086137156
andie,20087549942
Matt Slays,20088962729
Safaricom PLC,20090375515
Ton Greten,20091788301
Zack GT,subscriber_count
AC/DC,20093201088
EVNautilus,20094613874
Google Nexus,20096026660
briansmobile1,20097439446
Sidewalk Specials,20098852233
Amazing Unboxing,20100265019
My Smart Guide,20101677805
LOTUS AYURVEDA INDIA,20103090592
BasicallyIDoWrk,20104503378
Info Yourself,20105916164
Sony Marathi,20107328951
Yiannimize,20108741737
Learn with Jaspal,20110154523
Rooster Teeth,20111567310
Indian Farmer,20112980096
H.O.D,20114392882
Zig & Sharko TV - Cartoon for kids,subscriber_count
Uma Telugu Traveller,20115805669
Ford Australia,20117218455
DC Heat,20118631241
staycation,20120044028
HONG KONG,20121456814
Box,20122869600
a-ha,20124282387
Damian Marley,20125695173
wbangca,20127107959
DaveSpencer32,20128520746
So Fia,20129933532
SpinTwistRecords,20131346318
jenny slime,20132759105
lil_cordnai_gacha,20134171891
tiarawhy,20135584677
The Dusty Lumber Co,20136997464
Wrsh98,subscriber_count
What Would Your Kid Do?,20138410250
Nipsey Hussle,20139823036
The Winglet,20141235823
P!NK,20142648609
Real Royalty,20144061395
NTV Probash Jibon,20145474181
Archipel,20146886968
Mashable,20148299754
Toica Nation ,20149712540
kuro-obi world,20151125327
Speakeasy,20152538113
MrBossFTW,20153950899
TheGoodVibe,20155363686
Blatant Reviews,20156776472
RememberTheBeat,20158189258
Mind's Eye,20159602045
Bondi Vet,subscriber_count
TruNoom,20161014831
Trick Shot Titus,20162427617
HyunA 현아 (Official YouTube Channel),20163840404
Victor 007,20165253190
English Like A Native,20166665976
Tanner Stewart,20168078763
MGTracey,20169491549
Jason Mraz,20170904335
NBA on ESPN,20172317122
TrueMobster,20173729908
St. Jude Children's Research Hospital,20175142694
Stone Music Entertainment,20176555481
Bindass Haryanvi,20177968267
Dr Ding's Molecular Cuisine,20179381053
Steve Cutts,20180793840
English Tree TV,20182206626
The Viral Fever,subscriber_count
Necrit,20183619412
DVNTY,20185032199
Flea2,20186444985
CookwithParul,20187857771
Archivní Kanál,20189270558
Ultra Records,20190683344
travelgeek,20192096130
Dave Lee Down Under,20193508916
防衛省 防衛装備庁公式チャンネル（ATLA Official Channel),20194921703
acooknamedMatt,20196334489
SSC Adda247,20197747275
FrivolousFox ASMR,20199160062
Roart,20200572848
MusicForHours,20201985634
Pooh in Korea,20203398421
Mermaid Magic,20204811207
Misha Charoudin,subscriber_count
Kristen McGowan,20206223993
Ngoko Tbl,20207636780
walter santi,20209049566
FRANCE 24 English,20210462352
Magnify,20211875139
Berk Music,20213287925
Farhan Ali Waris,20214700711
DVB TV News,20216113498
FUNNY ANIMALS,20217526284
Zee Kannada,20218939070
Luke Davidson,20220351857
Sampa The Great,20221764643
Just Like Lili - Kids Channel,20223177429
Julie Nolke,20224590216
RachelPlattenVEVO,20226003002
JT,20227415788
CheapRVliving,subscriber_count
Vsauce2,20228828575
Kittens Meowing,20230241361
Expert Vagabond - Travel & Living Abroad,20231654147
crazyPT,20233066934
American Psychological Association,20234479720
Tips Jhankar Gaane,20235892506
BabiezTV,20237305293
TDM_Heyzeus,20238718079
Shadhik Azeez,20240130865
Max the Meat Guy,20241543651
Channel 4 News,20242956438
Shania Twain,20244369224
Tim Trevail,20245782010
LL Stylish,20247194797
Gabriella ♡,20248607583
Criminally Listed,20250020369
Gido's Fishing Adventures,subscriber_count
durianrider,20251433156
OG Eastbull,20252845942
Tiësto,20254258728
Tastemade,20255671515
Kyle Nutt,20257084301
Donald Glover,20258497087
Analog Records,20259909874
communiTV,20261322660
ElliotSimms,20262735446
neworder,20264148233
Aarna and Abhay Show,20265561019
Chauhan Vines,20266973805
Shierlly Medina,20268386592
LIV Kids Hindi,20269799378
Sotheby's International Realty,20271212164
Lauris Beinerts,20272624951
James Turner,subscriber_count
Itzshauni,20274037737
Mahindra Group,20275450523
Fidi Wstafidi l فيدي و استفيدي,20276863310
Sujes,20278276096
TechTag,20279688882
TehNoobWorld,20281101669
Will Smith,20282514455
Mikerophone,20283927241
Swidge,20285340028
AMMO NYC,20286752814
PokerStars,20288165600
Programming with Mosh,20289578386
Joji,20290991173
Purina Friskies,20292403959
DipYourCar,20293816745
REDBOX Entertainment,20295229532
TFPC,subscriber_count
Jay Alvarrez,20296642318
Moo,20298055104
PDriveTV,20299467891
AutoYogi,20300880677
coolirpa,20302293463
NowThis Impact,20303706250
Tech Indian,20305119036
HITC Sevens,20306531822
SkitzMACHINE,20307944609
Carvs,20309357395
Crafty Creations,20310770181
iTwe4kz,20312182968
Hydraulic Press Channel,20313595754
Chloe Morello,20315008540
BullyJuice,20316421327
Dance India Dance,20317834113
MOVIE MAX,subscriber_count
Cute Songs,20319246899
Mike Mitchell,20320659686
Jeff Mack Designs,20322072472
MarioZenium,20323485258
Peter Gundry | Composer,20324898045
CultureCrash,20326310831
Dolly and Friends - Family Cartoon,20327723617
MindSmash,20329136404
Peppa's Playgroup: Little Learners,20330549190
Bumble Doodle,20331961976
Wolf Pack Films,20333374763
NASA,20334787549
MB vids,20336200335
Moonbug Kids - Cartoons and Kids Songs,20337613121
Trident Arts,20339025908
ADITECH,20340438694
Sk28 Gaming,subscriber_count
Bugatti,20341851480
BrainCraft,20343264267
AgrolChannel,20344677053
SOL - Supercars of London,20346089839
Madeyewlook II,20347502626
FliteTest,20348915412
Asim Riaz,20350328198
BethanyMotaVlogs,20351740985
Stop Motion King,20353153771
MMA and Boxing,20354566557
Standoff 2,20355979344
11Alive,20357392130
AAC Dream,20358804916
The Fizzy Show,20360217703
Motiversity,20361630489
Xiaomanyc 小马在纽约,20363043275
Automobile Classics,subscriber_count
Low Carb Down Under,20364456062
Life of Luxury,20365868848
Matt Vargas,20367281634
Street Gang Music,20368694421
UN Human Rights,20370107207
Poonam Patil Rangoli,20371519993
wifistudy by Unacademy,20372932780
Jardier,20374345566
Winoboys,20375758352
Glass Reflection,20377171139
nikola zap,20378583925
BillyO,20379996711
Tapliasmy,20381409498
Shadrow,20382822284
Creative Experiment,20384235070
VoicesFromTheDark,20385647856
magicofmaking,subscriber_count
Nellis,20387060643
5-MINUTE MAGIC,20388473429
Mukul Sona MS,20389886215
TetraNinja,20391299002
Twirlywoos - WildBrain,20392711788
Virak Cooking,20394124574
Mirchi Murga,20395537361
Bay Area Buggs,20396950147
MockRock,20398362933
FergieVEVO,20399775720
Tom Scott,20401188506
Divorce Court,20402601292
Moner Moto Tv ,20404014079
Fact Fiend,20405426865
Trippie Redd,20406839651
Oneindia Hindi | वनइंडिया हिंदी,20408252438
williamVEVO,subscriber_count
Alexa Losey,20409665224
Cricket Universe,20411078010
TMDB,20412490797
Blaire White,20413903583
Caitlin Doughty,20415316369
Shelow Shaq,20416729156
TheSupercarSuspects,20418141942
Magnet World,20419554728
MAD SCIENCEen,20420967515
HowMany,20422380301
Ultimate Handyman,20423793087
Big Cat Rescue,20425205874
Desi Unplugged,20426618660
Hussain Manimegalai,20428031446
TheProphetsPath,20429444233
SLAM! - Music,20430857019
Melody House,subscriber_count
Fizzy Fun House - Fun Stories for Kids,20432269805
GeorgeMasonTV,20433682591
mrandrewcotter,20435095378
Darks Music Company,20436508164
Felix Rex,20437920950
James Aspey,20439333737
ZMOONCHILD,20440746523
GupShupp,20442159309
SuperSport,20443572096
BamaBass,20444984882
Top WARZONE Moments,20446397668
ScottHermanFitness,20447810455
Star Wars Theory,20449223241
Haroons,20450636027
Sony | Xperia,20452048814
Bubble Vision,20453461600
Jessii Vee,subscriber_count
Scouthedog1 Animations,20454874386
Game Changer Shorts,20456287173
Ankush Raja Official,20457699959
Josephat Gwajima RudishaTv,20459112745
PJiggles,20460525532
Jo's Tamil Health and Beauty,20461938318
Nodutu Lowa Wata,20463351104
Rhia Official,20464763891
Sri Ganesh Videos,20466176677
Doctor Tristan Peh,20467589463
Drumeo,20469002250
GEVids,20470415036
flugsnug,20471827822
Galeri Kereta,20473240609
AirPano VR,20474653395
Yummy Pastry,20476066181
Manal l منال,subscriber_count
AnimalistToo,20477478968
Grunge,20478891754
PentatonixVEVO,20480304540
Raymond Warner,20481717326
Ananda Vikatan,20483130113
OneUmmah,20484542899
Corey Vidal,20485955685
Ireland Boys Productions,20487368472
Shiloh & Bros,20488781258
Chris Hau,20490194044
Honda,20491606831
Angry Dad,20493019617
CyberLink,20494432403
misterdeity,20495845190
Guus Music,20497257976
Natkhat TV Hindi Tales & Rhymes,20498670762
Fine Digital Haryanvi,subscriber_count
The Relaxed Guy,20500083549
Ariana Grande - Topic,20501496335
Kaka,20502909121
Arcade Craniacs,20504321908
Military Archive,20505734694
Kentang_bayi,20507147480
LankyBox World,20508560267
Computerphile,20509973053
BrainLift,20511385839
Soolking Officiel,20512798626
Placeboeffecttv,20514211412
BadBoyHalo,20515624198
HellsDevil,20517036985
FlightExperience,20518449771
Epic Wildlife,20519862557
Mr Tumble and Friends,20521275344
Super Simple TV - Kids Shows & Cartoons,subscriber_count
InformOverload,20522688130
Rational Believer,20524100916
BS w/ Jake Paul,20525513703
Bass House Music,20526926489
Let's Crack UPSC CSE Hindi,20528339275
Punith,20529752061
FNBall,20531164848
Elvana Gjata,20532577634
FSRiko,20533990420
Codfish - Boots n' cats!,20535403207
Working with Lemons,20536815993
UNILAD,20538228779
The Organic Chemistry Tutor,20539641566
Zach and Michelle,20541054352
MMA Junkie,20542467138
SewVeryEasy,20543879925
Maverick,subscriber_count
SARAUNIYA TV,20545292711
TwoSetViolin,20546705497
Boldsky,20548118284
Citytv,20549531070
Ben Azelart,20550943856
Wrestling Hub,20552356643
Michael Reeves,20553769429
Raghav Digital,20555182215
CarsLatino,20556595002
North of the Border,20558007788
Gagsters,20559420574
Zoella,20560833361
CodeParade,20562246147
7Liwa,20563658933
JoergSprave,20565071720
IdunnGoddess,20566484506
Cars Garage,subscriber_count
lzuniy,20567897292
Zeus Polecat,20569310079
Nikocado Avocado 3,20570722865
Miki Rai,20572135651
MAD LAB,20573548438
Dan Gelbart,20574961224
ChooChoo's Story,20576374010
Oaktree Sports,20577786796
womenbeauty1,20579199583
Santan Dave,20580612369
Jay & Sharon,20582025155
RelaxAlax,20583437942
dankcube,20584850728
Football Australia,20586263514
Plainrock124,20587676301
Creativity Buzz,20589089087
Love Stories TV,subscriber_count
DashieXP,20590501873
ideaPack lk,20591914660
Juston Bibero,20593327446
Ed Citronnelli Ministries,20594740232
Piers Morgan Uncensored,20596153019
England,20597565805
BuzzFeed Unsolved Network,20598978591
Digga D,20600391378
JUSTKASS,20601804164
WorstPremadeEver,20603216950
SSOFTOONS KAHANIYA,20604629737
Trap Music Now,20606042523
Macklemore,20607455309
im_siowei,20608868096
SRS-RC,20610280882
Ayurved Samadhan,20611693668
laikathehusky,subscriber_count
The Voice UK,20613106455
Charlotte Dobre,20614519241
Jeff Jackson,20615932027
Hayley Morris,20617344814
CARS ARENA,20618757600
Gadgets 4 You,20620170386
HeyImBee,20621583173
Patto Bj,20622995959
Sarahs Day,20624408745
On The Hill,20625821531
Jatt Life Studios,20627234318
RedFrost Motivation,20628647104
FouFa Torino,20630059890
FrankValchiria,20631472677
Hey Duggee Official,20632885463
Bindas Fun,20634298249
Matt Maran Motoring,subscriber_count
morn1415,20635711036
TOI Sports,20637123822
10TV News Telugu,20638536608
Law&Crime Network,20639949395
Zedd,20641362181
oompaville,20642774967
Emmerdale,20644187754
Lucas the Spider,20645600540
채널 NCT DANCE,20647013326
TotallySketch,20648426113
The Economic Times,20649838899
The Studio Space,20651251685
Wix,20652664472
Junkyard Digs,20654077258
Riot The Red Fox & Friends,20655490044
Alex Sampson,20656902831
bebodyd,subscriber_count
TheFatRat,20658315617
Gravity Vibe,20659728403
Karolina Żebrowska,20661141190
Gary Barlow Official,20662553976
Half as Interesting,20663966762
Neha Mahida,20665379549
Jae & Trey Vlogs,20666792335
Learn English with Papa Teach Me,20668205121
internationally ME,20669617908
Mikey Tua,20671030694
Mangli Official,20672443480
BPC Media,20673856266
Totally Handy Shorts,20675269053
scrawny2brawny,20676681839
GoodyGrace,20678094625
Tariq Jamil,20679507412
Simply Ruksana,subscriber_count
News Tak,20680920198
zac alsop,20682332984
Clicky Crisp,20683745771
BirdTricks,20685158557
P4P WORKOUTS ,20686571343
Falz,20687984130
大树君TreeMan,20689396916
Rapido Explanation,20690809702
Vamos ART,20692222489
Will Paterson,20693635275
DisneyPlus Hotstar_IN,20695048061
NFL on NBC,20696460848
Little People - Fisher Price,20697873634
Tony Robbins,20699286420
Himalaya Personal Care,20700699207
edcunhaph,20702111993
Audi USA,subscriber_count
차은우 CHAEUNWOO,20703524779
Tukomi,20704937566
Arab Reality,20706350352
I Support Narendra Modi,20707763138
JavierNathaniel,20709175925
SGV Digital - Kannada Full Movies,20710588711
Mihdens,20712001497
The Second City,20713414284
Kids Tv Channel - Cartoon Videos for Kids,20714827070
TREASURE (트레저),20716239856
Hardwell,20717652643
Sebastian Javier,20719065429
Alumo Royalty Free Music,20720478215
Andy Hoops,20721891001
SkyFin Media,20723303788
Let Me Explain Studios,20724716574
richpin06a,subscriber_count
Soy Francisco ALV,20726129360
bateson87,20727542147
goomzilla,20728954933
BANGJBLOX,20730367719
Matthew Santoro,20731780506
MoreFPSRussia,20733193292
Max Funke,20734606078
Dad V Girls,20736018865
The Formal Edit,20737431651
EuroArtsChannel,20738844437
NotYourAverageFlight,20740257224
Bucks,20741670010
Bekaar Films,20743082796
MikeWillMadeitVEVO,20744495583
LockDownLife,20745908369
Onevilage,20747321155
Berm Peak Express,subscriber_count
Nik Nocturnal,20748733942
Queen Froggy,20750146728
Briggsy Sport Fishing,20751559514
Marvel Entertainment,20752972301
Cars.com,20754385087
Benjamin Beytekin - Construction Machinery & More,20755797873
Parks and Recreation,20757210660
Meliney Nail Art,20758623446
jacknjellify,20760036232
Hannah Trigwell,20761449019
timtimfed,20762861805
Qaziinc,20764274591
Anacrylics,20765687378
Gillian Scharf,20767100164
khordha toka,20768512950
Ragical the Unhallowed Knight,20769925736
Anuv Jain,subscriber_count
Liam Dowling,20771338523
Lopez Brothers,20772751309
Field Days,20774164095
Fugget About It - 9 Story,20775576882
CheezhOfficial,20776989668
Dinamitic,20778402454
California Academy of Sciences,20779815241
Deestroying,20781228027
Classic Mr Bean,20782640813
Moviez Adda,20784053600
PFI Speed,20785466386
Andrew Furmanczyk,20786879172
Haeppy Endings,20788291959
Mike Dee,20789704745
Luka Big Pants,20791117531
stacyvlogs,20792530318
Shintek Beats,subscriber_count
Dylan Lemay,20793943104
hanedafz,20795355890
Amit Bhadana Manoranjan,20796768677
Geekyranjit,20798181463
xHOUNDISHx,20799594249
King Games,20801007036
Porter Robinson,20802419822
Juan De Montreal - Asia Fan,20803832608
TechSource,20805245395
JianHao Tan,20806658181
Freememeskids,20808070967
blogilates,20809483754
The Gospel Coalition,20810896540
Ceeday,20812309326
rikki sandhu,20813722113
Claw Quest,20815134899
IndieVibes,subscriber_count
QPark,20816547685
Yahritza Y Su Esencia,20817960471
K-City Gaming,20819373258
MrSp3ctre,20820786044
Twiistz,20822198830
MTR Hong Kong,20823611617
Blueberry Lutein Cartoon,20825024403
SolarBalls,20826437189
MrEngineer,20827849976
throtl,20829262762
Nisha Lambha,20830675548
Pressplay Media,20832088335
KING OF THE STREETS,20833501121
Seema's Smart Kitchen,20834913907
Akash Parihar,20836326694
AutoTopNL,20837739480
Lindemann - Offiziell,subscriber_count
Write to the Top,20839152266
AnimationEpic,20840565053
SportsHD,20841977839
UrinatingTree,20843390625
Classic Mini Food,20844803412
BestClips,20846216198
Funny Elephant TV,20847628984
Vipin Maben,20849041771
The Berrics,20850454557
Flashcode,20851867343
Desiring God,20853280130
MediaTek,20854692916
4K4D Vid Studio,20856105702
FloderFlo K-Pop,20857518489
YelawolfVEVO,20858931275
Humpty the train,20860344061
B4U Mini Theatre,subscriber_count
Street Speed 717,20861756848
NAV Records,20863169634
Unreal,20864582420
2 Cats & 1 Doll,20865995206
NOAHFINNCE,20867407993
Flight Gamer,20868820779
Max's Monthly Challenge,20870233565
InsaneHoops,20871646352
Stan Sport Football,20873059138
Quanta Magazine,20874471924
Tones And I,20875884711
LosPollosTV,20877297497
Anaysa Shorts,20878710283
Animal Watch,20880123070
Raves,20881535856
Monica Nguyen,20882948642
Memenade,subscriber_count
Sean Paul,20884361429
Salomondrin,20885774215
Mahalok News Today,20887187001
Mr Sagoo,20888599788
Design Insider,20890012574
TWICE JAPAN OFFICIAL YouTube Channel,20891425360
KiraBerry,20892838147
Onyx Family,20894250933
T Sports,20895663719
Peppa Pig - Nursery Rhymes and Kids Songs,20897076506
Nationale Opera & Ballet,20898489292
Luke Kidgell,20899902078
KenDBerryMD,20901314865
Techy Musk,20902727651
Joeseppi,20904140437
Rockstar Gaming,20905553224
The Pat McAfee Show,subscriber_count
Brett Kingman,20906966010
Hooray Kids Songs & Nursery Rhymes,20908378796
TheLearningStation - Kids Songs and Nursery Rhymes,20909791583
Haarika & Hassine Creations,20911204369
ELINEL,20912617155
CBN News,20914029941
TechLinked,20915442728
VABUB,20916855514
FaZe Blaze,20918268300
sanjiv kumar,20919681087
Australia,20921093873
NowThis,20922506659
WOW ENGLISH,20923919446
BanditIncorporated,20925332232
The Canadian Lad,20926745018
Bishop Obinim Ministries,20928157805
MasterAquatics,subscriber_count
kickingmustang,20929570591
Huawei,20930983377
AquaVEVO,20932396164
Vat19,20933808950
TommyVODS,20935221736
Namita Agrawal,20936634523
The Nature Conservancy,20938047309
José Totoy in English (US),20939460095
Pokémon Clips,20940872882
Paul Taylor - Canal Plus - CANAL+,20942285668
Star Wars Tricks,20943698454
How To Cake It Step by Step,20945111241
JP Choudhary ,20946524027
Knox Artiste,20947936813
SOMOY TV Bulletin,20949349600
Lars Mars Cars,20950762386
IcompilationTV,subscriber_count
Pravin Koli,20952175172
Gruffalo World,20953587959
MunchingOrange,20955000745
Supercar Blondie,20956413531
PictureFit,20957826318
Dubai,20959239104
Pavan Ramya❤️,20960651890
iTamilNews,20962064676
letsdig18,20963477463
Four Seasons Hotels and Resorts,20964890249
Google Nest,20966303035
Nukazooka,20967715822
Pete Ruppert UNIVERSE,20969128608
Sadhguru,20970541394
George Pig,20971954181
realrosesarered,20973366967
Gratis,subscriber_count
Always Islam,20974779753
SP BBlover,20976192540
KichaaSDL,20977605326
Wildlife Adventure In हिन्दी,20979018112
Tank Fish,20980430899
Hyun's Dojo Community,20981843685
DigitalRev TV,20983256471
CAF TV,20984669258
Dating Beyond Borders,20986082044
Dharma Paddu 143,20987494830
Vinheteiro,20988907617
HD Songs Bollywood,20990320403
The Great War,20991733189
Make Calbe Laugh,20993145976
Nykaa,20994558762
elmaestro,20995971548
Howdini,subscriber_count
TC2,20997384335
ChemTrailsMN,20998797121
Armoured Skeptic,21000209907
Techmoan,21001622694
vrije geluiden,21003035480
Jennies Garage,21004448266
Invicta,21005861053
Parrot Cinema,21007273839
NJ.com,21008686625
Dark Side,21010099411
Muscle Vs Tuner,21011512198
Improv Everywhere,21012924984
The RawKnee Games,21014337770
Ayatee,21015750557
Andrew Wall,21017163343
BattleBots,21018576129
Super Style Tips,subscriber_count
Fukra Insaan,21019988916
Laila Tahri,21021401702
Marina Lin,21022814488
Flossy Carter,21024227275
Nas Daily,21025640061
Yong Ye,21027052847
Amy Lee (Amy Lee33),21028465634
Cookie Cutter,21029878420
Harrish krish,21031291206
"The Holy Land, by Zahi Shaked",21032703993
Mental Health Treatment,21034116779
Tipsy Bartender,21035529565
Pvz2 Gameplay,21036942352
ICYKOF,21038355138
Winshard Animations,21039767924
WayTwo,21041180711
Seventh-day Adventist Church,subscriber_count
Jason Magbanua Wedding Films,21042593497
Adam Celadin,21044006283
TeenWithTwins,21045419070
My Name Is Andong,21046831856
Deeper Christian Life Ministry,21048244642
Midway to Main Street,21049657429
Dragons' Den,21051070215
Hamza,21052483001
Rich Black Guy,21053895788
World Poker Tour,21055308574
American Red Cross,21056721360
周杰倫 Jay Chou,21058134146
Newsthink,21059546933
Pakistani Stage Dramas,21060959719
Little Love ,21062372505
Nail Career Education,21063785292
ShakTV,subscriber_count
Kevin Spacey,21065198078
Infinite Waters (Diving Deep),21066610864
MilesPerHr,21068023651
Walt Disney Animation Studios,21069436437
How To Beat,21070849223
Life With Umair,21072262010
StefanoBolis96,21073674796
Ak Collection ,21075087582
James Tristan Ruiz (Pinoy Swak sa Budget),21076500369
Damien Dawn,21077913155
Dekho Suno Jano,21079325941
Get Curried,21080738728
LandonProduction,21082151514
Samar Singh Official,21083564300
SVMM,21084977087
Zylbrad,21086389873
spotlight,subscriber_count
DAGames,21087802659
Daddy Goo Official ,21089215446
Circle Line Art School,21090628232
T and E,21092041018
Ford News Europe,21093453805
Saapattu Raman,21094866591
Samsung Levant,21096279377
Rebecca Rogers ,21097692164
54vbz Backstage,21099104950
CrossFit Games,21100517736
FunChannel,21101930523
EVER B,21103343309
iGadgetPro,21104756095
Jenna Bandy,21106168881
The Official Pokémon YouTube channel,21107581668
Anthony Gugliotta,21108994454
Amelia Dimoldenberg,subscriber_count
JayRockVEVO,21110407240
YG KRUNK,21111820027
Mister Maker,21113232813
GoldenArmor,21114645599
Nick's Strength and Power,21116058386
Spratt,21117471172
Chinki Minki,21118883958
Andrei Terbea,21120296745
Taste Food Life,21121709531
BIN ZAID GAMING,21123122317
이지금 [IU Official],21124535104
New Rockstars,21125947890
KingBach,21127360676
Link Up TV,21128773463
HNBMEDIAtv,21130186249
Benchmark Entertainment,21131599035
South China Morning Post,subscriber_count
reXpair,21133011822
Cher Lloyd,21134424608
Paritosh Shorts,21135837394
